text,tool_id,tool_name
How does string theory work?,tool_001,groq_gen_ask
Help me understand the stock market crash of 1929.,tool_001,groq_gen_ask
When did ancient Egypt happen?,tool_001,groq_gen_ask
Where did volcanoes originate?,tool_001,groq_gen_ask
I want to learn about the periodic table.,tool_001,groq_gen_ask
Summarize space exploration for me in a few sentences.,tool_001,groq_gen_ask
Could you summarize blockchain technology?,tool_001,groq_gen_ask
Tell me about the moon landing.,tool_001,groq_gen_ask
What is the French Revolution?,tool_001,groq_gen_ask
What's the weather usually like in Greece?,tool_001,groq_gen_ask
Who discovered supply and demand?,tool_001,groq_gen_ask
What's the significance of blockchain technology?,tool_001,groq_gen_ask
Please explain the human immune system.,tool_001,groq_gen_ask
Tell me about the solar system.,tool_001,groq_gen_ask
I have a question about dark matter.,tool_001,groq_gen_ask
What's the deal with the theory of relativity?,tool_001,groq_gen_ask
Who is the president of China?,tool_001,groq_gen_ask
Who discovered electric cars?,tool_001,groq_gen_ask
What are the causes of the French Revolution?,tool_001,groq_gen_ask
What are the causes of dark matter?,tool_001,groq_gen_ask
What is the Amazon rainforest?,tool_001,groq_gen_ask
Give me the key facts about evolution.,tool_001,groq_gen_ask
Tell me a fun fact about China.,tool_001,groq_gen_ask
Explain the origins of language to me in simple terms.,tool_001,groq_gen_ask
Break down cryptocurrency for me.,tool_001,groq_gen_ask
How does the immune system work?,tool_001,groq_gen_ask
Can you give me some info on the Cold War?,tool_001,groq_gen_ask
Break down the Great Depression for me.,tool_001,groq_gen_ask
Give me a summary of World War II.,tool_001,groq_gen_ask
Where did evolution originate?,tool_001,groq_gen_ask
How does the solar system work?,tool_001,groq_gen_ask
Where did photosynthesis originate?,tool_001,groq_gen_ask
What happened during the American Civil War?,tool_001,groq_gen_ask
Can you explain renewable energy?,tool_001,groq_gen_ask
Give me a summary of genetic engineering.,tool_001,groq_gen_ask
Who discovered the Great Depression?,tool_001,groq_gen_ask
Could you summarize the Roman Empire?,tool_001,groq_gen_ask
Can you give me some info on machine learning?,tool_001,groq_gen_ask
Explain the Byzantine Empire to me in simple terms.,tool_001,groq_gen_ask
Give me a summary of the Cold War.,tool_001,groq_gen_ask
What happened during the industrial revolution?,tool_001,groq_gen_ask
What's the weather usually like in Canada?,tool_001,groq_gen_ask
Where did supply and demand originate?,tool_001,groq_gen_ask
Give me the key facts about the French Revolution.,tool_001,groq_gen_ask
What's the significance of the theory of relativity?,tool_001,groq_gen_ask
How many people live in Italy?,tool_001,groq_gen_ask
I have a question about the Great Depression.,tool_001,groq_gen_ask
Break down quantum computing for me.,tool_001,groq_gen_ask
Where did gravity originate?,tool_001,groq_gen_ask
Could you summarize the stock market crash of 1929?,tool_001,groq_gen_ask
Break down the Amazon rainforest for me.,tool_001,groq_gen_ask
What are the causes of the immune system?,tool_001,groq_gen_ask
What language do they speak in Italy?,tool_001,groq_gen_ask
Give me the key facts about the origins of language.,tool_001,groq_gen_ask
What is machine learning?,tool_001,groq_gen_ask
Who is the president of Canada?,tool_001,groq_gen_ask
Who is the president of France?,tool_001,groq_gen_ask
What's the significance of ancient Egypt?,tool_001,groq_gen_ask
Break down ancient Egypt for me.,tool_001,groq_gen_ask
How does the Berlin Wall work?,tool_001,groq_gen_ask
What's the deal with the big bang theory?,tool_001,groq_gen_ask
Can you explain vaccines?,tool_001,groq_gen_ask
Give me the key facts about tectonic plates.,tool_001,groq_gen_ask
Help me understand nuclear energy.,tool_001,groq_gen_ask
Summarize DNA replication for me in a few sentences.,tool_001,groq_gen_ask
Could you summarize the Great Depression?,tool_001,groq_gen_ask
Can you give me some info on volcanoes?,tool_001,groq_gen_ask
What happened during the human immune system?,tool_001,groq_gen_ask
Explain earthquakes to me in simple terms.,tool_001,groq_gen_ask
What do you know about the Berlin Wall?,tool_001,groq_gen_ask
Help me understand the Amazon rainforest.,tool_001,groq_gen_ask
When did the water cycle happen?,tool_001,groq_gen_ask
How many people live in Turkey?,tool_001,groq_gen_ask
What do you know about the Roman Empire?,tool_001,groq_gen_ask
Explain nuclear energy to me in simple terms.,tool_001,groq_gen_ask
Can you give me some info on the history of jazz?,tool_001,groq_gen_ask
What are the causes of genetic engineering?,tool_001,groq_gen_ask
Help me understand black holes.,tool_001,groq_gen_ask
Who is the president of Turkey?,tool_001,groq_gen_ask
What's the weather usually like in Norway?,tool_001,groq_gen_ask
Tell me about the Ottoman Empire.,tool_001,groq_gen_ask
When did DNA replication happen?,tool_001,groq_gen_ask
What's the history behind quantum computing?,tool_001,groq_gen_ask
Tell me about the Byzantine Empire.,tool_001,groq_gen_ask
What is photosynthesis?,tool_001,groq_gen_ask
What's the significance of electric cars?,tool_001,groq_gen_ask
Who is the president of Mexico?,tool_001,groq_gen_ask
What's the significance of string theory?,tool_001,groq_gen_ask
Help me understand machine learning.,tool_001,groq_gen_ask
What happened during electric cars?,tool_001,groq_gen_ask
Give me the key facts about the history of jazz.,tool_001,groq_gen_ask
Give me the key facts about supply and demand.,tool_001,groq_gen_ask
Give me the key facts about renewable energy.,tool_001,groq_gen_ask
What's the weather usually like in Russia?,tool_001,groq_gen_ask
Explain the water cycle to me in simple terms.,tool_001,groq_gen_ask
Who discovered tectonic plates?,tool_001,groq_gen_ask
What do you know about the solar system?,tool_001,groq_gen_ask
Can you explain photosynthesis?,tool_001,groq_gen_ask
Explain the printing press to me in simple terms.,tool_001,groq_gen_ask
I want to learn about space exploration.,tool_001,groq_gen_ask
What is the capital of Thailand?,tool_001,groq_gen_ask
Could you summarize the printing press?,tool_001,groq_gen_ask
Could you summarize the water cycle?,tool_001,groq_gen_ask
What's the significance of the American Civil War?,tool_001,groq_gen_ask
What's the history behind the Great Wall of China?,tool_001,groq_gen_ask
Can you give me some info on the human immune system?,tool_001,groq_gen_ask
Can you give me some info on neural networks?,tool_001,groq_gen_ask
Help me understand genetic engineering.,tool_001,groq_gen_ask
What is China famous for?,tool_001,groq_gen_ask
Who discovered black holes?,tool_001,groq_gen_ask
Help me understand volcanoes.,tool_001,groq_gen_ask
Who discovered the Roman Empire?,tool_001,groq_gen_ask
Summarize artificial intelligence for me in a few sentences.,tool_001,groq_gen_ask
Give me the key facts about electric cars.,tool_001,groq_gen_ask
Help me understand DNA replication.,tool_001,groq_gen_ask
Tell me about the French Revolution.,tool_001,groq_gen_ask
I have a question about World War I.,tool_001,groq_gen_ask
What is South Korea famous for?,tool_001,groq_gen_ask
What happened during the internet?,tool_001,groq_gen_ask
What happened during nuclear energy?,tool_001,groq_gen_ask
Please explain the Berlin Wall.,tool_001,groq_gen_ask
Explain volcanoes to me in simple terms.,tool_001,groq_gen_ask
Can you give me some info on the water cycle?,tool_001,groq_gen_ask
Give me a summary of black holes.,tool_001,groq_gen_ask
Tell me a fun fact about Turkey.,tool_001,groq_gen_ask
I want to learn about the human immune system.,tool_001,groq_gen_ask
Summarize the Amazon rainforest for me in a few sentences.,tool_001,groq_gen_ask
When did volcanoes happen?,tool_001,groq_gen_ask
What is Germany famous for?,tool_001,groq_gen_ask
Tell me a fun fact about Germany.,tool_001,groq_gen_ask
How does blockchain technology work?,tool_001,groq_gen_ask
What are the causes of the Cold War?,tool_001,groq_gen_ask
Can you explain global warming?,tool_001,groq_gen_ask
What's the weather usually like in Argentina?,tool_001,groq_gen_ask
What happened during global warming?,tool_001,groq_gen_ask
I want to learn about the Byzantine Empire.,tool_001,groq_gen_ask
What's the history behind supply and demand?,tool_001,groq_gen_ask
Help me understand photosynthesis.,tool_001,groq_gen_ask
How does the stock market work?,tool_001,groq_gen_ask
What do you know about vaccines?,tool_001,groq_gen_ask
What happened during the solar system?,tool_001,groq_gen_ask
Tell me about renewable energy.,tool_001,groq_gen_ask
What are the causes of photosynthesis in plants?,tool_001,groq_gen_ask
Where did blockchain technology originate?,tool_001,groq_gen_ask
When did the periodic table happen?,tool_001,groq_gen_ask
Could you summarize the Byzantine Empire?,tool_001,groq_gen_ask
How does gravity work?,tool_001,groq_gen_ask
Please explain antibiotics.,tool_001,groq_gen_ask
What are the causes of the human brain?,tool_001,groq_gen_ask
Tell me about the Renaissance.,tool_001,groq_gen_ask
Help me understand the French language.,tool_001,groq_gen_ask
What language do they speak in Norway?,tool_001,groq_gen_ask
Tell me about the periodic table.,tool_001,groq_gen_ask
Help me understand the origins of language.,tool_001,groq_gen_ask
How does volcanoes work?,tool_001,groq_gen_ask
Give me a summary of the French Revolution.,tool_001,groq_gen_ask
What happened during World War II?,tool_001,groq_gen_ask
Break down the French Revolution's causes for me.,tool_001,groq_gen_ask
Can you explain the stock market crash of 1929?,tool_001,groq_gen_ask
What is the Roman Empire?,tool_001,groq_gen_ask
I want to learn about the immune system.,tool_001,groq_gen_ask
Why is the internet important?,tool_001,groq_gen_ask
What do you know about genetic engineering?,tool_001,groq_gen_ask
Could you summarize nuclear energy?,tool_001,groq_gen_ask
I have a question about the origins of language.,tool_001,groq_gen_ask
Can you explain photosynthesis in plants?,tool_001,groq_gen_ask
Can you give me some info on the industrial revolution?,tool_001,groq_gen_ask
Where did antibiotics originate?,tool_001,groq_gen_ask
Give me a summary of the immune system.,tool_001,groq_gen_ask
Tell me about tectonic plates.,tool_001,groq_gen_ask
What are the causes of blockchain technology?,tool_001,groq_gen_ask
Break down the theory of relativity for me.,tool_001,groq_gen_ask
Tell me a fun fact about Kenya.,tool_001,groq_gen_ask
Break down neural networks for me.,tool_001,groq_gen_ask
I have a question about global warming.,tool_001,groq_gen_ask
Give me the key facts about string theory.,tool_001,groq_gen_ask
Give me a summary of the Amazon rainforest.,tool_001,groq_gen_ask
I have a question about quantum computing.,tool_001,groq_gen_ask
What's the significance of cryptocurrency?,tool_001,groq_gen_ask
Give me a summary of the French language.,tool_001,groq_gen_ask
Summarize earthquakes for me in a few sentences.,tool_001,groq_gen_ask
How does cryptocurrency work?,tool_001,groq_gen_ask
What's the significance of the printing press?,tool_001,groq_gen_ask
Please explain dark matter.,tool_001,groq_gen_ask
What are the causes of vaccines?,tool_001,groq_gen_ask
What are the causes of the Amazon rainforest?,tool_001,groq_gen_ask
Give me a summary of the Great Depression.,tool_001,groq_gen_ask
What is India famous for?,tool_001,groq_gen_ask
Give me the key facts about the Cold War.,tool_001,groq_gen_ask
Give me the key facts about the Renaissance.,tool_001,groq_gen_ask
Explain the periodic table to me in simple terms.,tool_001,groq_gen_ask
Who is the president of Spain?,tool_001,groq_gen_ask
Help me understand the industrial revolution.,tool_001,groq_gen_ask
What language do they speak in Russia?,tool_001,groq_gen_ask
What happened during World War I?,tool_001,groq_gen_ask
I have a question about evolution.,tool_001,groq_gen_ask
Can you explain climate change?,tool_001,groq_gen_ask
I have a question about tectonic plates.,tool_001,groq_gen_ask
I want to learn about vaccines.,tool_001,groq_gen_ask
Help me understand renewable energy.,tool_001,groq_gen_ask
What language do they speak in Japan?,tool_001,groq_gen_ask
What do you know about World War II?,tool_001,groq_gen_ask
What's the significance of renewable energy?,tool_001,groq_gen_ask
What is the capital of Russia?,tool_001,groq_gen_ask
Break down the Byzantine Empire for me.,tool_001,groq_gen_ask
Who discovered World War I?,tool_001,groq_gen_ask
What are the causes of tectonic plates?,tool_001,groq_gen_ask
Give me a summary of the Byzantine Empire.,tool_001,groq_gen_ask
Please explain earthquakes.,tool_001,groq_gen_ask
What's the deal with the French Revolution's causes?,tool_001,groq_gen_ask
Give me a summary of the French Revolution's causes.,tool_001,groq_gen_ask
How does the Amazon rainforest work?,tool_001,groq_gen_ask
What language do they speak in France?,tool_001,groq_gen_ask
Help me understand the theory of relativity.,tool_001,groq_gen_ask
What are the causes of the French language?,tool_001,groq_gen_ask
When did the Great Depression happen?,tool_001,groq_gen_ask
What's the weather usually like in Turkey?,tool_001,groq_gen_ask
Break down earthquakes for me.,tool_001,groq_gen_ask
What's the history behind the periodic table?,tool_001,groq_gen_ask
Please explain photosynthesis.,tool_001,groq_gen_ask
What's the deal with nuclear energy?,tool_001,groq_gen_ask
Can you give me some info on the stock market crash of 1929?,tool_001,groq_gen_ask
Please explain the stock market crash of 1929.,tool_001,groq_gen_ask
When did machine learning happen?,tool_001,groq_gen_ask
What's the deal with earthquakes?,tool_001,groq_gen_ask
Where did ancient Egypt originate?,tool_001,groq_gen_ask
Tell me about global warming.,tool_001,groq_gen_ask
How does the Renaissance work?,tool_001,groq_gen_ask
How does the Cold War work?,tool_001,groq_gen_ask
What is the Berlin Wall?,tool_001,groq_gen_ask
Why is electric cars important?,tool_001,groq_gen_ask
What are the causes of photosynthesis?,tool_001,groq_gen_ask
I want to learn about dark matter.,tool_001,groq_gen_ask
Why is DNA replication important?,tool_001,groq_gen_ask
Where did the Great Depression originate?,tool_001,groq_gen_ask
Give me the key facts about antibiotics.,tool_001,groq_gen_ask
Can you give me some info on artificial intelligence?,tool_001,groq_gen_ask
What's the significance of the origins of language?,tool_001,groq_gen_ask
What language do they speak in Egypt?,tool_001,groq_gen_ask
Why is antibiotics important?,tool_001,groq_gen_ask
What's the deal with the Byzantine Empire?,tool_001,groq_gen_ask
Who discovered genetic engineering?,tool_001,groq_gen_ask
What is gravity?,tool_001,groq_gen_ask
Please explain the Great Depression.,tool_001,groq_gen_ask
Give me a summary of the human brain.,tool_001,groq_gen_ask
Break down gravity for me.,tool_001,groq_gen_ask
What is the capital of Turkey?,tool_001,groq_gen_ask
Who is the president of Greece?,tool_001,groq_gen_ask
What do you know about World War I?,tool_001,groq_gen_ask
What happened during the periodic table?,tool_001,groq_gen_ask
Who discovered neural networks?,tool_001,groq_gen_ask
Where did tectonic plates originate?,tool_001,groq_gen_ask
Tell me a fun fact about Japan.,tool_001,groq_gen_ask
When did neural networks happen?,tool_001,groq_gen_ask
What's the significance of gravity?,tool_001,groq_gen_ask
Explain the Cold War to me in simple terms.,tool_001,groq_gen_ask
What are the causes of the human immune system?,tool_001,groq_gen_ask
Who is the president of Australia?,tool_001,groq_gen_ask
Who discovered the printing press?,tool_001,groq_gen_ask
What language do they speak in Brazil?,tool_001,groq_gen_ask
What's the significance of neural networks?,tool_001,groq_gen_ask
How does the Ottoman Empire work?,tool_001,groq_gen_ask
Tell me about the human brain.,tool_001,groq_gen_ask
Break down tectonic plates for me.,tool_001,groq_gen_ask
Can you explain cryptocurrency?,tool_001,groq_gen_ask
Help me understand evolution.,tool_001,groq_gen_ask
What is the internet?,tool_001,groq_gen_ask
Could you summarize the stock market?,tool_001,groq_gen_ask
When did the history of jazz happen?,tool_001,groq_gen_ask
Summarize quantum computing for me in a few sentences.,tool_001,groq_gen_ask
Explain the Roman Empire to me in simple terms.,tool_001,groq_gen_ask
I want to learn about electric cars.,tool_001,groq_gen_ask
Explain World War I to me in simple terms.,tool_001,groq_gen_ask
Give me a summary of machine learning.,tool_001,groq_gen_ask
What's the significance of the Renaissance?,tool_001,groq_gen_ask
What do you know about the American Civil War?,tool_001,groq_gen_ask
When did artificial intelligence happen?,tool_001,groq_gen_ask
What language do they speak in Turkey?,tool_001,groq_gen_ask
How many people live in Egypt?,tool_001,groq_gen_ask
How many people live in South Korea?,tool_001,groq_gen_ask
Give me the key facts about vaccines.,tool_001,groq_gen_ask
I want to learn about climate change.,tool_001,groq_gen_ask
What happened during the printing press?,tool_001,groq_gen_ask
What language do they speak in Australia?,tool_001,groq_gen_ask
I have a question about gravity.,tool_001,groq_gen_ask
Can you explain the solar system?,tool_001,groq_gen_ask
Please explain tectonic plates.,tool_001,groq_gen_ask
What is quantum computing?,tool_001,groq_gen_ask
Please explain climate change.,tool_001,groq_gen_ask
Summarize the printing press for me in a few sentences.,tool_001,groq_gen_ask
Tell me about genetic engineering.,tool_001,groq_gen_ask
What's the significance of tectonic plates?,tool_001,groq_gen_ask
How many people live in Australia?,tool_001,groq_gen_ask
Break down supply and demand for me.,tool_001,groq_gen_ask
I want to learn about the French Revolution.,tool_001,groq_gen_ask
Could you summarize machine learning?,tool_001,groq_gen_ask
Who is the president of Russia?,tool_001,groq_gen_ask
Please explain electric cars.,tool_001,groq_gen_ask
What's the deal with ancient Egypt?,tool_001,groq_gen_ask
Summarize the stock market for me in a few sentences.,tool_001,groq_gen_ask
How does the Great Depression work?,tool_001,groq_gen_ask
Give me a summary of the American Civil War.,tool_001,groq_gen_ask
Can you explain the Great Wall of China?,tool_001,groq_gen_ask
Can you explain the history of jazz?,tool_001,groq_gen_ask
Break down the history of jazz for me.,tool_001,groq_gen_ask
What are the causes of World War II?,tool_001,groq_gen_ask
Where did the stock market crash of 1929 originate?,tool_001,groq_gen_ask
How does DNA replication work?,tool_001,groq_gen_ask
What happened during the French Revolution's causes?,tool_001,groq_gen_ask
I have a question about genetic engineering.,tool_001,groq_gen_ask
Can you explain evolution?,tool_001,groq_gen_ask
Can you explain neural networks?,tool_001,groq_gen_ask
Please explain machine learning.,tool_001,groq_gen_ask
Where did World War II originate?,tool_001,groq_gen_ask
What's the deal with the French Revolution?,tool_001,groq_gen_ask
Why is the Silk Road important?,tool_001,groq_gen_ask
I want to learn about the Renaissance.,tool_001,groq_gen_ask
Help me understand artificial intelligence.,tool_001,groq_gen_ask
Could you summarize the Berlin Wall?,tool_001,groq_gen_ask
Please explain the French language.,tool_001,groq_gen_ask
Where did the Silk Road originate?,tool_001,groq_gen_ask
What happened during artificial intelligence?,tool_001,groq_gen_ask
What do you know about DNA replication?,tool_001,groq_gen_ask
Please explain the water cycle.,tool_001,groq_gen_ask
Explain the Silk Road to me in simple terms.,tool_001,groq_gen_ask
What's the significance of the industrial revolution?,tool_001,groq_gen_ask
Please explain the Byzantine Empire.,tool_001,groq_gen_ask
What is the capital of China?,tool_001,groq_gen_ask
When did the Ottoman Empire happen?,tool_001,groq_gen_ask
Give me the key facts about the Silk Road.,tool_001,groq_gen_ask
Explain the French language to me in simple terms.,tool_001,groq_gen_ask
Please explain black holes.,tool_001,groq_gen_ask
What's the deal with the Great Wall of China?,tool_001,groq_gen_ask
What is the moon landing?,tool_001,groq_gen_ask
I have a question about the human immune system.,tool_001,groq_gen_ask
Tell me about the human immune system.,tool_001,groq_gen_ask
What are the causes of gravity?,tool_001,groq_gen_ask
Help me understand blockchain technology.,tool_001,groq_gen_ask
I have a question about renewable energy.,tool_001,groq_gen_ask
I want to learn about the solar system.,tool_001,groq_gen_ask
Explain antibiotics to me in simple terms.,tool_001,groq_gen_ask
I want to learn about the Berlin Wall.,tool_001,groq_gen_ask
Please explain the industrial revolution.,tool_001,groq_gen_ask
Help me understand the internet.,tool_001,groq_gen_ask
What happened during the water cycle?,tool_001,groq_gen_ask
Could you summarize string theory?,tool_001,groq_gen_ask
Give me the key facts about global warming.,tool_001,groq_gen_ask
Summarize photosynthesis for me in a few sentences.,tool_001,groq_gen_ask
Who discovered antibiotics?,tool_001,groq_gen_ask
What is the capital of Spain?,tool_001,groq_gen_ask
What's the weather usually like in China?,tool_001,groq_gen_ask
What's the significance of the Berlin Wall?,tool_001,groq_gen_ask
Explain the history of jazz to me in simple terms.,tool_001,groq_gen_ask
I have a question about cryptocurrency.,tool_001,groq_gen_ask
Can you give me some info on the printing press?,tool_001,groq_gen_ask
What are the causes of the solar system?,tool_001,groq_gen_ask
Who discovered cryptocurrency?,tool_001,groq_gen_ask
When did the origins of language happen?,tool_001,groq_gen_ask
Who is the president of Kenya?,tool_001,groq_gen_ask
What are the causes of the internet?,tool_001,groq_gen_ask
Help me understand the printing press.,tool_001,groq_gen_ask
What do you know about the theory of relativity?,tool_001,groq_gen_ask
What language do they speak in Canada?,tool_001,groq_gen_ask
How does genetic engineering work?,tool_001,groq_gen_ask
Why is the stock market important?,tool_001,groq_gen_ask
Who is the president of Brazil?,tool_001,groq_gen_ask
How many people live in Norway?,tool_001,groq_gen_ask
I want to learn about earthquakes.,tool_001,groq_gen_ask
Give me a summary of the history of jazz.,tool_001,groq_gen_ask
Help me understand gravity.,tool_001,groq_gen_ask
I want to learn about the Cold War.,tool_001,groq_gen_ask
Who discovered the Byzantine Empire?,tool_001,groq_gen_ask
Who is the president of India?,tool_001,groq_gen_ask
What are the causes of climate change?,tool_001,groq_gen_ask
Can you explain the Cold War?,tool_001,groq_gen_ask
Tell me about vaccines.,tool_001,groq_gen_ask
What is the capital of Germany?,tool_001,groq_gen_ask
Tell me a fun fact about Spain.,tool_001,groq_gen_ask
What do you know about photosynthesis?,tool_001,groq_gen_ask
I have a question about the human brain.,tool_001,groq_gen_ask
Tell me a fun fact about Thailand.,tool_001,groq_gen_ask
What are the causes of black holes?,tool_001,groq_gen_ask
What do you know about the immune system?,tool_001,groq_gen_ask
Who is the president of Italy?,tool_001,groq_gen_ask
What's the history behind the moon landing?,tool_001,groq_gen_ask
What are the causes of supply and demand?,tool_001,groq_gen_ask
What is the history of jazz?,tool_001,groq_gen_ask
Why is volcanoes important?,tool_001,groq_gen_ask
What happened during the origins of language?,tool_001,groq_gen_ask
Why is earthquakes important?,tool_001,groq_gen_ask
Can you explain the internet?,tool_001,groq_gen_ask
Could you summarize World War I?,tool_001,groq_gen_ask
Can you explain earthquakes?,tool_001,groq_gen_ask
Tell me a fun fact about Norway.,tool_001,groq_gen_ask
What's the deal with the stock market?,tool_001,groq_gen_ask
Break down the stock market for me.,tool_001,groq_gen_ask
How does the Byzantine Empire work?,tool_001,groq_gen_ask
What is the Great Depression?,tool_001,groq_gen_ask
Tell me a fun fact about Russia.,tool_001,groq_gen_ask
Who discovered the French Revolution?,tool_001,groq_gen_ask
Break down the moon landing for me.,tool_001,groq_gen_ask
Where did the Byzantine Empire originate?,tool_001,groq_gen_ask
Can you explain dark matter?,tool_001,groq_gen_ask
Can you give me some info on genetic engineering?,tool_001,groq_gen_ask
Explain gravity to me in simple terms.,tool_001,groq_gen_ask
What's the weather usually like in Mexico?,tool_001,groq_gen_ask
What's the deal with the human immune system?,tool_001,groq_gen_ask
Give me a summary of the stock market crash of 1929.,tool_001,groq_gen_ask
What's the significance of the Cold War?,tool_001,groq_gen_ask
What do you know about the internet?,tool_001,groq_gen_ask
What is Thailand famous for?,tool_001,groq_gen_ask
Summarize nuclear energy for me in a few sentences.,tool_001,groq_gen_ask
Could you summarize quantum computing?,tool_001,groq_gen_ask
When did antibiotics happen?,tool_001,groq_gen_ask
What's the history behind nuclear energy?,tool_001,groq_gen_ask
What's the significance of artificial intelligence?,tool_001,groq_gen_ask
What's the history behind the solar system?,tool_001,groq_gen_ask
Why is tectonic plates important?,tool_001,groq_gen_ask
Could you summarize volcanoes?,tool_001,groq_gen_ask
What's the significance of the Great Wall of China?,tool_001,groq_gen_ask
When did gravity happen?,tool_001,groq_gen_ask
What is the capital of Italy?,tool_001,groq_gen_ask
What is Argentina famous for?,tool_001,groq_gen_ask
What language do they speak in China?,tool_001,groq_gen_ask
I want to learn about neural networks.,tool_001,groq_gen_ask
What's the weather usually like in Egypt?,tool_001,groq_gen_ask
Give me a summary of the origins of language.,tool_001,groq_gen_ask
Can you give me some info on World War II?,tool_001,groq_gen_ask
Who discovered earthquakes?,tool_001,groq_gen_ask
What's the deal with gravity?,tool_001,groq_gen_ask
What's the history behind the theory of relativity?,tool_001,groq_gen_ask
Give me the key facts about earthquakes.,tool_001,groq_gen_ask
How does antibiotics work?,tool_001,groq_gen_ask
What's the deal with the American Civil War?,tool_001,groq_gen_ask
What happened during evolution?,tool_001,groq_gen_ask
How many people live in Mexico?,tool_001,groq_gen_ask
Could you summarize the moon landing?,tool_001,groq_gen_ask
What language do they speak in Kenya?,tool_001,groq_gen_ask
Can you explain quantum computing?,tool_001,groq_gen_ask
Where did the French language originate?,tool_001,groq_gen_ask
Give me the key facts about quantum computing.,tool_001,groq_gen_ask
How many people live in Argentina?,tool_001,groq_gen_ask
Can you give me some info on the Amazon rainforest?,tool_001,groq_gen_ask
Could you summarize the origins of language?,tool_001,groq_gen_ask
Where did the French Revolution originate?,tool_001,groq_gen_ask
How many people live in Kenya?,tool_001,groq_gen_ask
Who is the president of Egypt?,tool_001,groq_gen_ask
What happened during space exploration?,tool_001,groq_gen_ask
What are the causes of the Roman Empire?,tool_001,groq_gen_ask
Help me understand the Roman Empire.,tool_001,groq_gen_ask
What's the deal with the immune system?,tool_001,groq_gen_ask
Tell me about the Roman Empire.,tool_001,groq_gen_ask
Give me a summary of nuclear energy.,tool_001,groq_gen_ask
Break down space exploration for me.,tool_001,groq_gen_ask
What's the significance of the Silk Road?,tool_001,groq_gen_ask
Give me a summary of photosynthesis in plants.,tool_001,groq_gen_ask
What's the weather usually like in Japan?,tool_001,groq_gen_ask
I have a question about the Byzantine Empire.,tool_001,groq_gen_ask
How many people live in Russia?,tool_001,groq_gen_ask
What language do they speak in South Korea?,tool_001,groq_gen_ask
What is volcanoes?,tool_001,groq_gen_ask
What is the French Revolution's causes?,tool_001,groq_gen_ask
What are the causes of the printing press?,tool_001,groq_gen_ask
Help me understand tectonic plates.,tool_001,groq_gen_ask
I have a question about the big bang theory.,tool_001,groq_gen_ask
What do you know about blockchain technology?,tool_001,groq_gen_ask
Please explain the Renaissance.,tool_001,groq_gen_ask
What is the periodic table?,tool_001,groq_gen_ask
Tell me about supply and demand.,tool_001,groq_gen_ask
Tell me a fun fact about Greece.,tool_001,groq_gen_ask
What is Italy famous for?,tool_001,groq_gen_ask
What's the history behind the big bang theory?,tool_001,groq_gen_ask
What do you know about the Renaissance?,tool_001,groq_gen_ask
What's the history behind DNA replication?,tool_001,groq_gen_ask
What's the history behind the Berlin Wall?,tool_001,groq_gen_ask
Can you explain antibiotics?,tool_001,groq_gen_ask
How many people live in Spain?,tool_001,groq_gen_ask
Who discovered the water cycle?,tool_001,groq_gen_ask
What is the capital of Brazil?,tool_001,groq_gen_ask
What's the significance of antibiotics?,tool_001,groq_gen_ask
What's the significance of the human brain?,tool_001,groq_gen_ask
What is the French language?,tool_001,groq_gen_ask
Summarize the history of jazz for me in a few sentences.,tool_001,groq_gen_ask
Can you explain the human immune system?,tool_001,groq_gen_ask
Who discovered gravity?,tool_001,groq_gen_ask
What happened during antibiotics?,tool_001,groq_gen_ask
What are the causes of the French Revolution's causes?,tool_001,groq_gen_ask
I have a question about the French language.,tool_001,groq_gen_ask
What's the deal with the origins of language?,tool_001,groq_gen_ask
Who is the president of Thailand?,tool_001,groq_gen_ask
Explain space exploration to me in simple terms.,tool_001,groq_gen_ask
What's the deal with the Ottoman Empire?,tool_001,groq_gen_ask
What are the causes of the industrial revolution?,tool_001,groq_gen_ask
What is the origins of language?,tool_001,groq_gen_ask
Could you summarize the French Revolution's causes?,tool_001,groq_gen_ask
What language do they speak in Germany?,tool_001,groq_gen_ask
What's the history behind the Great Depression?,tool_001,groq_gen_ask
Give me the key facts about nuclear energy.,tool_001,groq_gen_ask
Help me understand the Silk Road.,tool_001,groq_gen_ask
Break down blockchain technology for me.,tool_001,groq_gen_ask
I want to learn about the American Civil War.,tool_001,groq_gen_ask
Please explain the immune system.,tool_001,groq_gen_ask
What language do they speak in India?,tool_001,groq_gen_ask
Help me understand space exploration.,tool_001,groq_gen_ask
How many people live in Canada?,tool_001,groq_gen_ask
What's the significance of the Ottoman Empire?,tool_001,groq_gen_ask
What is genetic engineering?,tool_001,groq_gen_ask
What's the weather usually like in Italy?,tool_001,groq_gen_ask
Give me the key facts about climate change.,tool_001,groq_gen_ask
What's the deal with the human brain?,tool_001,groq_gen_ask
I want to learn about supply and demand.,tool_001,groq_gen_ask
What's the history behind earthquakes?,tool_001,groq_gen_ask
How does the stock market crash of 1929 work?,tool_001,groq_gen_ask
What happened during the stock market?,tool_001,groq_gen_ask
Tell me about nuclear energy.,tool_001,groq_gen_ask
Break down climate change for me.,tool_001,groq_gen_ask
How does the origins of language work?,tool_001,groq_gen_ask
How does the Great Wall of China work?,tool_001,groq_gen_ask
I want to learn about World War I.,tool_001,groq_gen_ask
Summarize the stock market crash of 1929 for me in a few sentences.,tool_001,groq_gen_ask
Please explain the Amazon rainforest.,tool_001,groq_gen_ask
Give me the key facts about neural networks.,tool_001,groq_gen_ask
How does evolution work?,tool_001,groq_gen_ask
What's the history behind vaccines?,tool_001,groq_gen_ask
What's the weather usually like in Thailand?,tool_001,groq_gen_ask
What happened during machine learning?,tool_001,groq_gen_ask
What language do they speak in Mexico?,tool_001,groq_gen_ask
Why is the industrial revolution important?,tool_001,groq_gen_ask
I want to learn about evolution.,tool_001,groq_gen_ask
Why is blockchain technology important?,tool_001,groq_gen_ask
Help me understand neural networks.,tool_001,groq_gen_ask
What's the weather usually like in Spain?,tool_001,groq_gen_ask
Explain the human brain to me in simple terms.,tool_001,groq_gen_ask
What's the deal with the Great Depression?,tool_001,groq_gen_ask
Can you give me some info on the Ottoman Empire?,tool_001,groq_gen_ask
Tell me a fun fact about Mexico.,tool_001,groq_gen_ask
Can you give me some info on the moon landing?,tool_001,groq_gen_ask
When did World War II happen?,tool_001,groq_gen_ask
When did the Renaissance happen?,tool_001,groq_gen_ask
I want to learn about volcanoes.,tool_001,groq_gen_ask
Where did the big bang theory originate?,tool_001,groq_gen_ask
Tell me about the French Revolution's causes.,tool_001,groq_gen_ask
Who discovered the internet?,tool_001,groq_gen_ask
What do you know about the Great Wall of China?,tool_001,groq_gen_ask
Please explain the big bang theory.,tool_001,groq_gen_ask
Help me understand the French Revolution.,tool_001,groq_gen_ask
Who discovered the origins of language?,tool_001,groq_gen_ask
I have a question about the internet.,tool_001,groq_gen_ask
Who discovered blockchain technology?,tool_001,groq_gen_ask
When did global warming happen?,tool_001,groq_gen_ask
What's the deal with neural networks?,tool_001,groq_gen_ask
What's the history behind tectonic plates?,tool_001,groq_gen_ask
Who is the president of Argentina?,tool_001,groq_gen_ask
Help me understand climate change.,tool_001,groq_gen_ask
What's the significance of World War I?,tool_001,groq_gen_ask
Can you give me some info on the immune system?,tool_001,groq_gen_ask
What do you know about gravity?,tool_001,groq_gen_ask
When did earthquakes happen?,tool_001,groq_gen_ask
Give me the key facts about the Berlin Wall.,tool_001,groq_gen_ask
Where did renewable energy originate?,tool_001,groq_gen_ask
Can you explain the Great Depression?,tool_001,groq_gen_ask
What is Norway famous for?,tool_001,groq_gen_ask
Give me a summary of the Renaissance.,tool_001,groq_gen_ask
Break down renewable energy for me.,tool_001,groq_gen_ask
What's the deal with the Amazon rainforest?,tool_001,groq_gen_ask
What happened during the immune system?,tool_001,groq_gen_ask
Where did dark matter originate?,tool_001,groq_gen_ask
When did the Berlin Wall happen?,tool_001,groq_gen_ask
What is the capital of France?,tool_001,groq_gen_ask
What's the deal with genetic engineering?,tool_001,groq_gen_ask
Who discovered climate change?,tool_001,groq_gen_ask
I have a question about World War II.,tool_001,groq_gen_ask
Who discovered the Ottoman Empire?,tool_001,groq_gen_ask
Give me a summary of DNA replication.,tool_001,groq_gen_ask
Can you explain World War I?,tool_001,groq_gen_ask
What happened during black holes?,tool_001,groq_gen_ask
What is climate change?,tool_001,groq_gen_ask
Break down the immune system for me.,tool_001,groq_gen_ask
Why is World War II important?,tool_001,groq_gen_ask
Help me understand the water cycle.,tool_001,groq_gen_ask
How does the theory of relativity work?,tool_001,groq_gen_ask
Where did the Amazon rainforest originate?,tool_001,groq_gen_ask
What do you know about antibiotics?,tool_001,groq_gen_ask
Could you summarize black holes?,tool_001,groq_gen_ask
What do you know about electric cars?,tool_001,groq_gen_ask
Can you give me some info on the Great Depression?,tool_001,groq_gen_ask
When did the Roman Empire happen?,tool_001,groq_gen_ask
What is the capital of Egypt?,tool_001,groq_gen_ask
Why is the solar system important?,tool_001,groq_gen_ask
What is the industrial revolution?,tool_001,groq_gen_ask
Who discovered ancient Egypt?,tool_001,groq_gen_ask
What is the Silk Road?,tool_001,groq_gen_ask
How does electric cars work?,tool_001,groq_gen_ask
Summarize renewable energy for me in a few sentences.,tool_001,groq_gen_ask
Explain the solar system to me in simple terms.,tool_001,groq_gen_ask
How does the human brain work?,tool_001,groq_gen_ask
What is Russia famous for?,tool_001,groq_gen_ask
What do you know about the human brain?,tool_001,groq_gen_ask
What's the deal with dark matter?,tool_001,groq_gen_ask
Give me the key facts about the Great Wall of China.,tool_001,groq_gen_ask
Give me the key facts about the human immune system.,tool_001,groq_gen_ask
Summarize climate change for me in a few sentences.,tool_001,groq_gen_ask
What's the deal with space exploration?,tool_001,groq_gen_ask
Give me the key facts about the American Civil War.,tool_001,groq_gen_ask
Why is the Renaissance important?,tool_001,groq_gen_ask
What's the history behind the Byzantine Empire?,tool_001,groq_gen_ask
What is the Renaissance?,tool_001,groq_gen_ask
Help me understand the American Civil War.,tool_001,groq_gen_ask
Who discovered the moon landing?,tool_001,groq_gen_ask
Why is gravity important?,tool_001,groq_gen_ask
Summarize the Renaissance for me in a few sentences.,tool_001,groq_gen_ask
Can you give me some info on the periodic table?,tool_001,groq_gen_ask
What's the deal with blockchain technology?,tool_001,groq_gen_ask
What happened during the French Revolution?,tool_001,groq_gen_ask
Where did the history of jazz originate?,tool_001,groq_gen_ask
What happened during the Amazon rainforest?,tool_001,groq_gen_ask
What is ancient Egypt?,tool_001,groq_gen_ask
What's the deal with antibiotics?,tool_001,groq_gen_ask
Tell me a fun fact about Egypt.,tool_001,groq_gen_ask
Explain machine learning to me in simple terms.,tool_001,groq_gen_ask
What's the history behind cryptocurrency?,tool_001,groq_gen_ask
Can you give me some info on string theory?,tool_001,groq_gen_ask
Help me understand antibiotics.,tool_001,groq_gen_ask
How many people live in Thailand?,tool_001,groq_gen_ask
Summarize the big bang theory for me in a few sentences.,tool_001,groq_gen_ask
Where did the immune system originate?,tool_001,groq_gen_ask
When did nuclear energy happen?,tool_001,groq_gen_ask
Where did earthquakes originate?,tool_001,groq_gen_ask
Give me a summary of World War I.,tool_001,groq_gen_ask
What happened during the history of jazz?,tool_001,groq_gen_ask
What's the significance of the stock market?,tool_001,groq_gen_ask
Summarize the moon landing for me in a few sentences.,tool_001,groq_gen_ask
What's the significance of machine learning?,tool_001,groq_gen_ask
Could you summarize the French language?,tool_001,groq_gen_ask
Who discovered the immune system?,tool_001,groq_gen_ask
Give me the key facts about the stock market crash of 1929.,tool_001,groq_gen_ask
Break down dark matter for me.,tool_001,groq_gen_ask
What do you know about the French Revolution's causes?,tool_001,groq_gen_ask
Summarize the French language for me in a few sentences.,tool_001,groq_gen_ask
What is the capital of Australia?,tool_001,groq_gen_ask
What is France famous for?,tool_001,groq_gen_ask
What happened during supply and demand?,tool_001,groq_gen_ask
What's the weather usually like in India?,tool_001,groq_gen_ask
Give me the key facts about the French language.,tool_001,groq_gen_ask
What's the significance of nuclear energy?,tool_001,groq_gen_ask
Explain the French Revolution's causes to me in simple terms.,tool_001,groq_gen_ask
What's the significance of DNA replication?,tool_001,groq_gen_ask
Explain World War II to me in simple terms.,tool_001,groq_gen_ask
Could you summarize vaccines?,tool_001,groq_gen_ask
Explain the stock market to me in simple terms.,tool_001,groq_gen_ask
What's the weather usually like in South Korea?,tool_001,groq_gen_ask
Break down World War I for me.,tool_001,groq_gen_ask
How does ancient Egypt work?,tool_001,groq_gen_ask
Can you give me some info on DNA replication?,tool_001,groq_gen_ask
Who discovered DNA replication?,tool_001,groq_gen_ask
When did the moon landing happen?,tool_001,groq_gen_ask
What language do they speak in Thailand?,tool_001,groq_gen_ask
Please explain the solar system.,tool_001,groq_gen_ask
What are the causes of volcanoes?,tool_001,groq_gen_ask
Tell me about photosynthesis.,tool_001,groq_gen_ask
How does the Roman Empire work?,tool_001,groq_gen_ask
I have a question about ancient Egypt.,tool_001,groq_gen_ask
Please explain quantum computing.,tool_001,groq_gen_ask
What is Canada famous for?,tool_001,groq_gen_ask
How many people live in India?,tool_001,groq_gen_ask
Summarize the Byzantine Empire for me in a few sentences.,tool_001,groq_gen_ask
What happened during the French language?,tool_001,groq_gen_ask
I want to learn about the theory of relativity.,tool_001,groq_gen_ask
Tell me about the Silk Road.,tool_001,groq_gen_ask
Why is machine learning important?,tool_001,groq_gen_ask
Tell me about the origins of language.,tool_001,groq_gen_ask
I have a question about machine learning.,tool_001,groq_gen_ask
When did the solar system happen?,tool_001,groq_gen_ask
Can you explain the industrial revolution?,tool_001,groq_gen_ask
What's the deal with string theory?,tool_001,groq_gen_ask
Could you summarize electric cars?,tool_001,groq_gen_ask
Explain the big bang theory to me in simple terms.,tool_001,groq_gen_ask
Who discovered global warming?,tool_001,groq_gen_ask
Break down the human brain for me.,tool_001,groq_gen_ask
What is the capital of South Korea?,tool_001,groq_gen_ask
Can you explain machine learning?,tool_001,groq_gen_ask
Could you summarize the Amazon rainforest?,tool_001,groq_gen_ask
How does space exploration work?,tool_001,groq_gen_ask
What do you know about string theory?,tool_001,groq_gen_ask
Break down the Silk Road for me.,tool_001,groq_gen_ask
Can you explain the water cycle?,tool_001,groq_gen_ask
Help me understand the periodic table.,tool_001,groq_gen_ask
Please explain the printing press.,tool_001,groq_gen_ask
How many people live in Brazil?,tool_001,groq_gen_ask
What is Greece famous for?,tool_001,groq_gen_ask
What is the solar system?,tool_001,groq_gen_ask
How many people live in Japan?,tool_001,groq_gen_ask
What's the history behind artificial intelligence?,tool_001,groq_gen_ask
Tell me about the stock market.,tool_001,groq_gen_ask
What happened during vaccines?,tool_001,groq_gen_ask
What do you know about the Cold War?,tool_001,groq_gen_ask
How does black holes work?,tool_001,groq_gen_ask
What is the capital of Kenya?,tool_001,groq_gen_ask
Break down nuclear energy for me.,tool_001,groq_gen_ask
Where did space exploration originate?,tool_001,groq_gen_ask
Help me understand the French Revolution's causes.,tool_001,groq_gen_ask
Can you give me some info on the French Revolution?,tool_001,groq_gen_ask
Break down the French language for me.,tool_001,groq_gen_ask
Give me the key facts about cryptocurrency.,tool_001,groq_gen_ask
Tell me a fun fact about South Korea.,tool_001,groq_gen_ask
Give me a summary of the printing press.,tool_001,groq_gen_ask
How many people live in China?,tool_001,groq_gen_ask
What do you know about the industrial revolution?,tool_001,groq_gen_ask
Can you give me some info on the origins of language?,tool_001,groq_gen_ask
Can you give me some info on vaccines?,tool_001,groq_gen_ask
Can you give me some info on the Berlin Wall?,tool_001,groq_gen_ask
What is Spain famous for?,tool_001,groq_gen_ask
Give me a summary of gravity.,tool_001,groq_gen_ask
Who discovered the Amazon rainforest?,tool_001,groq_gen_ask
Who discovered the stock market crash of 1929?,tool_001,groq_gen_ask
What are the causes of the origins of language?,tool_001,groq_gen_ask
Where did World War I originate?,tool_001,groq_gen_ask
Summarize blockchain technology for me in a few sentences.,tool_001,groq_gen_ask
What do you know about neural networks?,tool_001,groq_gen_ask
What's the deal with volcanoes?,tool_001,groq_gen_ask
Tell me about quantum computing.,tool_001,groq_gen_ask
Summarize the American Civil War for me in a few sentences.,tool_001,groq_gen_ask
What's the history behind photosynthesis?,tool_001,groq_gen_ask
Explain blockchain technology to me in simple terms.,tool_001,groq_gen_ask
What's the history behind the Amazon rainforest?,tool_001,groq_gen_ask
Explain quantum computing to me in simple terms.,tool_001,groq_gen_ask
Break down genetic engineering for me.,tool_001,groq_gen_ask
Can you give me some info on the solar system?,tool_001,groq_gen_ask
Why is artificial intelligence important?,tool_001,groq_gen_ask
How many people live in France?,tool_001,groq_gen_ask
What do you know about the water cycle?,tool_001,groq_gen_ask
Who discovered the Silk Road?,tool_001,groq_gen_ask
Can you explain supply and demand?,tool_001,groq_gen_ask
When did the theory of relativity happen?,tool_001,groq_gen_ask
Help me understand the Great Depression.,tool_001,groq_gen_ask
Why is the origins of language important?,tool_001,groq_gen_ask
When did space exploration happen?,tool_001,groq_gen_ask
What is Turkey famous for?,tool_001,groq_gen_ask
Where did the stock market originate?,tool_001,groq_gen_ask
What happened during the Berlin Wall?,tool_001,groq_gen_ask
When did the human immune system happen?,tool_001,groq_gen_ask
Tell me about the Great Depression.,tool_001,groq_gen_ask
What are the causes of the Berlin Wall?,tool_001,groq_gen_ask
What's the weather usually like in Australia?,tool_001,groq_gen_ask
What is vaccines?,tool_001,groq_gen_ask
Give me the key facts about the water cycle.,tool_001,groq_gen_ask
What is Egypt famous for?,tool_001,groq_gen_ask
Could you summarize earthquakes?,tool_001,groq_gen_ask
Why is supply and demand important?,tool_001,groq_gen_ask
What's the significance of the immune system?,tool_001,groq_gen_ask
Who discovered the human brain?,tool_001,groq_gen_ask
Can you give me some info on dark matter?,tool_001,groq_gen_ask
Break down the industrial revolution for me.,tool_001,groq_gen_ask
What's the significance of the periodic table?,tool_001,groq_gen_ask
Where did the solar system originate?,tool_001,groq_gen_ask
Who discovered dark matter?,tool_001,groq_gen_ask
Tell me about World War I.,tool_001,groq_gen_ask
I want to learn about string theory.,tool_001,groq_gen_ask
What is the capital of Argentina?,tool_001,groq_gen_ask
What's the history behind renewable energy?,tool_001,groq_gen_ask
Tell me about ancient Egypt.,tool_001,groq_gen_ask
Tell me a fun fact about Argentina.,tool_001,groq_gen_ask
Can you explain the Roman Empire?,tool_001,groq_gen_ask
Why is the theory of relativity important?,tool_001,groq_gen_ask
Where did the human brain originate?,tool_001,groq_gen_ask
What happened during the Cold War?,tool_001,groq_gen_ask
I want to learn about the French language.,tool_001,groq_gen_ask
Summarize the periodic table for me in a few sentences.,tool_001,groq_gen_ask
Give me the key facts about photosynthesis in plants.,tool_001,groq_gen_ask
I have a question about the moon landing.,tool_001,groq_gen_ask
Can you explain tectonic plates?,tool_001,groq_gen_ask
I have a question about earthquakes.,tool_001,groq_gen_ask
What's the significance of the French language?,tool_001,groq_gen_ask
I have a question about the Renaissance.,tool_001,groq_gen_ask
Break down volcanoes for me.,tool_001,groq_gen_ask
I have a question about the Berlin Wall.,tool_001,groq_gen_ask
What's the history behind the Ottoman Empire?,tool_001,groq_gen_ask
Why is the immune system important?,tool_001,groq_gen_ask
Could you summarize genetic engineering?,tool_001,groq_gen_ask
Explain the theory of relativity to me in simple terms.,tool_001,groq_gen_ask
What is the capital of Japan?,tool_001,groq_gen_ask
Could you summarize the big bang theory?,tool_001,groq_gen_ask
What is earthquakes?,tool_001,groq_gen_ask
What's the history behind gravity?,tool_001,groq_gen_ask
What is photosynthesis in plants?,tool_001,groq_gen_ask
What's the significance of dark matter?,tool_001,groq_gen_ask
I want to learn about quantum computing.,tool_001,groq_gen_ask
How does the history of jazz work?,tool_001,groq_gen_ask
Can you explain the theory of relativity?,tool_001,groq_gen_ask
What do you know about the periodic table?,tool_001,groq_gen_ask
What do you know about the French Revolution?,tool_001,groq_gen_ask
When did the stock market crash of 1929 happen?,tool_001,groq_gen_ask
Explain string theory to me in simple terms.,tool_001,groq_gen_ask
What do you know about the stock market crash of 1929?,tool_001,groq_gen_ask
I have a question about the Roman Empire.,tool_001,groq_gen_ask
When did the human brain happen?,tool_001,groq_gen_ask
What's the weather usually like in Brazil?,tool_001,groq_gen_ask
What is space exploration?,tool_001,groq_gen_ask
Help me understand the history of jazz.,tool_001,groq_gen_ask
What is Kenya famous for?,tool_001,groq_gen_ask
What is the capital of Norway?,tool_001,groq_gen_ask
Break down the origins of language for me.,tool_001,groq_gen_ask
Help me understand cryptocurrency.,tool_001,groq_gen_ask
What do you know about the human immune system?,tool_001,groq_gen_ask
Break down the human immune system for me.,tool_001,groq_gen_ask
Give me a summary of antibiotics.,tool_001,groq_gen_ask
When did the internet happen?,tool_001,groq_gen_ask
What's the deal with the printing press?,tool_001,groq_gen_ask
I have a question about the immune system.,tool_001,groq_gen_ask
What is the theory of relativity?,tool_001,groq_gen_ask
What is the capital of Canada?,tool_001,groq_gen_ask
What's the weather usually like in Germany?,tool_001,groq_gen_ask
How many people live in Greece?,tool_001,groq_gen_ask
What are the causes of the Great Wall of China?,tool_001,groq_gen_ask
Give me the key facts about the human brain.,tool_001,groq_gen_ask
I have a question about the American Civil War.,tool_001,groq_gen_ask
Please explain supply and demand.,tool_001,groq_gen_ask
Why is global warming important?,tool_001,groq_gen_ask
What is the capital of Greece?,tool_001,groq_gen_ask
Where did the American Civil War originate?,tool_001,groq_gen_ask
Can you give me some info on electric cars?,tool_001,groq_gen_ask
Give me the key facts about the Great Depression.,tool_001,groq_gen_ask
How does the periodic table work?,tool_001,groq_gen_ask
Who discovered the industrial revolution?,tool_001,groq_gen_ask
How many people live in Germany?,tool_001,groq_gen_ask
What's the significance of climate change?,tool_001,groq_gen_ask
What's the deal with the history of jazz?,tool_001,groq_gen_ask
Please explain the internet.,tool_001,groq_gen_ask
Can you give me some info on the French Revolution's causes?,tool_001,groq_gen_ask
What is Japan famous for?,tool_001,groq_gen_ask
Break down the big bang theory for me.,tool_001,groq_gen_ask
What's the history behind the origins of language?,tool_001,groq_gen_ask
Give me a summary of the big bang theory.,tool_001,groq_gen_ask
Where did string theory originate?,tool_001,groq_gen_ask
What's the deal with global warming?,tool_001,groq_gen_ask
What's the history behind black holes?,tool_001,groq_gen_ask
Tell me a fun fact about Italy.,tool_001,groq_gen_ask
What's the history behind neural networks?,tool_001,groq_gen_ask
Can you explain gravity?,tool_001,groq_gen_ask
What are the causes of renewable energy?,tool_001,groq_gen_ask
What are the causes of the moon landing?,tool_001,groq_gen_ask
What happened during renewable energy?,tool_001,groq_gen_ask
Give me a summary of the water cycle.,tool_001,groq_gen_ask
Give me the key facts about the Ottoman Empire.,tool_001,groq_gen_ask
Who is the president of South Korea?,tool_001,groq_gen_ask
Can you explain the immune system?,tool_001,groq_gen_ask
What language do they speak in Greece?,tool_001,groq_gen_ask
What's the history behind genetic engineering?,tool_001,groq_gen_ask
Help me understand the solar system.,tool_001,groq_gen_ask
I have a question about the Silk Road.,tool_001,groq_gen_ask
Could you summarize photosynthesis?,tool_001,groq_gen_ask
I want to learn about the human brain.,tool_001,groq_gen_ask
Please explain ancient Egypt.,tool_001,groq_gen_ask
Explain artificial intelligence to me in simple terms.,tool_001,groq_gen_ask
Summarize string theory for me in a few sentences.,tool_001,groq_gen_ask
Please explain evolution.,tool_001,groq_gen_ask
Help me understand electric cars.,tool_001,groq_gen_ask
When did the Great Wall of China happen?,tool_001,groq_gen_ask
I want to learn about the Great Wall of China.,tool_001,groq_gen_ask
What's the deal with cryptocurrency?,tool_001,groq_gen_ask
I want to learn about the internet.,tool_001,groq_gen_ask
What's the history behind the industrial revolution?,tool_001,groq_gen_ask
What is nuclear energy?,tool_001,groq_gen_ask
Who discovered vaccines?,tool_001,groq_gen_ask
What do you know about nuclear energy?,tool_001,groq_gen_ask
I have a question about antibiotics.,tool_001,groq_gen_ask
What do you know about the Silk Road?,tool_001,groq_gen_ask
I have a question about string theory.,tool_001,groq_gen_ask
Who discovered string theory?,tool_001,groq_gen_ask
Break down the Cold War for me.,tool_001,groq_gen_ask
I have a question about the history of jazz.,tool_001,groq_gen_ask
I want to learn about the printing press.,tool_001,groq_gen_ask
What language do they speak in Spain?,tool_001,groq_gen_ask
I have a question about artificial intelligence.,tool_001,groq_gen_ask
What do you know about the French language?,tool_001,groq_gen_ask
What is renewable energy?,tool_001,groq_gen_ask
What do you know about evolution?,tool_001,groq_gen_ask
What are the causes of the water cycle?,tool_001,groq_gen_ask
Please explain DNA replication.,tool_001,groq_gen_ask
I want to learn about photosynthesis.,tool_001,groq_gen_ask
Why is the water cycle important?,tool_001,groq_gen_ask
What's the deal with the Cold War?,tool_001,groq_gen_ask
Who discovered the Berlin Wall?,tool_001,groq_gen_ask
Summarize the Silk Road for me in a few sentences.,tool_001,groq_gen_ask
When did the big bang theory happen?,tool_001,groq_gen_ask
What is Brazil famous for?,tool_001,groq_gen_ask
Why is the Byzantine Empire important?,tool_001,groq_gen_ask
I want to learn about the history of jazz.,tool_001,groq_gen_ask
When did photosynthesis happen?,tool_001,groq_gen_ask
What do you know about the stock market?,tool_001,groq_gen_ask
How does photosynthesis work?,tool_001,groq_gen_ask
Could you summarize the internet?,tool_001,groq_gen_ask
Explain electric cars to me in simple terms.,tool_001,groq_gen_ask
What are the causes of the Silk Road?,tool_001,groq_gen_ask
When did tectonic plates happen?,tool_001,groq_gen_ask
What do you know about ancient Egypt?,tool_001,groq_gen_ask
Can you give me some info on cryptocurrency?,tool_001,groq_gen_ask
Give me a summary of evolution.,tool_001,groq_gen_ask
Who discovered machine learning?,tool_001,groq_gen_ask
Tell me a fun fact about Brazil.,tool_001,groq_gen_ask
Please explain the Ottoman Empire.,tool_001,groq_gen_ask
Could you summarize DNA replication?,tool_001,groq_gen_ask
Why is the French Revolution's causes important?,tool_001,groq_gen_ask
Where did the Renaissance originate?,tool_001,groq_gen_ask
When did blockchain technology happen?,tool_001,groq_gen_ask
Explain the Great Depression to me in simple terms.,tool_001,groq_gen_ask
Give me a summary of the Roman Empire.,tool_001,groq_gen_ask
Please explain the French Revolution.,tool_001,groq_gen_ask
Can you give me some info on gravity?,tool_001,groq_gen_ask
What's the weather usually like in Kenya?,tool_001,groq_gen_ask
I want to learn about the stock market.,tool_001,groq_gen_ask
What's the deal with DNA replication?,tool_001,groq_gen_ask
Where did the French Revolution's causes originate?,tool_001,groq_gen_ask
Can you give me some info on the big bang theory?,tool_001,groq_gen_ask
What is the human immune system?,tool_001,groq_gen_ask
Could you summarize renewable energy?,tool_001,groq_gen_ask
What's the deal with the Berlin Wall?,tool_001,groq_gen_ask
Who discovered photosynthesis?,tool_001,groq_gen_ask
Could you summarize the human brain?,tool_001,groq_gen_ask
Give me the key facts about the periodic table.,tool_001,groq_gen_ask
I want to learn about antibiotics.,tool_001,groq_gen_ask
Could you summarize global warming?,tool_001,groq_gen_ask
What are the causes of space exploration?,tool_001,groq_gen_ask
Help me understand World War II.,tool_001,groq_gen_ask
I want to learn about the water cycle.,tool_001,groq_gen_ask
Who discovered the stock market?,tool_001,groq_gen_ask
Could you summarize the American Civil War?,tool_001,groq_gen_ask
Where did the Roman Empire originate?,tool_001,groq_gen_ask
When did the Silk Road happen?,tool_001,groq_gen_ask
Where did machine learning originate?,tool_001,groq_gen_ask
I have a question about climate change.,tool_001,groq_gen_ask
When did the French Revolution's causes happen?,tool_001,groq_gen_ask
When did electric cars happen?,tool_001,groq_gen_ask
Summarize the theory of relativity for me in a few sentences.,tool_001,groq_gen_ask
What is the capital of Mexico?,tool_001,groq_gen_ask
Could you summarize the industrial revolution?,tool_001,groq_gen_ask
Could you summarize dark matter?,tool_001,groq_gen_ask
What's the weather usually like in France?,tool_001,groq_gen_ask
When did string theory happen?,tool_001,groq_gen_ask
What happened during the Byzantine Empire?,tool_001,groq_gen_ask
Tell me about the Great Wall of China.,tool_001,groq_gen_ask
Help me understand the Byzantine Empire.,tool_001,groq_gen_ask
How does the moon landing work?,tool_001,groq_gen_ask
How does photosynthesis in plants work?,tool_001,groq_gen_ask
Tell me about string theory.,tool_001,groq_gen_ask
What's the significance of quantum computing?,tool_001,groq_gen_ask
Please explain blockchain technology.,tool_001,groq_gen_ask
Why is string theory important?,tool_001,groq_gen_ask
Please explain the stock market.,tool_001,groq_gen_ask
What do you know about the Amazon rainforest?,tool_001,groq_gen_ask
Explain the moon landing to me in simple terms.,tool_001,groq_gen_ask
Give me a summary of the moon landing.,tool_001,groq_gen_ask
Tell me a fun fact about France.,tool_001,groq_gen_ask
Tell me a fun fact about Australia.,tool_001,groq_gen_ask
Give me the key facts about the internet.,tool_001,groq_gen_ask
Can you give me some info on the theory of relativity?,tool_001,groq_gen_ask
What's the history behind the American Civil War?,tool_001,groq_gen_ask
Give me the key facts about the solar system.,tool_001,groq_gen_ask
Give me the key facts about the printing press.,tool_001,groq_gen_ask
Why is genetic engineering important?,tool_001,groq_gen_ask
What's the history behind World War II?,tool_001,groq_gen_ask
What happened during string theory?,tool_001,groq_gen_ask
Can you give me some info on the Great Wall of China?,tool_001,groq_gen_ask
Can you give me some info on the Silk Road?,tool_001,groq_gen_ask
What's the significance of the human immune system?,tool_001,groq_gen_ask
What's the history behind the Renaissance?,tool_001,groq_gen_ask
Give me a summary of blockchain technology.,tool_001,groq_gen_ask
Can you explain ancient Egypt?,tool_001,groq_gen_ask
What are the causes of string theory?,tool_001,groq_gen_ask
Break down the French Revolution for me.,tool_001,groq_gen_ask
Who is the president of Norway?,tool_001,groq_gen_ask
Could you summarize artificial intelligence?,tool_001,groq_gen_ask
What happened during quantum computing?,tool_001,groq_gen_ask
What are the causes of the American Civil War?,tool_001,groq_gen_ask
Where did genetic engineering originate?,tool_001,groq_gen_ask
How does the French Revolution work?,tool_001,groq_gen_ask
Break down string theory for me.,tool_001,groq_gen_ask
What do you know about the Great Depression?,tool_001,groq_gen_ask
Why is evolution important?,tool_001,groq_gen_ask
What is Australia famous for?,tool_001,groq_gen_ask
Give me a summary of string theory.,tool_001,groq_gen_ask
Break down vaccines for me.,tool_001,groq_gen_ask
What is tectonic plates?,tool_001,groq_gen_ask
Give me a summary of artificial intelligence.,tool_001,groq_gen_ask
I have a question about volcanoes.,tool_001,groq_gen_ask
Can you explain DNA replication?,tool_001,groq_gen_ask
Where did global warming originate?,tool_001,groq_gen_ask
What are the causes of the Renaissance?,tool_001,groq_gen_ask
Help me understand the immune system.,tool_001,groq_gen_ask
How does renewable energy work?,tool_001,groq_gen_ask
What are the causes of cryptocurrency?,tool_001,groq_gen_ask
Summarize the immune system for me in a few sentences.,tool_001,groq_gen_ask
Please explain World War II.,tool_001,groq_gen_ask
Explain the Ottoman Empire to me in simple terms.,tool_001,groq_gen_ask
Help me understand the Ottoman Empire.,tool_001,groq_gen_ask
What happened during neural networks?,tool_001,groq_gen_ask
Give me a summary of earthquakes.,tool_001,groq_gen_ask
What's the history behind ancient Egypt?,tool_001,groq_gen_ask
What's the deal with the moon landing?,tool_001,groq_gen_ask
What's the history behind the printing press?,tool_001,groq_gen_ask
go to tiktok,tool_002,gen_website
open hulu in my browser,tool_002,gen_website
start facebook,tool_002,gen_website
"open up cnn, and youtube, and twitter",tool_002,gen_website
i need to check dribbble,tool_002,gen_website
"open claude.ai, udemy, khan academy",tool_002,gen_website
open espn.com,tool_002,gen_website
"open ebay, and discord",tool_002,gen_website
"go to behance, and wikipedia, and walmart",tool_002,gen_website
open behance in my browser,tool_002,gen_website
open instagram.com,tool_002,gen_website
can you open bbc news and cnn and linkedin,tool_002,gen_website
bring up google maps,tool_002,gen_website
open quora and etsy,tool_002,gen_website
bring up khan academy,tool_002,gen_website
open etsy.com,tool_002,gen_website
pull up youtube,tool_002,gen_website
"go to slack, and coursera, and medium",tool_002,gen_website
open bbc news.com,tool_002,gen_website
launch twitter and notion and medium,tool_002,gen_website
navigate to claude.ai,tool_002,gen_website
open claude.ai,tool_002,gen_website
i want to go to wikipedia,tool_002,gen_website
go to hulu and pinterest,tool_002,gen_website
i want to go to quora,tool_002,gen_website
open the facebook website,tool_002,gen_website
"open up behance, yahoo, espn",tool_002,gen_website
"open claude.ai, and netflix, and yahoo",tool_002,gen_website
visit bing for me,tool_002,gen_website
search for canva and open it,tool_002,gen_website
take me to bing,tool_002,gen_website
i want to go to google,tool_002,gen_website
search for ebay and open it,tool_002,gen_website
"launch youtube, whatsapp web, canva",tool_002,gen_website
open dribbble and khan academy,tool_002,gen_website
open google for me,tool_002,gen_website
open up google please,tool_002,gen_website
go to anthropic,tool_002,gen_website
open quora in my browser,tool_002,gen_website
open discord for me,tool_002,gen_website
search for yahoo and open it,tool_002,gen_website
open up khan academy and chatgpt,tool_002,gen_website
can you launch slack?,tool_002,gen_website
"go to pinterest, and nytimes",tool_002,gen_website
pull up coursera,tool_002,gen_website
open instagram,tool_002,gen_website
open reddit for me,tool_002,gen_website
open etsy and google,tool_002,gen_website
open the netflix website,tool_002,gen_website
start quora,tool_002,gen_website
open up openai and canva,tool_002,gen_website
open the udemy website,tool_002,gen_website
open the behance website,tool_002,gen_website
"open up anthropic, and udemy",tool_002,gen_website
open netflix for me,tool_002,gen_website
start gmail,tool_002,gen_website
"can you open udemy, linkedin, youtube",tool_002,gen_website
open tiktok for me,tool_002,gen_website
i want to go to zoom,tool_002,gen_website
navigate to ebay,tool_002,gen_website
i want to go to bing,tool_002,gen_website
"launch facebook, claude.ai",tool_002,gen_website
open bbc news,tool_002,gen_website
"go to wikipedia, dribbble",tool_002,gen_website
go to twitter,tool_002,gen_website
bring up medium,tool_002,gen_website
open up imdb please,tool_002,gen_website
open zoom,tool_002,gen_website
"open up reddit, spotify, instagram",tool_002,gen_website
visit reddit for me,tool_002,gen_website
open the slack website,tool_002,gen_website
search for spotify and open it,tool_002,gen_website
go to whatsapp web,tool_002,gen_website
bring up walmart,tool_002,gen_website
"launch behance, and youtube, and claude.ai",tool_002,gen_website
open walmart,tool_002,gen_website
"open etsy, google maps",tool_002,gen_website
open slack.com,tool_002,gen_website
take me to quora,tool_002,gen_website
start chatgpt,tool_002,gen_website
"launch duolingo, linkedin, reddit",tool_002,gen_website
i need to check netflix,tool_002,gen_website
navigate to github,tool_002,gen_website
open up slack please,tool_002,gen_website
launch anthropic and hulu,tool_002,gen_website
open the dribbble website,tool_002,gen_website
pull up claude.ai,tool_002,gen_website
start stackoverflow,tool_002,gen_website
open yahoo in my browser,tool_002,gen_website
"open up google, and whatsapp web, and hulu",tool_002,gen_website
open up github please,tool_002,gen_website
open amazon and whatsapp web,tool_002,gen_website
start bbc news,tool_002,gen_website
"open twitch, behance",tool_002,gen_website
open the google website,tool_002,gen_website
search for netflix and open it,tool_002,gen_website
"can you open quora, and stackoverflow, and openai",tool_002,gen_website
go to imdb and wikipedia and instagram,tool_002,gen_website
visit openai for me,tool_002,gen_website
"open whatsapp web, openai",tool_002,gen_website
visit facebook for me,tool_002,gen_website
open the claude.ai website,tool_002,gen_website
pull up espn,tool_002,gen_website
open the bing website,tool_002,gen_website
can you launch google?,tool_002,gen_website
take me to google drive,tool_002,gen_website
pull up linkedin,tool_002,gen_website
start udemy,tool_002,gen_website
can you open anthropic?,tool_002,gen_website
bring up notion,tool_002,gen_website
visit instagram for me,tool_002,gen_website
start notion,tool_002,gen_website
go to notion and medium,tool_002,gen_website
can you open bing?,tool_002,gen_website
i need to check khan academy,tool_002,gen_website
open the imdb website,tool_002,gen_website
open khan academy for me,tool_002,gen_website
"open up google drive, and twitch",tool_002,gen_website
can you open google drive?,tool_002,gen_website
can you launch zoom?,tool_002,gen_website
can you open figma?,tool_002,gen_website
please open github,tool_002,gen_website
search for espn and open it,tool_002,gen_website
"open up twitter, instagram",tool_002,gen_website
open netflix.com,tool_002,gen_website
can you open reddit and twitter and cnn,tool_002,gen_website
"open khan academy, google maps",tool_002,gen_website
search for behance and open it,tool_002,gen_website
can you launch google maps?,tool_002,gen_website
open up chatgpt and bing,tool_002,gen_website
"can you open udemy, claude.ai",tool_002,gen_website
"go to spotify, and google, and medium",tool_002,gen_website
"open openai, and coursera, and ebay",tool_002,gen_website
i want to go to google drive,tool_002,gen_website
open amazon for me,tool_002,gen_website
"open behance, notion",tool_002,gen_website
open up zoom please,tool_002,gen_website
go to zoom,tool_002,gen_website
pull up dropbox,tool_002,gen_website
open whatsapp web for me,tool_002,gen_website
go to twitch and tiktok and espn,tool_002,gen_website
"open up openai, and udemy, and linkedin",tool_002,gen_website
open slack,tool_002,gen_website
launch wikipedia,tool_002,gen_website
open up pinterest please,tool_002,gen_website
"can you open twitch, dribbble",tool_002,gen_website
launch coursera,tool_002,gen_website
"open ebay, gmail",tool_002,gen_website
go to pinterest and twitch and gmail,tool_002,gen_website
start linkedin,tool_002,gen_website
open up dropbox and hulu,tool_002,gen_website
go to google drive and duolingo,tool_002,gen_website
launch hulu and discord and zoom,tool_002,gen_website
open anthropic for me,tool_002,gen_website
open up duolingo please,tool_002,gen_website
open bing and pinterest,tool_002,gen_website
open slack for me,tool_002,gen_website
"can you open walmart, figma",tool_002,gen_website
visit pinterest for me,tool_002,gen_website
start walmart,tool_002,gen_website
"can you open netflix, and nytimes",tool_002,gen_website
launch github,tool_002,gen_website
"can you open walmart, and stackoverflow",tool_002,gen_website
launch netflix,tool_002,gen_website
"can you open netflix, pinterest",tool_002,gen_website
start google drive,tool_002,gen_website
go to ebay,tool_002,gen_website
open canva,tool_002,gen_website
"open up coursera, instagram",tool_002,gen_website
open pinterest in my browser,tool_002,gen_website
please open twitter,tool_002,gen_website
"go to google, wikipedia, behance",tool_002,gen_website
take me to amazon,tool_002,gen_website
open medium,tool_002,gen_website
open the canva website,tool_002,gen_website
open the discord website,tool_002,gen_website
"launch hulu, netflix",tool_002,gen_website
i need to check bing,tool_002,gen_website
"launch youtube, tiktok, gmail",tool_002,gen_website
"can you open twitch, gmail",tool_002,gen_website
pull up cnn,tool_002,gen_website
please open spotify,tool_002,gen_website
go to openai,tool_002,gen_website
i want to go to hulu,tool_002,gen_website
open up linkedin please,tool_002,gen_website
"can you open chatgpt, dribbble, spotify",tool_002,gen_website
go to coursera,tool_002,gen_website
pull up duolingo,tool_002,gen_website
can you launch netflix?,tool_002,gen_website
visit netflix for me,tool_002,gen_website
launch linkedin,tool_002,gen_website
start pinterest,tool_002,gen_website
launch behance and imdb and cnn,tool_002,gen_website
open tiktok and walmart and medium,tool_002,gen_website
open duolingo,tool_002,gen_website
launch notion,tool_002,gen_website
"open stackoverflow, google",tool_002,gen_website
search for whatsapp web and open it,tool_002,gen_website
open facebook in my browser,tool_002,gen_website
open bing.com,tool_002,gen_website
bring up zoom,tool_002,gen_website
navigate to google,tool_002,gen_website
bring up wikipedia,tool_002,gen_website
"open espn, google maps",tool_002,gen_website
visit anthropic for me,tool_002,gen_website
i need to check notion,tool_002,gen_website
take me to yahoo,tool_002,gen_website
"open up khan academy, and linkedin",tool_002,gen_website
take me to anthropic,tool_002,gen_website
open dribbble for me,tool_002,gen_website
open cnn in my browser,tool_002,gen_website
bring up yahoo,tool_002,gen_website
bring up pinterest,tool_002,gen_website
please open anthropic,tool_002,gen_website
search for duolingo and open it,tool_002,gen_website
pull up gmail,tool_002,gen_website
can you open google maps and coursera,tool_002,gen_website
please open wikipedia,tool_002,gen_website
open stackoverflow and youtube and duolingo,tool_002,gen_website
"go to github, and zoom",tool_002,gen_website
can you open pinterest?,tool_002,gen_website
can you open openai?,tool_002,gen_website
can you open canva?,tool_002,gen_website
i need to check chatgpt,tool_002,gen_website
launch discord,tool_002,gen_website
take me to khan academy,tool_002,gen_website
go to duolingo,tool_002,gen_website
take me to behance,tool_002,gen_website
navigate to slack,tool_002,gen_website
open hulu for me,tool_002,gen_website
open figma,tool_002,gen_website
open bbc news in my browser,tool_002,gen_website
can you open google drive and udemy,tool_002,gen_website
open walmart.com,tool_002,gen_website
open reddit in my browser,tool_002,gen_website
can you launch etsy?,tool_002,gen_website
i need to check espn,tool_002,gen_website
go to figma and chatgpt and zoom,tool_002,gen_website
i want to go to amazon,tool_002,gen_website
open instagram in my browser,tool_002,gen_website
open duolingo.com,tool_002,gen_website
launch walmart and tiktok,tool_002,gen_website
open the tiktok website,tool_002,gen_website
go to canva,tool_002,gen_website
i need to check linkedin,tool_002,gen_website
open up twitch and quora,tool_002,gen_website
"launch imdb, and bbc news, and stackoverflow",tool_002,gen_website
open the notion website,tool_002,gen_website
can you open tiktok?,tool_002,gen_website
open up imdb and khan academy and netflix,tool_002,gen_website
please open reddit,tool_002,gen_website
please open walmart,tool_002,gen_website
"launch github, coursera, imdb",tool_002,gen_website
visit udemy for me,tool_002,gen_website
"go to amazon, and whatsapp web, and github",tool_002,gen_website
please open bing,tool_002,gen_website
launch google and khan academy,tool_002,gen_website
i want to go to chatgpt,tool_002,gen_website
open twitter,tool_002,gen_website
pull up whatsapp web,tool_002,gen_website
please open twitch,tool_002,gen_website
navigate to udemy,tool_002,gen_website
i want to go to tiktok,tool_002,gen_website
open google maps for me,tool_002,gen_website
open the reddit website,tool_002,gen_website
i need to check duolingo,tool_002,gen_website
open up espn please,tool_002,gen_website
pull up google maps,tool_002,gen_website
"can you open imdb, and zoom",tool_002,gen_website
open yahoo.com,tool_002,gen_website
i need to check discord,tool_002,gen_website
can you open behance?,tool_002,gen_website
i want to go to discord,tool_002,gen_website
open nytimes,tool_002,gen_website
"open instagram, walmart, openai",tool_002,gen_website
open up whatsapp web and discord,tool_002,gen_website
open duolingo and facebook,tool_002,gen_website
please open stackoverflow,tool_002,gen_website
open stackoverflow,tool_002,gen_website
go to slack and claude.ai and openai,tool_002,gen_website
open the amazon website,tool_002,gen_website
"launch bing, and anthropic",tool_002,gen_website
launch stackoverflow,tool_002,gen_website
"open figma, pinterest",tool_002,gen_website
"open pinterest, and slack, and reddit",tool_002,gen_website
"can you open anthropic, and slack, and tiktok",tool_002,gen_website
open up figma please,tool_002,gen_website
can you launch github?,tool_002,gen_website
visit google maps for me,tool_002,gen_website
launch tiktok,tool_002,gen_website
i need to check zoom,tool_002,gen_website
"can you open imdb, canva, notion",tool_002,gen_website
i need to check behance,tool_002,gen_website
bring up openai,tool_002,gen_website
open up netflix and tiktok,tool_002,gen_website
i need to check amazon,tool_002,gen_website
"can you open facebook, and pinterest, and dribbble",tool_002,gen_website
open zoom for me,tool_002,gen_website
take me to whatsapp web,tool_002,gen_website
start whatsapp web,tool_002,gen_website
"open cnn, anthropic, openai",tool_002,gen_website
open the chatgpt website,tool_002,gen_website
please open behance,tool_002,gen_website
can you launch medium?,tool_002,gen_website
search for claude.ai and open it,tool_002,gen_website
start duolingo,tool_002,gen_website
"open up facebook, canva",tool_002,gen_website
bring up youtube,tool_002,gen_website
open facebook for me,tool_002,gen_website
take me to linkedin,tool_002,gen_website
go to notion,tool_002,gen_website
go to cnn,tool_002,gen_website
open figma in my browser,tool_002,gen_website
open slack and youtube,tool_002,gen_website
go to walmart,tool_002,gen_website
can you open walmart?,tool_002,gen_website
bring up dribbble,tool_002,gen_website
i want to go to gmail,tool_002,gen_website
"launch spotify, and pinterest, and ebay",tool_002,gen_website
pull up nytimes,tool_002,gen_website
"open whatsapp web, and udemy",tool_002,gen_website
launch khan academy,tool_002,gen_website
open duolingo in my browser,tool_002,gen_website
"go to hulu, netflix, discord",tool_002,gen_website
bring up quora,tool_002,gen_website
bring up twitch,tool_002,gen_website
i want to go to reddit,tool_002,gen_website
open linkedin.com,tool_002,gen_website
open netflix in my browser,tool_002,gen_website
"launch espn, twitch, hulu",tool_002,gen_website
bring up tiktok,tool_002,gen_website
"go to spotify, figma, medium",tool_002,gen_website
open up facebook please,tool_002,gen_website
bring up google,tool_002,gen_website
can you open discord?,tool_002,gen_website
can you open hulu?,tool_002,gen_website
search for cnn and open it,tool_002,gen_website
open the ebay website,tool_002,gen_website
open tiktok and canva,tool_002,gen_website
please open yahoo,tool_002,gen_website
"go to discord, dribbble",tool_002,gen_website
search for medium and open it,tool_002,gen_website
navigate to espn,tool_002,gen_website
visit walmart for me,tool_002,gen_website
start canva,tool_002,gen_website
i need to check twitch,tool_002,gen_website
open reddit,tool_002,gen_website
"launch tiktok, and instagram, and facebook",tool_002,gen_website
open quora.com,tool_002,gen_website
"can you open duolingo, twitter, google maps",tool_002,gen_website
take me to instagram,tool_002,gen_website
open gmail,tool_002,gen_website
bring up nytimes,tool_002,gen_website
"open walmart, coursera",tool_002,gen_website
"open up zoom, and coursera, and spotify",tool_002,gen_website
please open netflix,tool_002,gen_website
navigate to quora,tool_002,gen_website
visit espn for me,tool_002,gen_website
pull up amazon,tool_002,gen_website
search for figma and open it,tool_002,gen_website
go to wikipedia,tool_002,gen_website
open yahoo for me,tool_002,gen_website
visit tiktok for me,tool_002,gen_website
visit behance for me,tool_002,gen_website
"open gmail, and figma, and reddit",tool_002,gen_website
"open up spotify, duolingo, khan academy",tool_002,gen_website
go to instagram,tool_002,gen_website
bring up bbc news,tool_002,gen_website
please open etsy,tool_002,gen_website
"open instagram, gmail, ebay",tool_002,gen_website
can you open imdb?,tool_002,gen_website
go to twitch and dribbble and netflix,tool_002,gen_website
open netflix,tool_002,gen_website
visit twitter for me,tool_002,gen_website
take me to facebook,tool_002,gen_website
can you open twitter?,tool_002,gen_website
i need to check slack,tool_002,gen_website
"can you open netflix, and quora, and khan academy",tool_002,gen_website
can you open slack?,tool_002,gen_website
"open wikipedia, and facebook, and discord",tool_002,gen_website
search for notion and open it,tool_002,gen_website
bring up discord,tool_002,gen_website
"can you open nytimes, whatsapp web, linkedin",tool_002,gen_website
"go to nytimes, claude.ai",tool_002,gen_website
open openai for me,tool_002,gen_website
i want to go to canva,tool_002,gen_website
can you open facebook?,tool_002,gen_website
start twitter,tool_002,gen_website
i need to check whatsapp web,tool_002,gen_website
can you open quora?,tool_002,gen_website
"launch zoom, cnn, google",tool_002,gen_website
launch bing,tool_002,gen_website
bring up dropbox,tool_002,gen_website
open up medium please,tool_002,gen_website
can you open reddit?,tool_002,gen_website
i need to check walmart,tool_002,gen_website
i need to check cnn,tool_002,gen_website
go to yahoo,tool_002,gen_website
i need to check google,tool_002,gen_website
navigate to figma,tool_002,gen_website
"can you open yahoo, dropbox",tool_002,gen_website
can you open udemy?,tool_002,gen_website
visit zoom for me,tool_002,gen_website
search for bing and open it,tool_002,gen_website
go to linkedin and canva,tool_002,gen_website
launch stackoverflow and wikipedia,tool_002,gen_website
launch notion and anthropic,tool_002,gen_website
"go to bbc news, linkedin, twitter",tool_002,gen_website
navigate to discord,tool_002,gen_website
open canva.com,tool_002,gen_website
can you open espn and facebook,tool_002,gen_website
go to google drive,tool_002,gen_website
open notion in my browser,tool_002,gen_website
"go to youtube, and bing",tool_002,gen_website
open bbc news for me,tool_002,gen_website
i want to go to instagram,tool_002,gen_website
bring up bing,tool_002,gen_website
bring up facebook,tool_002,gen_website
visit gmail for me,tool_002,gen_website
launch chatgpt,tool_002,gen_website
pull up walmart,tool_002,gen_website
can you launch coursera?,tool_002,gen_website
launch canva,tool_002,gen_website
i want to go to netflix,tool_002,gen_website
search for hulu and open it,tool_002,gen_website
open up reddit and quora,tool_002,gen_website
bring up cnn,tool_002,gen_website
start bing,tool_002,gen_website
launch duolingo,tool_002,gen_website
can you launch hulu?,tool_002,gen_website
bring up gmail,tool_002,gen_website
"go to chatgpt, stackoverflow, slack",tool_002,gen_website
"launch google, and yahoo",tool_002,gen_website
open coursera in my browser,tool_002,gen_website
take me to slack,tool_002,gen_website
i need to check tiktok,tool_002,gen_website
can you launch twitch?,tool_002,gen_website
open the twitch website,tool_002,gen_website
navigate to imdb,tool_002,gen_website
take me to youtube,tool_002,gen_website
open up chatgpt please,tool_002,gen_website
launch whatsapp web,tool_002,gen_website
bring up coursera,tool_002,gen_website
i want to go to imdb,tool_002,gen_website
launch youtube,tool_002,gen_website
can you open cnn?,tool_002,gen_website
pull up zoom,tool_002,gen_website
pull up slack,tool_002,gen_website
open the khan academy website,tool_002,gen_website
navigate to dropbox,tool_002,gen_website
can you open netflix?,tool_002,gen_website
visit github for me,tool_002,gen_website
i need to check gmail,tool_002,gen_website
search for google drive and open it,tool_002,gen_website
can you launch amazon?,tool_002,gen_website
"launch etsy, and wikipedia",tool_002,gen_website
open spotify in my browser,tool_002,gen_website
please open espn,tool_002,gen_website
navigate to stackoverflow,tool_002,gen_website
"open zoom, and cnn",tool_002,gen_website
start wikipedia,tool_002,gen_website
"launch cnn, walmart, ebay",tool_002,gen_website
pull up imdb,tool_002,gen_website
open the espn website,tool_002,gen_website
visit dropbox for me,tool_002,gen_website
go to claude.ai and bbc news,tool_002,gen_website
bring up whatsapp web,tool_002,gen_website
launch dribbble,tool_002,gen_website
open up hulu and pinterest,tool_002,gen_website
open the twitter website,tool_002,gen_website
open up udemy please,tool_002,gen_website
take me to openai,tool_002,gen_website
visit khan academy for me,tool_002,gen_website
take me to figma,tool_002,gen_website
"open quora, coursera, zoom",tool_002,gen_website
"can you open bbc news, and walmart, and google",tool_002,gen_website
take me to discord,tool_002,gen_website
navigate to cnn,tool_002,gen_website
i need to check canva,tool_002,gen_website
pull up notion,tool_002,gen_website
visit slack for me,tool_002,gen_website
visit discord for me,tool_002,gen_website
launch medium,tool_002,gen_website
"open chatgpt, and quora, and imdb",tool_002,gen_website
open tiktok.com,tool_002,gen_website
can you open claude.ai?,tool_002,gen_website
i need to check claude.ai,tool_002,gen_website
can you launch nytimes?,tool_002,gen_website
open openai and udemy,tool_002,gen_website
take me to cnn,tool_002,gen_website
i want to go to etsy,tool_002,gen_website
launch twitter and slack and google maps,tool_002,gen_website
go to chatgpt,tool_002,gen_website
open imdb in my browser,tool_002,gen_website
can you open chatgpt?,tool_002,gen_website
start hulu,tool_002,gen_website
bring up netflix,tool_002,gen_website
"open etsy, bbc news, google maps",tool_002,gen_website
visit amazon for me,tool_002,gen_website
search for instagram and open it,tool_002,gen_website
i need to check reddit,tool_002,gen_website
open up cnn please,tool_002,gen_website
please open discord,tool_002,gen_website
"launch imdb, youtube",tool_002,gen_website
take me to coursera,tool_002,gen_website
"go to discord, and claude.ai",tool_002,gen_website
go to imdb,tool_002,gen_website
search for nytimes and open it,tool_002,gen_website
bring up espn,tool_002,gen_website
please open nytimes,tool_002,gen_website
can you open etsy?,tool_002,gen_website
open ebay,tool_002,gen_website
"open dropbox, wikipedia",tool_002,gen_website
go to google maps,tool_002,gen_website
start coursera,tool_002,gen_website
go to bbc news,tool_002,gen_website
open gmail and claude.ai,tool_002,gen_website
please open dropbox,tool_002,gen_website
"open up spotify, pinterest",tool_002,gen_website
pull up medium,tool_002,gen_website
"open canva, etsy, twitter",tool_002,gen_website
visit imdb for me,tool_002,gen_website
open anthropic and medium,tool_002,gen_website
i need to check udemy,tool_002,gen_website
launch etsy,tool_002,gen_website
open the dropbox website,tool_002,gen_website
"open cnn, github, medium",tool_002,gen_website
open up twitter and bing and amazon,tool_002,gen_website
open nytimes.com,tool_002,gen_website
"open up pinterest, claude.ai",tool_002,gen_website
go to medium and behance,tool_002,gen_website
go to dribbble and cnn,tool_002,gen_website
"can you open slack, claude.ai",tool_002,gen_website
please open google maps,tool_002,gen_website
"open up nytimes, and yahoo",tool_002,gen_website
open the stackoverflow website,tool_002,gen_website
"can you open twitter, walmart",tool_002,gen_website
open up google drive and dribbble,tool_002,gen_website
"can you open linkedin, and dribbble, and espn",tool_002,gen_website
"go to coursera, quora",tool_002,gen_website
take me to claude.ai,tool_002,gen_website
navigate to youtube,tool_002,gen_website
"open up medium, and google maps, and instagram",tool_002,gen_website
open coursera,tool_002,gen_website
can you open twitch and dribbble,tool_002,gen_website
open up discord please,tool_002,gen_website
open stackoverflow in my browser,tool_002,gen_website
launch bbc news and instagram and figma,tool_002,gen_website
take me to stackoverflow,tool_002,gen_website
open up canva please,tool_002,gen_website
i need to check figma,tool_002,gen_website
open quora,tool_002,gen_website
open up walmart please,tool_002,gen_website
"open up behance, khan academy",tool_002,gen_website
"go to github, chatgpt, instagram",tool_002,gen_website
can you launch espn?,tool_002,gen_website
search for slack and open it,tool_002,gen_website
visit yahoo for me,tool_002,gen_website
"open whatsapp web, google drive",tool_002,gen_website
can you launch linkedin?,tool_002,gen_website
"open quora, and youtube, and etsy",tool_002,gen_website
bring up twitter,tool_002,gen_website
open imdb for me,tool_002,gen_website
pull up quora,tool_002,gen_website
can you launch stackoverflow?,tool_002,gen_website
i want to go to medium,tool_002,gen_website
open the cnn website,tool_002,gen_website
start dropbox,tool_002,gen_website
start tiktok,tool_002,gen_website
"open up twitch, and anthropic",tool_002,gen_website
open the duolingo website,tool_002,gen_website
open up dribbble please,tool_002,gen_website
open reddit and coursera and bing,tool_002,gen_website
open spotify for me,tool_002,gen_website
start amazon,tool_002,gen_website
open the bbc news website,tool_002,gen_website
bring up duolingo,tool_002,gen_website
pull up google drive,tool_002,gen_website
open up udemy and imdb,tool_002,gen_website
"go to pinterest, and linkedin, and google",tool_002,gen_website
start openai,tool_002,gen_website
go to bing and stackoverflow,tool_002,gen_website
visit wikipedia for me,tool_002,gen_website
"launch twitter, and imdb",tool_002,gen_website
i want to go to coursera,tool_002,gen_website
please open canva,tool_002,gen_website
open up twitch please,tool_002,gen_website
open up twitter please,tool_002,gen_website
can you launch imdb?,tool_002,gen_website
visit cnn for me,tool_002,gen_website
search for stackoverflow and open it,tool_002,gen_website
can you open netflix and google maps and medium,tool_002,gen_website
open up google maps please,tool_002,gen_website
"open up discord, and espn",tool_002,gen_website
"go to canva, and duolingo",tool_002,gen_website
visit stackoverflow for me,tool_002,gen_website
i want to go to stackoverflow,tool_002,gen_website
open medium.com,tool_002,gen_website
"open instagram, and canva, and dropbox",tool_002,gen_website
open zoom in my browser,tool_002,gen_website
launch ebay,tool_002,gen_website
i need to check bbc news,tool_002,gen_website
can you open espn?,tool_002,gen_website
go to youtube,tool_002,gen_website
i want to go to figma,tool_002,gen_website
"can you open yahoo, and google drive",tool_002,gen_website
can you open figma and dropbox,tool_002,gen_website
can you open spotify?,tool_002,gen_website
"open up claude.ai, gmail",tool_002,gen_website
"open up walmart, and hulu, and medium",tool_002,gen_website
"open quora, and ebay",tool_002,gen_website
launch zoom,tool_002,gen_website
i want to go to ebay,tool_002,gen_website
open the coursera website,tool_002,gen_website
launch yahoo,tool_002,gen_website
"go to discord, and amazon",tool_002,gen_website
"open up instagram, and figma, and twitch",tool_002,gen_website
"go to khan academy, google maps, chatgpt",tool_002,gen_website
can you open openai and cnn,tool_002,gen_website
search for dribbble and open it,tool_002,gen_website
open the youtube website,tool_002,gen_website
"launch reddit, and twitter",tool_002,gen_website
open bing for me,tool_002,gen_website
start netflix,tool_002,gen_website
go to reddit,tool_002,gen_website
navigate to reddit,tool_002,gen_website
navigate to gmail,tool_002,gen_website
go to linkedin,tool_002,gen_website
"launch canva, khan academy",tool_002,gen_website
launch youtube and zoom,tool_002,gen_website
can you launch openai?,tool_002,gen_website
open etsy in my browser,tool_002,gen_website
take me to google maps,tool_002,gen_website
open cnn,tool_002,gen_website
pull up tiktok,tool_002,gen_website
i want to go to duolingo,tool_002,gen_website
take me to canva,tool_002,gen_website
take me to duolingo,tool_002,gen_website
open bing and twitter,tool_002,gen_website
open google.com,tool_002,gen_website
"open up anthropic, dribbble, medium",tool_002,gen_website
go to youtube and duolingo and stackoverflow,tool_002,gen_website
i need to check stackoverflow,tool_002,gen_website
open wikipedia.com,tool_002,gen_website
"go to openai, quora",tool_002,gen_website
please open slack,tool_002,gen_website
i need to check ebay,tool_002,gen_website
open amazon,tool_002,gen_website
open discord in my browser,tool_002,gen_website
"can you open linkedin, and dribbble, and pinterest",tool_002,gen_website
please open openai,tool_002,gen_website
"launch quora, and etsy, and bing",tool_002,gen_website
"open linkedin, yahoo",tool_002,gen_website
start imdb,tool_002,gen_website
"go to notion, and youtube",tool_002,gen_website
"can you open twitch, and bbc news, and amazon",tool_002,gen_website
"launch bbc news, youtube, dribbble",tool_002,gen_website
visit etsy for me,tool_002,gen_website
open dropbox.com,tool_002,gen_website
"open up behance, and twitter",tool_002,gen_website
can you open wikipedia?,tool_002,gen_website
open stackoverflow.com,tool_002,gen_website
open khan academy,tool_002,gen_website
start figma,tool_002,gen_website
please open chatgpt,tool_002,gen_website
open the etsy website,tool_002,gen_website
navigate to behance,tool_002,gen_website
navigate to spotify,tool_002,gen_website
i want to go to twitter,tool_002,gen_website
open up nytimes and canva and walmart,tool_002,gen_website
open behance,tool_002,gen_website
launch slack and dribbble,tool_002,gen_website
go to behance,tool_002,gen_website
can you launch gmail?,tool_002,gen_website
open up bing please,tool_002,gen_website
launch behance and dribbble,tool_002,gen_website
"go to reddit, and yahoo",tool_002,gen_website
open the spotify website,tool_002,gen_website
pull up stackoverflow,tool_002,gen_website
open udemy for me,tool_002,gen_website
"open claude.ai, and yahoo, and netflix",tool_002,gen_website
go to hulu and khan academy and bbc news,tool_002,gen_website
"open up canva, espn",tool_002,gen_website
"launch pinterest, instagram",tool_002,gen_website
"go to figma, notion",tool_002,gen_website
search for linkedin and open it,tool_002,gen_website
go to facebook,tool_002,gen_website
"go to google, and etsy",tool_002,gen_website
open pinterest.com,tool_002,gen_website
open anthropic in my browser,tool_002,gen_website
open claude.ai.com,tool_002,gen_website
please open zoom,tool_002,gen_website
open coursera.com,tool_002,gen_website
"launch behance, and twitch, and bbc news",tool_002,gen_website
navigate to anthropic,tool_002,gen_website
go to slack,tool_002,gen_website
open khan academy.com,tool_002,gen_website
"open up gmail, and nytimes",tool_002,gen_website
visit claude.ai for me,tool_002,gen_website
start behance,tool_002,gen_website
"launch ebay, and coursera",tool_002,gen_website
open wikipedia and linkedin,tool_002,gen_website
start espn,tool_002,gen_website
can you open google drive and wikipedia,tool_002,gen_website
i need to check spotify,tool_002,gen_website
open google maps.com,tool_002,gen_website
"open up duolingo, and canva",tool_002,gen_website
open up openai please,tool_002,gen_website
open the quora website,tool_002,gen_website
launch google,tool_002,gen_website
navigate to google drive,tool_002,gen_website
open duolingo for me,tool_002,gen_website
"can you open yahoo, and twitch, and notion",tool_002,gen_website
"can you open slack, and facebook, and netflix",tool_002,gen_website
"launch spotify, and netflix, and quora",tool_002,gen_website
open up nytimes please,tool_002,gen_website
launch dropbox,tool_002,gen_website
pull up twitter,tool_002,gen_website
can you open google?,tool_002,gen_website
open espn for me,tool_002,gen_website
open the openai website,tool_002,gen_website
open google,tool_002,gen_website
can you launch bing?,tool_002,gen_website
visit quora for me,tool_002,gen_website
search for etsy and open it,tool_002,gen_website
open twitch.com,tool_002,gen_website
bring up ebay,tool_002,gen_website
navigate to instagram,tool_002,gen_website
"open hulu, spotify, coursera",tool_002,gen_website
start claude.ai,tool_002,gen_website
open instagram for me,tool_002,gen_website
can you open instagram?,tool_002,gen_website
start google,tool_002,gen_website
open up google maps and ebay and zoom,tool_002,gen_website
open zoom.com,tool_002,gen_website
open up yahoo please,tool_002,gen_website
open up anthropic please,tool_002,gen_website
please open coursera,tool_002,gen_website
visit bbc news for me,tool_002,gen_website
search for tiktok and open it,tool_002,gen_website
open the google drive website,tool_002,gen_website
"launch google, and slack, and anthropic",tool_002,gen_website
bring up imdb,tool_002,gen_website
can you launch facebook?,tool_002,gen_website
start zoom,tool_002,gen_website
"go to walmart, and gmail",tool_002,gen_website
i need to check facebook,tool_002,gen_website
can you launch pinterest?,tool_002,gen_website
open the figma website,tool_002,gen_website
navigate to dribbble,tool_002,gen_website
"open wikipedia, and quora",tool_002,gen_website
search for chatgpt and open it,tool_002,gen_website
open google drive,tool_002,gen_website
open the linkedin website,tool_002,gen_website
open spotify.com,tool_002,gen_website
i need to check google maps,tool_002,gen_website
can you open notion?,tool_002,gen_website
start reddit,tool_002,gen_website
go to khan academy,tool_002,gen_website
can you open yahoo and imdb and khan academy,tool_002,gen_website
open ebay for me,tool_002,gen_website
launch reddit,tool_002,gen_website
navigate to zoom,tool_002,gen_website
pull up udemy,tool_002,gen_website
open espn in my browser,tool_002,gen_website
open imdb and google maps and linkedin,tool_002,gen_website
please open quora,tool_002,gen_website
can you open linkedin?,tool_002,gen_website
"launch wikipedia, and coursera",tool_002,gen_website
"open up facebook, and medium",tool_002,gen_website
"open medium, coursera",tool_002,gen_website
pull up behance,tool_002,gen_website
"launch stackoverflow, and google drive",tool_002,gen_website
"go to behance, and notion, and medium",tool_002,gen_website
open google drive in my browser,tool_002,gen_website
visit notion for me,tool_002,gen_website
open cnn.com,tool_002,gen_website
"go to github, and whatsapp web, and cnn",tool_002,gen_website
open pinterest,tool_002,gen_website
launch behance,tool_002,gen_website
take me to dropbox,tool_002,gen_website
"go to linkedin, and wikipedia",tool_002,gen_website
"go to etsy, and twitch, and nytimes",tool_002,gen_website
pull up khan academy,tool_002,gen_website
"can you open google maps, and twitter",tool_002,gen_website
pull up pinterest,tool_002,gen_website
please open amazon,tool_002,gen_website
please open claude.ai,tool_002,gen_website
go to linkedin and chatgpt and twitter,tool_002,gen_website
open the whatsapp web website,tool_002,gen_website
visit canva for me,tool_002,gen_website
take me to espn,tool_002,gen_website
"open up hulu, and nytimes, and youtube",tool_002,gen_website
please open pinterest,tool_002,gen_website
"open up etsy, and instagram",tool_002,gen_website
"go to google drive, nytimes, imdb",tool_002,gen_website
can you launch udemy?,tool_002,gen_website
pull up ebay,tool_002,gen_website
open the anthropic website,tool_002,gen_website
can you open google maps?,tool_002,gen_website
go to pinterest,tool_002,gen_website
open up behance please,tool_002,gen_website
can you launch spotify?,tool_002,gen_website
open google drive for me,tool_002,gen_website
i want to go to claude.ai,tool_002,gen_website
can you launch chatgpt?,tool_002,gen_website
"open up anthropic, facebook, linkedin",tool_002,gen_website
search for gmail and open it,tool_002,gen_website
visit nytimes for me,tool_002,gen_website
take me to ebay,tool_002,gen_website
visit duolingo for me,tool_002,gen_website
open claude.ai in my browser,tool_002,gen_website
can you launch ebay?,tool_002,gen_website
launch instagram,tool_002,gen_website
visit spotify for me,tool_002,gen_website
"can you open instagram, dropbox",tool_002,gen_website
go to stackoverflow,tool_002,gen_website
open up amazon please,tool_002,gen_website
open behance for me,tool_002,gen_website
open twitter.com,tool_002,gen_website
launch openai and netflix,tool_002,gen_website
i want to go to notion,tool_002,gen_website
open wikipedia for me,tool_002,gen_website
"can you open canva, and chatgpt, and cnn",tool_002,gen_website
go to ebay and github and canva,tool_002,gen_website
"open up bing, and duolingo",tool_002,gen_website
open dribbble in my browser,tool_002,gen_website
start twitch,tool_002,gen_website
go to linkedin and medium and slack,tool_002,gen_website
can you launch behance?,tool_002,gen_website
open khan academy in my browser,tool_002,gen_website
can you launch twitter?,tool_002,gen_website
can you open duolingo and twitch and figma,tool_002,gen_website
"open facebook, and discord, and cnn",tool_002,gen_website
open the pinterest website,tool_002,gen_website
"go to yahoo, google",tool_002,gen_website
open openai in my browser,tool_002,gen_website
"launch wikipedia, and figma, and google drive",tool_002,gen_website
open up twitter and openai,tool_002,gen_website
open up coursera please,tool_002,gen_website
launch bbc news,tool_002,gen_website
"can you open amazon, google drive",tool_002,gen_website
pull up yahoo,tool_002,gen_website
search for quora and open it,tool_002,gen_website
"launch dropbox, dribbble, slack",tool_002,gen_website
i want to go to udemy,tool_002,gen_website
"open udemy, and spotify, and stackoverflow",tool_002,gen_website
take me to etsy,tool_002,gen_website
start spotify,tool_002,gen_website
pull up google,tool_002,gen_website
open dropbox for me,tool_002,gen_website
open ebay in my browser,tool_002,gen_website
i want to go to dropbox,tool_002,gen_website
start nytimes,tool_002,gen_website
open facebook,tool_002,gen_website
visit google for me,tool_002,gen_website
visit dribbble for me,tool_002,gen_website
launch facebook,tool_002,gen_website
search for anthropic and open it,tool_002,gen_website
open openai,tool_002,gen_website
search for twitter and open it,tool_002,gen_website
take me to chatgpt,tool_002,gen_website
open amazon in my browser,tool_002,gen_website
take me to netflix,tool_002,gen_website
i want to go to yahoo,tool_002,gen_website
open the medium website,tool_002,gen_website
"open hulu, and nytimes, and chatgpt",tool_002,gen_website
"open nytimes, openai",tool_002,gen_website
"launch anthropic, linkedin, quora",tool_002,gen_website
take me to walmart,tool_002,gen_website
open walmart for me,tool_002,gen_website
go to openai and linkedin and espn,tool_002,gen_website
"can you open behance, and nytimes, and whatsapp web",tool_002,gen_website
pull up reddit,tool_002,gen_website
open up claude.ai and zoom and behance,tool_002,gen_website
"open up pinterest, khan academy",tool_002,gen_website
search for google maps and open it,tool_002,gen_website
open facebook.com,tool_002,gen_website
take me to tiktok,tool_002,gen_website
open medium for me,tool_002,gen_website
"go to linkedin, and zoom, and spotify",tool_002,gen_website
can you open claude.ai and chatgpt,tool_002,gen_website
take me to medium,tool_002,gen_website
"open linkedin, and cnn",tool_002,gen_website
open up gmail please,tool_002,gen_website
go to espn,tool_002,gen_website
search for imdb and open it,tool_002,gen_website
pull up bing,tool_002,gen_website
open the hulu website,tool_002,gen_website
can you open github?,tool_002,gen_website
go to hulu and tiktok,tool_002,gen_website
"launch reddit, tiktok, google drive",tool_002,gen_website
can you open behance and notion and google drive,tool_002,gen_website
"launch twitch, and netflix, and dropbox",tool_002,gen_website
can you open facebook and twitch,tool_002,gen_website
start discord,tool_002,gen_website
i need to check dropbox,tool_002,gen_website
open up discord and etsy,tool_002,gen_website
can you open medium?,tool_002,gen_website
can you open youtube?,tool_002,gen_website
open google drive.com,tool_002,gen_website
launch cnn,tool_002,gen_website
open discord and medium,tool_002,gen_website
please open udemy,tool_002,gen_website
"launch github, google, whatsapp web",tool_002,gen_website
open bing,tool_002,gen_website
"go to slack, dribbble, coursera",tool_002,gen_website
can you open netflix and discord and spotify,tool_002,gen_website
launch gmail and dribbble,tool_002,gen_website
"open medium, google maps, dropbox",tool_002,gen_website
navigate to tiktok,tool_002,gen_website
"launch quora, and discord, and claude.ai",tool_002,gen_website
pull up twitch,tool_002,gen_website
open dropbox and espn,tool_002,gen_website
visit youtube for me,tool_002,gen_website
open canva and medium and instagram,tool_002,gen_website
i need to check anthropic,tool_002,gen_website
go to gmail,tool_002,gen_website
go to github,tool_002,gen_website
"open up bing, hulu, duolingo",tool_002,gen_website
i need to check youtube,tool_002,gen_website
open up netflix and linkedin,tool_002,gen_website
go to twitch,tool_002,gen_website
launch google maps and gmail and netflix,tool_002,gen_website
bring up udemy,tool_002,gen_website
open notion.com,tool_002,gen_website
open notion,tool_002,gen_website
"open espn, twitter, gmail",tool_002,gen_website
can you launch dribbble?,tool_002,gen_website
pull up spotify,tool_002,gen_website
open up stackoverflow and chatgpt and amazon,tool_002,gen_website
go to google,tool_002,gen_website
please open whatsapp web,tool_002,gen_website
open twitter for me,tool_002,gen_website
open up netflix please,tool_002,gen_website
navigate to amazon,tool_002,gen_website
open gmail in my browser,tool_002,gen_website
please open bbc news,tool_002,gen_website
"open up gmail, and dribbble",tool_002,gen_website
"launch whatsapp web, and stackoverflow",tool_002,gen_website
open medium in my browser,tool_002,gen_website
search for amazon and open it,tool_002,gen_website
i need to check yahoo,tool_002,gen_website
launch twitter,tool_002,gen_website
"open stackoverflow, discord",tool_002,gen_website
can you open coursera?,tool_002,gen_website
launch google drive,tool_002,gen_website
"open up quora, instagram, chatgpt",tool_002,gen_website
"can you open reddit, whatsapp web, youtube",tool_002,gen_website
navigate to medium,tool_002,gen_website
open anthropic.com,tool_002,gen_website
search for zoom and open it,tool_002,gen_website
open behance.com,tool_002,gen_website
"can you open coursera, and bing, and etsy",tool_002,gen_website
"can you open espn, twitch, dropbox",tool_002,gen_website
can you open dribbble?,tool_002,gen_website
i need to check quora,tool_002,gen_website
i want to go to whatsapp web,tool_002,gen_website
please open youtube,tool_002,gen_website
i want to go to espn,tool_002,gen_website
open duolingo and medium and facebook,tool_002,gen_website
please open figma,tool_002,gen_website
open discord.com,tool_002,gen_website
open tiktok in my browser,tool_002,gen_website
bring up reddit,tool_002,gen_website
navigate to linkedin,tool_002,gen_website
open the zoom website,tool_002,gen_website
open the walmart website,tool_002,gen_website
launch yahoo and anthropic,tool_002,gen_website
open canva in my browser,tool_002,gen_website
open linkedin,tool_002,gen_website
"can you open wikipedia, and github, and pinterest",tool_002,gen_website
please open linkedin,tool_002,gen_website
launch stackoverflow and medium and twitter,tool_002,gen_website
"open up whatsapp web, zoom",tool_002,gen_website
open yahoo,tool_002,gen_website
open etsy,tool_002,gen_website
can you launch anthropic?,tool_002,gen_website
open google maps,tool_002,gen_website
open pinterest for me,tool_002,gen_website
pull up facebook,tool_002,gen_website
pull up instagram,tool_002,gen_website
bring up etsy,tool_002,gen_website
search for walmart and open it,tool_002,gen_website
open whatsapp web,tool_002,gen_website
start slack,tool_002,gen_website
can you launch walmart?,tool_002,gen_website
go to dropbox,tool_002,gen_website
search for youtube and open it,tool_002,gen_website
i need to check wikipedia,tool_002,gen_website
bring up canva,tool_002,gen_website
search for openai and open it,tool_002,gen_website
"can you open notion, google maps, slack",tool_002,gen_website
"go to google drive, and khan academy",tool_002,gen_website
can you open etsy and coursera,tool_002,gen_website
open up gmail and instagram and whatsapp web,tool_002,gen_website
open up bbc news please,tool_002,gen_website
open amazon.com,tool_002,gen_website
"can you open hulu, and discord, and duolingo",tool_002,gen_website
"launch twitch, and reddit",tool_002,gen_website
"i was wondering, how much memory is being used for me",tool_003,ram_usage
could you can you tell me how much ram i'm using,tool_003,ram_usage
"real quick, check how much ram is used?",tool_003,ram_usage
"real quick, what's my memory percentage thanks a lot",tool_003,ram_usage
please how much ram is free right now right now,tool_003,ram_usage
"one more thing, how much memory do i have free if that's ok",tool_003,ram_usage
"one more thing, what's my current ram usage? thanks",tool_003,ram_usage
"yo, ram usage please?",tool_003,ram_usage
"yo, what percentage of ram is used for me",tool_003,ram_usage
"hey claude, tell me my ram usage thanks",tool_003,ram_usage
how much ram am i using thanks,tool_003,ram_usage
"alright, what percentage of ram is used please",tool_003,ram_usage
"yo, ram check please asap",tool_003,ram_usage
quick question - ram check please right now,tool_003,ram_usage
please what's the ram utilization?,tool_003,ram_usage
"hey claude, how full is my ram please",tool_003,ram_usage
"hey, i want to know my ram usage when you get a chance",tool_003,ram_usage
"alright, how much memory do i have free when you get a chance",tool_003,ram_usage
"assistant, i want to know my ram usage right now",tool_003,ram_usage
"hmm, how much ram is free right now thanks",tool_003,ram_usage
"assistant, what's my current ram usage? for a second",tool_003,ram_usage
please ram check please if that's ok,tool_003,ram_usage
"real quick, how full is my ram please",tool_003,ram_usage
"hey claude, ram usage please when you have a moment",tool_003,ram_usage
"real quick, how much ram is my system using for me",tool_003,ram_usage
quick question - can you check ram usage for me,tool_003,ram_usage
quick question - show me ram usage thanks a lot,tool_003,ram_usage
"yo, can you get the ram usage for me if you can",tool_003,ram_usage
"yo, show me ram usage asap",tool_003,ram_usage
"i was wondering, display current ram usage thanks",tool_003,ram_usage
"i was wondering, i want to know my ram usage",tool_003,ram_usage
"yo, can you tell me how much ram i'm using for a second",tool_003,ram_usage
"before i forget, how's my memory doing for a second",tool_003,ram_usage
"assistant, how much memory is being used when you have a moment",tool_003,ram_usage
"hmm, can you check ram usage thanks",tool_003,ram_usage
"so, how's my memory doing now",tool_003,ram_usage
"so, give me the ram stats asap",tool_003,ram_usage
"one more thing, ram check please when you have a moment",tool_003,ram_usage
"before i forget, ram usage please now",tool_003,ram_usage
"real quick, how much memory do i have free thanks",tool_003,ram_usage
please i want to know my ram usage if you can,tool_003,ram_usage
"before i forget, how much ram is my system using real quick",tool_003,ram_usage
"so, give me the ram stats right now",tool_003,ram_usage
"yo, what's the ram utilization for a second",tool_003,ram_usage
please what's my current ram usage? for me,tool_003,ram_usage
"hey, can you check ram usage please",tool_003,ram_usage
"real quick, memory usage report please when you have a moment",tool_003,ram_usage
"before i forget, how full is my ram now",tool_003,ram_usage
quick question - check my ram usage real quick,tool_003,ram_usage
quick question - display current ram usage for me,tool_003,ram_usage
quick question - what's the ram utilization when you get a chance,tool_003,ram_usage
could you is my ram usage high right now,tool_003,ram_usage
"so, how much ram am i using",tool_003,ram_usage
"yo, what's my ram at right now asap",tool_003,ram_usage
can you display current ram usage please,tool_003,ram_usage
ram usage please thanks,tool_003,ram_usage
"real quick, how's my memory doing when you have a moment",tool_003,ram_usage
quick question - how full is my ram for me,tool_003,ram_usage
could you memory usage report please thanks a lot,tool_003,ram_usage
can you how's my memory doing,tool_003,ram_usage
"assistant, can you get the ram usage for me thanks a lot",tool_003,ram_usage
"yo, what's my memory percentage please",tool_003,ram_usage
"hey claude, what's my current ram usage? please",tool_003,ram_usage
"hey, how much ram am i using?",tool_003,ram_usage
please show ram percentage thanks,tool_003,ram_usage
quick question - how much ram am i using real quick,tool_003,ram_usage
can you what's the ram utilization for me,tool_003,ram_usage
can you check ram usage thanks,tool_003,ram_usage
please ram check please when you have a moment,tool_003,ram_usage
"assistant, what is the current memory usage if that's ok",tool_003,ram_usage
"real quick, ram usage please thanks",tool_003,ram_usage
"hey, memory usage report please?",tool_003,ram_usage
"yo, how much memory is being used if you can",tool_003,ram_usage
"i was wondering, ram usage please",tool_003,ram_usage
"hey, tell me my ram usage?",tool_003,ram_usage
check my ram usage if you can,tool_003,ram_usage
"hey claude, check memory usage for a second",tool_003,ram_usage
"so, what percentage of ram is used when you have a moment",tool_003,ram_usage
"so, what is the current memory usage please",tool_003,ram_usage
can you memory usage report please thanks,tool_003,ram_usage
"assistant, how much ram is my system using please",tool_003,ram_usage
"one more thing, how much ram am i using for a second",tool_003,ram_usage
"real quick, ram usage please",tool_003,ram_usage
"before i forget, ram check please real quick",tool_003,ram_usage
"so, check memory usage real quick",tool_003,ram_usage
"real quick, ram usage please real quick",tool_003,ram_usage
quick question - what is the current memory usage thanks,tool_003,ram_usage
can you can you check ram usage asap,tool_003,ram_usage
please what percentage of ram is used asap,tool_003,ram_usage
"yo, what's my ram at right now thanks a lot",tool_003,ram_usage
"one more thing, how's my memory doing when you have a moment",tool_003,ram_usage
"alright, can you get the ram usage for me when you get a chance",tool_003,ram_usage
"hey, check how much ram is used if you can",tool_003,ram_usage
can you what's my ram at right now for me,tool_003,ram_usage
"yo, what percentage of ram is used when you get a chance",tool_003,ram_usage
"real quick, how much memory do i have free when you have a moment",tool_003,ram_usage
"real quick, ram check please if that's ok",tool_003,ram_usage
"hey, is my ram usage high when you get a chance",tool_003,ram_usage
quick question - how's my memory doing for a second,tool_003,ram_usage
"yo, memory usage report please when you have a moment",tool_003,ram_usage
"so, tell me my ram usage now",tool_003,ram_usage
"i was wondering, how much ram is my system using please",tool_003,ram_usage
"real quick, what percentage of ram is used thanks",tool_003,ram_usage
please how full is my ram thanks,tool_003,ram_usage
"before i forget, how much ram am i using please",tool_003,ram_usage
can you show ram percentage?,tool_003,ram_usage
"one more thing, what's my current ram usage? now",tool_003,ram_usage
"yo, what's the ram utilization now",tool_003,ram_usage
quick question - show ram percentage when you have a moment,tool_003,ram_usage
quick question - how much ram is my system using?,tool_003,ram_usage
"hey, show me how much ram is being used asap",tool_003,ram_usage
quick question - what's my memory percentage if that's ok,tool_003,ram_usage
"before i forget, ram usage please when you have a moment",tool_003,ram_usage
how much memory do i have free thanks,tool_003,ram_usage
"so, check how much ram is used if that's ok",tool_003,ram_usage
could you can you check ram usage real quick,tool_003,ram_usage
"hmm, memory usage report please real quick",tool_003,ram_usage
"hey claude, how much memory do i have free real quick",tool_003,ram_usage
"hey claude, tell me my ram usage when you have a moment",tool_003,ram_usage
"yo, check my ram usage if that's ok",tool_003,ram_usage
can you i want to know my ram usage for a second,tool_003,ram_usage
please can you check ram usage right now,tool_003,ram_usage
"before i forget, can you tell me how much ram i'm using thanks",tool_003,ram_usage
"i was wondering, can you check ram usage",tool_003,ram_usage
"assistant, how much ram is free right now thanks a lot",tool_003,ram_usage
"alright, what's the ram utilization thanks",tool_003,ram_usage
"yo, how much ram is my system using for a second",tool_003,ram_usage
"before i forget, show me how much ram is being used",tool_003,ram_usage
could you how's my memory doing for me,tool_003,ram_usage
"hey claude, check how much ram is used for a second",tool_003,ram_usage
"one more thing, show me ram usage when you have a moment",tool_003,ram_usage
"real quick, check memory usage if you can",tool_003,ram_usage
please can you get the ram usage for me,tool_003,ram_usage
can you how much memory is being used please,tool_003,ram_usage
"hmm, check my ram usage thanks",tool_003,ram_usage
"before i forget, memory usage report please real quick",tool_003,ram_usage
could you how full is my ram for me,tool_003,ram_usage
"real quick, how much ram am i using when you get a chance",tool_003,ram_usage
could you check my ram usage when you have a moment,tool_003,ram_usage
could you how much memory is being used,tool_003,ram_usage
can you what's the ram utilization please,tool_003,ram_usage
quick question - what's the ram utilization?,tool_003,ram_usage
"real quick, give me the ram stats when you get a chance",tool_003,ram_usage
"one more thing, how much ram am i using right now",tool_003,ram_usage
can you i want to know my ram usage if that's ok,tool_003,ram_usage
"hey claude, display current ram usage for a second",tool_003,ram_usage
"one more thing, can you get the ram usage for me right now",tool_003,ram_usage
can you how full is my ram when you have a moment,tool_003,ram_usage
check how much ram is used?,tool_003,ram_usage
"real quick, how much ram is my system using if that's ok",tool_003,ram_usage
"i was wondering, what percentage of ram is used thanks",tool_003,ram_usage
"assistant, ram check please if that's ok",tool_003,ram_usage
"before i forget, can you get the ram usage for me right now",tool_003,ram_usage
"assistant, tell me my ram usage asap",tool_003,ram_usage
"alright, is my ram usage high asap",tool_003,ram_usage
can you give me the ram stats if that's ok,tool_003,ram_usage
show ram percentage if you can,tool_003,ram_usage
"assistant, what's my ram at right now if that's ok",tool_003,ram_usage
"real quick, how much memory do i have free real quick",tool_003,ram_usage
"real quick, how much ram is my system using right now",tool_003,ram_usage
"i was wondering, how full is my ram if you can",tool_003,ram_usage
could you can you get the ram usage for me when you have a moment,tool_003,ram_usage
"hey claude, what's my memory percentage for a second",tool_003,ram_usage
"hey claude, how much memory do i have free",tool_003,ram_usage
"alright, ram check please thanks a lot",tool_003,ram_usage
"so, what is the current memory usage for me",tool_003,ram_usage
could you what's my ram at right now right now,tool_003,ram_usage
"so, what's my memory percentage for a second",tool_003,ram_usage
can you show ram percentage if you can,tool_003,ram_usage
"before i forget, what is the current memory usage thanks a lot",tool_003,ram_usage
"hey, is my ram usage high thanks",tool_003,ram_usage
"hey claude, ram check please?",tool_003,ram_usage
"alright, how much memory do i have free asap",tool_003,ram_usage
can you how much memory is being used real quick,tool_003,ram_usage
"before i forget, check memory usage now",tool_003,ram_usage
"real quick, show me how much ram is being used right now",tool_003,ram_usage
memory usage report please if you can,tool_003,ram_usage
"hmm, what's my current ram usage? when you get a chance",tool_003,ram_usage
please check my ram usage now,tool_003,ram_usage
"hmm, ram usage please when you get a chance",tool_003,ram_usage
"hmm, i want to know my ram usage for a second",tool_003,ram_usage
"real quick, check memory usage for a second",tool_003,ram_usage
please check my ram usage for me,tool_003,ram_usage
"assistant, can you get the ram usage for me asap",tool_003,ram_usage
"alright, check memory usage for me",tool_003,ram_usage
"real quick, what is the current memory usage asap",tool_003,ram_usage
"i was wondering, i want to know my ram usage?",tool_003,ram_usage
"real quick, what is the current memory usage right now",tool_003,ram_usage
please what percentage of ram is used if you can,tool_003,ram_usage
"i was wondering, tell me my ram usage when you get a chance",tool_003,ram_usage
"so, can you check ram usage?",tool_003,ram_usage
"assistant, can you tell me how much ram i'm using right now",tool_003,ram_usage
"so, show ram percentage?",tool_003,ram_usage
"i was wondering, how much ram is my system using",tool_003,ram_usage
"hey, give me the ram stats asap",tool_003,ram_usage
please what's my current ram usage? now,tool_003,ram_usage
"before i forget, check how much ram is used for me",tool_003,ram_usage
"yo, check my ram usage?",tool_003,ram_usage
"hey claude, how much ram is free right now for me",tool_003,ram_usage
can you check memory usage,tool_003,ram_usage
"before i forget, is my ram usage high if you can",tool_003,ram_usage
"so, show me how much ram is being used thanks a lot",tool_003,ram_usage
"yo, check my ram usage",tool_003,ram_usage
"assistant, memory usage report please thanks",tool_003,ram_usage
can you give me the ram stats asap,tool_003,ram_usage
"so, show me how much ram is being used when you get a chance",tool_003,ram_usage
"yo, what's the ram utilization real quick",tool_003,ram_usage
"before i forget, what is the current memory usage for a second",tool_003,ram_usage
"so, how much ram is my system using if you can",tool_003,ram_usage
"hey, what's my ram at right now right now",tool_003,ram_usage
what percentage of ram is used asap,tool_003,ram_usage
"hey claude, what's my ram at right now for me",tool_003,ram_usage
could you show me how much ram is being used now,tool_003,ram_usage
please how much memory do i have free?,tool_003,ram_usage
"real quick, how much ram is my system using real quick",tool_003,ram_usage
"alright, how full is my ram right now",tool_003,ram_usage
"alright, how much ram am i using for a second",tool_003,ram_usage
"i was wondering, what percentage of ram is used when you have a moment",tool_003,ram_usage
could you can you tell me how much ram i'm using?,tool_003,ram_usage
"hey, show me ram usage thanks a lot",tool_003,ram_usage
"alright, what's my memory percentage thanks",tool_003,ram_usage
could you check memory usage,tool_003,ram_usage
"assistant, show ram percentage for me",tool_003,ram_usage
"i was wondering, how much ram is free right now asap",tool_003,ram_usage
"hey claude, show me how much ram is being used asap",tool_003,ram_usage
"alright, i want to know my ram usage for me",tool_003,ram_usage
"alright, ram check please if that's ok",tool_003,ram_usage
could you how much ram am i using please,tool_003,ram_usage
can you get the ram usage for me,tool_003,ram_usage
"before i forget, memory usage report please thanks a lot",tool_003,ram_usage
how much ram is my system using thanks,tool_003,ram_usage
"one more thing, check memory usage for me",tool_003,ram_usage
i want to know my ram usage thanks,tool_003,ram_usage
"hmm, how full is my ram please",tool_003,ram_usage
"hey claude, ram usage please for me",tool_003,ram_usage
"before i forget, what is the current memory usage thanks",tool_003,ram_usage
"so, how's my memory doing asap",tool_003,ram_usage
can you what is the current memory usage when you have a moment,tool_003,ram_usage
can you show me how much ram is being used for a second,tool_003,ram_usage
"assistant, can you check ram usage when you get a chance",tool_003,ram_usage
"real quick, check memory usage please",tool_003,ram_usage
"alright, show me how much ram is being used?",tool_003,ram_usage
please how's my memory doing right now,tool_003,ram_usage
"assistant, how's my memory doing when you have a moment",tool_003,ram_usage
can you show ram percentage right now,tool_003,ram_usage
quick question - check how much ram is used when you get a chance,tool_003,ram_usage
could you ram check please now,tool_003,ram_usage
"before i forget, can you get the ram usage for me if that's ok",tool_003,ram_usage
can you what percentage of ram is used for a second,tool_003,ram_usage
"alright, what's my current ram usage? if that's ok",tool_003,ram_usage
"hey, display current ram usage real quick",tool_003,ram_usage
how much memory is being used now,tool_003,ram_usage
"real quick, how much ram am i using thanks a lot",tool_003,ram_usage
"yo, tell me my ram usage when you get a chance",tool_003,ram_usage
"hmm, memory usage report please please",tool_003,ram_usage
tell me my ram usage?,tool_003,ram_usage
"real quick, can you get the ram usage for me",tool_003,ram_usage
"i was wondering, show me ram usage if you can",tool_003,ram_usage
"one more thing, how much memory do i have free now",tool_003,ram_usage
show ram percentage when you get a chance,tool_003,ram_usage
"i was wondering, check my ram usage",tool_003,ram_usage
"hmm, how much ram am i using thanks",tool_003,ram_usage
"i was wondering, show me ram usage",tool_003,ram_usage
"hmm, ram check please?",tool_003,ram_usage
could you give me the ram stats right now,tool_003,ram_usage
"assistant, what's my current ram usage? if you can",tool_003,ram_usage
"real quick, i want to know my ram usage?",tool_003,ram_usage
quick question - is my ram usage high asap,tool_003,ram_usage
can you show ram percentage asap,tool_003,ram_usage
can you tell me how much ram i'm using please,tool_003,ram_usage
please check how much ram is used now,tool_003,ram_usage
"before i forget, check how much ram is used",tool_003,ram_usage
"before i forget, can you check ram usage real quick",tool_003,ram_usage
"before i forget, what is the current memory usage",tool_003,ram_usage
"so, what's my memory percentage asap",tool_003,ram_usage
"so, how much memory do i have free when you get a chance",tool_003,ram_usage
"assistant, how much memory is being used real quick",tool_003,ram_usage
"hey claude, display current ram usage?",tool_003,ram_usage
"alright, show me ram usage real quick",tool_003,ram_usage
quick question - how's my memory doing when you have a moment,tool_003,ram_usage
"one more thing, how much memory is being used right now",tool_003,ram_usage
please check my ram usage for a second,tool_003,ram_usage
"alright, ram check please asap",tool_003,ram_usage
"yo, can you get the ram usage for me please",tool_003,ram_usage
"before i forget, what's the ram utilization right now",tool_003,ram_usage
what percentage of ram is used when you have a moment,tool_003,ram_usage
could you show me how much ram is being used please,tool_003,ram_usage
can you give me the ram stats for a second,tool_003,ram_usage
"alright, give me the ram stats",tool_003,ram_usage
"one more thing, show ram percentage asap",tool_003,ram_usage
could you ram check please for a second,tool_003,ram_usage
"hey, what percentage of ram is used now",tool_003,ram_usage
can you what's my current ram usage? if you can,tool_003,ram_usage
"yo, what is the current memory usage when you get a chance",tool_003,ram_usage
"yo, check how much ram is used right now",tool_003,ram_usage
"i was wondering, check how much ram is used for a second",tool_003,ram_usage
can you what's the ram utilization,tool_003,ram_usage
could you show me how much ram is being used asap,tool_003,ram_usage
"hey claude, how much ram am i using if you can",tool_003,ram_usage
"i was wondering, show me ram usage for me",tool_003,ram_usage
"so, what's my current ram usage? asap",tool_003,ram_usage
"real quick, check how much ram is used if you can",tool_003,ram_usage
could you ram check please asap,tool_003,ram_usage
can you how much memory do i have free real quick,tool_003,ram_usage
"assistant, what is the current memory usage for me",tool_003,ram_usage
could you how's my memory doing asap,tool_003,ram_usage
"hey, show me how much ram is being used right now",tool_003,ram_usage
"so, ram usage please please",tool_003,ram_usage
"yo, how much ram is free right now?",tool_003,ram_usage
"hey claude, check memory usage for me",tool_003,ram_usage
"yo, memory usage report please please",tool_003,ram_usage
check memory usage if you can,tool_003,ram_usage
"before i forget, check how much ram is used now",tool_003,ram_usage
"alright, how much ram is free right now for a second",tool_003,ram_usage
"hey claude, how much ram is my system using for a second",tool_003,ram_usage
quick question - how full is my ram please,tool_003,ram_usage
"before i forget, ram check please thanks",tool_003,ram_usage
"alright, how much memory is being used",tool_003,ram_usage
"hey, check how much ram is used thanks a lot",tool_003,ram_usage
"alright, ram usage please please",tool_003,ram_usage
"before i forget, how's my memory doing if that's ok",tool_003,ram_usage
"so, how full is my ram right now",tool_003,ram_usage
"hmm, check memory usage right now",tool_003,ram_usage
"assistant, give me the ram stats real quick",tool_003,ram_usage
"real quick, check memory usage if that's ok",tool_003,ram_usage
"real quick, what's my current ram usage? if that's ok",tool_003,ram_usage
quick question - can you get the ram usage for me,tool_003,ram_usage
"i was wondering, how much ram is free right now now",tool_003,ram_usage
could you ram check please?,tool_003,ram_usage
"alright, how's my memory doing please",tool_003,ram_usage
"hmm, what is the current memory usage?",tool_003,ram_usage
can you i want to know my ram usage when you get a chance,tool_003,ram_usage
"one more thing, display current ram usage for me",tool_003,ram_usage
"hmm, show ram percentage when you get a chance",tool_003,ram_usage
"assistant, how much ram is free right now if you can",tool_003,ram_usage
quick question - what's my current ram usage? for a second,tool_003,ram_usage
"hey claude, what's the ram utilization thanks a lot",tool_003,ram_usage
"hey, can you tell me how much ram i'm using for me",tool_003,ram_usage
could you is my ram usage high,tool_003,ram_usage
"hmm, can you check ram usage right now",tool_003,ram_usage
"hey claude, how's my memory doing for me",tool_003,ram_usage
"hmm, display current ram usage if you can",tool_003,ram_usage
can you show me ram usage when you get a chance,tool_003,ram_usage
"i was wondering, how much memory is being used?",tool_003,ram_usage
"assistant, i want to know my ram usage?",tool_003,ram_usage
can you ram usage please please,tool_003,ram_usage
"yo, tell me my ram usage asap",tool_003,ram_usage
could you how full is my ram?,tool_003,ram_usage
how much memory is being used real quick,tool_003,ram_usage
"hey claude, is my ram usage high if that's ok",tool_003,ram_usage
"yo, ram usage please asap",tool_003,ram_usage
"real quick, tell me my ram usage asap",tool_003,ram_usage
could you what's the ram utilization now,tool_003,ram_usage
can you display current ram usage,tool_003,ram_usage
"hey, what's my memory percentage real quick",tool_003,ram_usage
"alright, is my ram usage high right now",tool_003,ram_usage
please check how much ram is used for me,tool_003,ram_usage
"alright, check memory usage real quick",tool_003,ram_usage
"hey claude, how much ram am i using asap",tool_003,ram_usage
"so, can you tell me how much ram i'm using when you have a moment",tool_003,ram_usage
"yo, memory usage report please",tool_003,ram_usage
"hey, how's my memory doing for me",tool_003,ram_usage
"alright, show me how much ram is being used thanks a lot",tool_003,ram_usage
please show me ram usage please,tool_003,ram_usage
"so, ram usage please for a second",tool_003,ram_usage
"hey claude, show me how much ram is being used now",tool_003,ram_usage
"assistant, check my ram usage right now",tool_003,ram_usage
"before i forget, can you get the ram usage for me now",tool_003,ram_usage
"one more thing, tell me my ram usage if that's ok",tool_003,ram_usage
"assistant, ram usage please for a second",tool_003,ram_usage
"hmm, what's my memory percentage when you get a chance",tool_003,ram_usage
"one more thing, tell me my ram usage now",tool_003,ram_usage
quick question - what's the ram utilization right now,tool_003,ram_usage
i want to know my ram usage asap,tool_003,ram_usage
please what is the current memory usage please,tool_003,ram_usage
"i was wondering, give me the ram stats thanks",tool_003,ram_usage
can you tell me how much ram i'm using when you have a moment,tool_003,ram_usage
please how much ram is my system using for a second,tool_003,ram_usage
quick question - how's my memory doing if you can,tool_003,ram_usage
"before i forget, how much memory is being used if that's ok",tool_003,ram_usage
"alright, give me the ram stats thanks a lot",tool_003,ram_usage
"alright, give me the ram stats for me",tool_003,ram_usage
"one more thing, can you check ram usage when you have a moment",tool_003,ram_usage
"alright, what's my memory percentage when you get a chance",tool_003,ram_usage
"yo, how much ram am i using when you have a moment",tool_003,ram_usage
please give me the ram stats thanks a lot,tool_003,ram_usage
can you tell me how much ram i'm using right now,tool_003,ram_usage
can you tell me my ram usage please,tool_003,ram_usage
"hey claude, how much ram is free right now if you can",tool_003,ram_usage
quick question - memory usage report please for me,tool_003,ram_usage
"assistant, how's my memory doing for me",tool_003,ram_usage
"before i forget, ram usage please if that's ok",tool_003,ram_usage
"alright, check memory usage if you can",tool_003,ram_usage
can you what's the ram utilization now,tool_003,ram_usage
can you what's my memory percentage when you have a moment,tool_003,ram_usage
"before i forget, check how much ram is used please",tool_003,ram_usage
"i was wondering, show me how much ram is being used when you have a moment",tool_003,ram_usage
please show me how much ram is being used thanks a lot,tool_003,ram_usage
"so, what percentage of ram is used real quick",tool_003,ram_usage
"real quick, show me how much ram is being used for a second",tool_003,ram_usage
"hey claude, show me ram usage",tool_003,ram_usage
"alright, check how much ram is used",tool_003,ram_usage
"one more thing, check memory usage",tool_003,ram_usage
could you show me how much ram is being used when you have a moment,tool_003,ram_usage
"one more thing, how much ram is free right now now",tool_003,ram_usage
"hmm, what percentage of ram is used when you have a moment",tool_003,ram_usage
quick question - show me how much ram is being used now,tool_003,ram_usage
"i was wondering, how much memory is being used thanks",tool_003,ram_usage
"one more thing, display current ram usage right now",tool_003,ram_usage
"hey, memory usage report please if you can",tool_003,ram_usage
ram usage please thanks a lot,tool_003,ram_usage
"hmm, is my ram usage high when you get a chance",tool_003,ram_usage
can you how much memory is being used now,tool_003,ram_usage
"assistant, tell me my ram usage when you get a chance",tool_003,ram_usage
"before i forget, memory usage report please right now",tool_003,ram_usage
"i was wondering, tell me my ram usage for a second",tool_003,ram_usage
check my ram usage,tool_003,ram_usage
could you what's my ram at right now please,tool_003,ram_usage
"i was wondering, ram usage please for me",tool_003,ram_usage
"assistant, ram check please now",tool_003,ram_usage
"hey claude, how much ram is my system using please",tool_003,ram_usage
"so, can you tell me how much ram i'm using asap",tool_003,ram_usage
please ram usage please please,tool_003,ram_usage
"hey, how full is my ram please",tool_003,ram_usage
"assistant, show me how much ram is being used if you can",tool_003,ram_usage
"hmm, display current ram usage right now",tool_003,ram_usage
could you show me ram usage,tool_003,ram_usage
"before i forget, what is the current memory usage asap",tool_003,ram_usage
can you ram usage please when you have a moment,tool_003,ram_usage
quick question - display current ram usage real quick,tool_003,ram_usage
"assistant, i want to know my ram usage please",tool_003,ram_usage
could you display current ram usage,tool_003,ram_usage
can you how much ram is free right now when you get a chance,tool_003,ram_usage
"hey, ram check please for a second",tool_003,ram_usage
"i was wondering, how much ram is my system using when you have a moment",tool_003,ram_usage
"before i forget, can you check ram usage?",tool_003,ram_usage
"assistant, how's my memory doing if you can",tool_003,ram_usage
how much ram am i using thanks a lot,tool_003,ram_usage
please is my ram usage high?,tool_003,ram_usage
"yo, check my ram usage asap",tool_003,ram_usage
how full is my ram now,tool_003,ram_usage
"hey, can you check ram usage asap",tool_003,ram_usage
quick question - what percentage of ram is used thanks a lot,tool_003,ram_usage
"alright, what's my ram at right now if you can",tool_003,ram_usage
"assistant, how much ram is free right now when you have a moment",tool_003,ram_usage
"so, how much memory is being used thanks",tool_003,ram_usage
can you display current ram usage when you get a chance,tool_003,ram_usage
"hey claude, ram check please please",tool_003,ram_usage
"hmm, how much memory do i have free when you get a chance",tool_003,ram_usage
"so, ram usage please when you have a moment",tool_003,ram_usage
"one more thing, check my ram usage",tool_003,ram_usage
"one more thing, ram usage please please",tool_003,ram_usage
"yo, i want to know my ram usage please",tool_003,ram_usage
"alright, ram usage please thanks a lot",tool_003,ram_usage
"real quick, is my ram usage high now",tool_003,ram_usage
"assistant, what's the ram utilization when you have a moment",tool_003,ram_usage
can you how much ram am i using thanks,tool_003,ram_usage
"one more thing, what's my current ram usage? please",tool_003,ram_usage
"hmm, show me how much ram is being used",tool_003,ram_usage
"real quick, what's my current ram usage? when you get a chance",tool_003,ram_usage
"hey claude, what's my memory percentage real quick",tool_003,ram_usage
"i was wondering, show ram percentage right now",tool_003,ram_usage
"assistant, what percentage of ram is used thanks",tool_003,ram_usage
i want to know my ram usage for a second,tool_003,ram_usage
can you how's my memory doing real quick,tool_003,ram_usage
can you how much memory is being used thanks a lot,tool_003,ram_usage
could you how much memory is being used asap,tool_003,ram_usage
check how much ram is used real quick,tool_003,ram_usage
"alright, display current ram usage",tool_003,ram_usage
please can you tell me how much ram i'm using for me,tool_003,ram_usage
please how much memory is being used when you get a chance,tool_003,ram_usage
can you give me the ram stats real quick,tool_003,ram_usage
"yo, ram usage please right now",tool_003,ram_usage
can you how much ram am i using for a second,tool_003,ram_usage
"one more thing, give me the ram stats real quick",tool_003,ram_usage
"alright, how much memory is being used right now",tool_003,ram_usage
please ram usage please asap,tool_003,ram_usage
"hey, how much memory do i have free thanks a lot",tool_003,ram_usage
"one more thing, what percentage of ram is used right now",tool_003,ram_usage
"hey, what's my ram at right now real quick",tool_003,ram_usage
"real quick, how much memory do i have free?",tool_003,ram_usage
can you how much memory do i have free when you get a chance,tool_003,ram_usage
"hey claude, what's my current ram usage??",tool_003,ram_usage
please is my ram usage high thanks,tool_003,ram_usage
"one more thing, memory usage report please real quick",tool_003,ram_usage
"yo, how much memory do i have free thanks",tool_003,ram_usage
"assistant, how full is my ram thanks a lot",tool_003,ram_usage
could you what's my current ram usage? asap,tool_003,ram_usage
"hey claude, show ram percentage",tool_003,ram_usage
"hmm, how much memory do i have free now",tool_003,ram_usage
please what's my memory percentage right now,tool_003,ram_usage
"alright, what's my ram at right now thanks",tool_003,ram_usage
"hey claude, how much memory is being used please",tool_003,ram_usage
"one more thing, what percentage of ram is used now",tool_003,ram_usage
"hmm, how much ram is free right now",tool_003,ram_usage
"before i forget, show me ram usage thanks",tool_003,ram_usage
"hey, display current ram usage right now",tool_003,ram_usage
"alright, show ram percentage asap",tool_003,ram_usage
"one more thing, give me the ram stats",tool_003,ram_usage
"hey, show me ram usage if you can",tool_003,ram_usage
"so, can you tell me how much ram i'm using",tool_003,ram_usage
memory usage report please when you have a moment,tool_003,ram_usage
"yo, check how much ram is used if you can",tool_003,ram_usage
"hmm, ram usage please when you have a moment",tool_003,ram_usage
can you tell me how much ram i'm using if you can,tool_003,ram_usage
"before i forget, show me how much ram is being used real quick",tool_003,ram_usage
"one more thing, show me ram usage asap",tool_003,ram_usage
quick question - how's my memory doing when you get a chance,tool_003,ram_usage
"alright, tell me my ram usage for me",tool_003,ram_usage
"hmm, can you get the ram usage for me right now",tool_003,ram_usage
"i was wondering, what is the current memory usage when you get a chance",tool_003,ram_usage
"real quick, show me how much ram is being used thanks a lot",tool_003,ram_usage
"hey claude, check memory usage when you get a chance",tool_003,ram_usage
"one more thing, display current ram usage when you have a moment",tool_003,ram_usage
"assistant, check my ram usage for me",tool_003,ram_usage
"hey, can you get the ram usage for me real quick",tool_003,ram_usage
please check memory usage when you have a moment,tool_003,ram_usage
"i was wondering, can you tell me how much ram i'm using for a second",tool_003,ram_usage
"hey claude, what is the current memory usage thanks a lot",tool_003,ram_usage
can you how much ram is my system using please,tool_003,ram_usage
"hey, check how much ram is used for me",tool_003,ram_usage
could you how much memory do i have free now,tool_003,ram_usage
"so, display current ram usage for me",tool_003,ram_usage
"real quick, show ram percentage?",tool_003,ram_usage
show me how much ram is being used for me,tool_003,ram_usage
"so, can you check ram usage",tool_003,ram_usage
"i was wondering, show ram percentage if that's ok",tool_003,ram_usage
could you check how much ram is used if you can,tool_003,ram_usage
"real quick, tell me my ram usage if you can",tool_003,ram_usage
please check my ram usage,tool_003,ram_usage
check how much ram is used please,tool_003,ram_usage
"before i forget, i want to know my ram usage please",tool_003,ram_usage
please what's my memory percentage for me,tool_003,ram_usage
"before i forget, how much ram is my system using if you can",tool_003,ram_usage
"real quick, ram usage please for a second",tool_003,ram_usage
"hey, ram check please thanks a lot",tool_003,ram_usage
please what's my current ram usage? please,tool_003,ram_usage
"hey, how's my memory doing if you can",tool_003,ram_usage
could you display current ram usage if that's ok,tool_003,ram_usage
could you what's my current ram usage? real quick,tool_003,ram_usage
"hmm, how much memory do i have free thanks",tool_003,ram_usage
please show me ram usage when you get a chance,tool_003,ram_usage
"real quick, what's my ram at right now please",tool_003,ram_usage
"so, what's the ram utilization asap",tool_003,ram_usage
can you tell me my ram usage?,tool_003,ram_usage
"hmm, show me how much ram is being used please",tool_003,ram_usage
"so, i want to know my ram usage if that's ok",tool_003,ram_usage
"hey claude, how much memory is being used for me",tool_003,ram_usage
"assistant, check my ram usage real quick",tool_003,ram_usage
please check memory usage real quick,tool_003,ram_usage
quick question - ram usage please right now,tool_003,ram_usage
"hmm, what percentage of ram is used asap",tool_003,ram_usage
could you show ram percentage now,tool_003,ram_usage
could you how much ram is free right now right now,tool_003,ram_usage
could you what percentage of ram is used for me,tool_003,ram_usage
"alright, check memory usage when you get a chance",tool_003,ram_usage
can you how full is my ram if that's ok,tool_003,ram_usage
"assistant, check memory usage thanks a lot",tool_003,ram_usage
"one more thing, show me ram usage thanks a lot",tool_003,ram_usage
"before i forget, how much ram is free right now thanks",tool_003,ram_usage
"before i forget, can you check ram usage thanks a lot",tool_003,ram_usage
"yo, how much ram am i using if that's ok",tool_003,ram_usage
"yo, i want to know my ram usage thanks a lot",tool_003,ram_usage
"i was wondering, check how much ram is used",tool_003,ram_usage
"i was wondering, can you check ram usage?",tool_003,ram_usage
how much ram is free right now now,tool_003,ram_usage
"assistant, check how much ram is used thanks",tool_003,ram_usage
"real quick, what is the current memory usage if you can",tool_003,ram_usage
"assistant, check how much ram is used",tool_003,ram_usage
can you display current ram usage for a second,tool_003,ram_usage
could you show ram percentage thanks a lot,tool_003,ram_usage
"real quick, can you check ram usage please",tool_003,ram_usage
"hmm, show me ram usage",tool_003,ram_usage
"hmm, tell me my ram usage please",tool_003,ram_usage
"hey claude, ram usage please thanks",tool_003,ram_usage
"so, check memory usage asap",tool_003,ram_usage
"yo, show me ram usage real quick",tool_003,ram_usage
"so, what's my current ram usage? please",tool_003,ram_usage
"hey claude, what's the ram utilization asap",tool_003,ram_usage
"hmm, show ram percentage asap",tool_003,ram_usage
"real quick, show me ram usage asap",tool_003,ram_usage
could you what's my ram at right now for me,tool_003,ram_usage
can you what percentage of ram is used,tool_003,ram_usage
could you how much ram am i using thanks,tool_003,ram_usage
quick question - give me the ram stats if you can,tool_003,ram_usage
"before i forget, how much memory is being used asap",tool_003,ram_usage
please can you tell me how much ram i'm using for a second,tool_003,ram_usage
can you get the ram usage for me for a second,tool_003,ram_usage
is my ram usage high thanks,tool_003,ram_usage
check my ram usage thanks a lot,tool_003,ram_usage
quick question - tell me my ram usage if you can,tool_003,ram_usage
"yo, what's my memory percentage?",tool_003,ram_usage
"i was wondering, can you check ram usage thanks",tool_003,ram_usage
can you memory usage report please now,tool_003,ram_usage
"real quick, how much memory do i have free now",tool_003,ram_usage
"i was wondering, how much ram am i using",tool_003,ram_usage
quick question - how much memory is being used right now,tool_003,ram_usage
"hmm, give me the ram stats if you can",tool_003,ram_usage
"hey, i want to know my ram usage right now",tool_003,ram_usage
please display current ram usage for a second,tool_003,ram_usage
"hmm, is my ram usage high now",tool_003,ram_usage
"one more thing, memory usage report please please",tool_003,ram_usage
"real quick, i want to know my ram usage asap",tool_003,ram_usage
"i was wondering, what is the current memory usage if that's ok",tool_003,ram_usage
can you i want to know my ram usage asap,tool_003,ram_usage
"one more thing, memory usage report please if you can",tool_003,ram_usage
"before i forget, can you check ram usage when you have a moment",tool_003,ram_usage
check memory usage thanks a lot,tool_003,ram_usage
how's my memory doing when you have a moment,tool_003,ram_usage
can you how much ram am i using when you get a chance,tool_003,ram_usage
"hmm, ram usage please real quick",tool_003,ram_usage
please what's my current ram usage? thanks,tool_003,ram_usage
"so, check memory usage",tool_003,ram_usage
what's my memory percentage for a second,tool_003,ram_usage
"one more thing, i want to know my ram usage if you can",tool_003,ram_usage
"hey, can you check ram usage when you get a chance",tool_003,ram_usage
"assistant, memory usage report please?",tool_003,ram_usage
"before i forget, how much memory is being used for a second",tool_003,ram_usage
"real quick, is my ram usage high?",tool_003,ram_usage
"assistant, what's my current ram usage? thanks a lot",tool_003,ram_usage
"i was wondering, how full is my ram?",tool_003,ram_usage
"so, what's my ram at right now if that's ok",tool_003,ram_usage
please show me ram usage thanks,tool_003,ram_usage
"real quick, show me ram usage real quick",tool_003,ram_usage
"one more thing, how much ram is free right now if that's ok",tool_003,ram_usage
"assistant, how's my memory doing thanks",tool_003,ram_usage
"assistant, what's my memory percentage when you have a moment",tool_003,ram_usage
can you show me ram usage if you can,tool_003,ram_usage
"i was wondering, ram check please when you get a chance",tool_003,ram_usage
quick question - ram usage please for a second,tool_003,ram_usage
"one more thing, show ram percentage",tool_003,ram_usage
quick question - what is the current memory usage when you get a chance,tool_003,ram_usage
"hey, what percentage of ram is used if that's ok",tool_003,ram_usage
what's my memory percentage now,tool_003,ram_usage
"i was wondering, give me the ram stats please",tool_003,ram_usage
"hey claude, what is the current memory usage now",tool_003,ram_usage
"real quick, how's my memory doing please",tool_003,ram_usage
"i was wondering, show me how much ram is being used if that's ok",tool_003,ram_usage
quick question - memory usage report please for a second,tool_003,ram_usage
"hey claude, how much ram am i using real quick",tool_003,ram_usage
"one more thing, how much memory do i have free thanks a lot",tool_003,ram_usage
"hmm, how much ram is free right now when you get a chance",tool_003,ram_usage
could you what's my memory percentage if that's ok,tool_003,ram_usage
"one more thing, how much memory do i have free if you can",tool_003,ram_usage
"hmm, show me how much ram is being used real quick",tool_003,ram_usage
"hey, i want to know my ram usage when you have a moment",tool_003,ram_usage
"alright, tell me my ram usage now",tool_003,ram_usage
could you show ram percentage?,tool_003,ram_usage
show me ram usage thanks a lot,tool_003,ram_usage
"i was wondering, memory usage report please if you can",tool_003,ram_usage
"assistant, display current ram usage when you have a moment",tool_003,ram_usage
"hey, can you tell me how much ram i'm using for a second",tool_003,ram_usage
"real quick, what percentage of ram is used asap",tool_003,ram_usage
"i was wondering, what is the current memory usage thanks",tool_003,ram_usage
quick question - show me ram usage asap,tool_003,ram_usage
"hey, show me how much ram is being used",tool_003,ram_usage
"hey claude, how full is my ram real quick",tool_003,ram_usage
"before i forget, how much ram is free right now when you have a moment",tool_003,ram_usage
"hey claude, show me how much ram is being used thanks",tool_003,ram_usage
"assistant, how much memory do i have free thanks",tool_003,ram_usage
"alright, ram check please thanks",tool_003,ram_usage
"yo, how much ram am i using please",tool_003,ram_usage
"so, how full is my ram",tool_003,ram_usage
"alright, how much ram am i using if that's ok",tool_003,ram_usage
can you check how much ram is used thanks,tool_003,ram_usage
"alright, show me ram usage when you get a chance",tool_003,ram_usage
"alright, ram usage please if that's ok",tool_003,ram_usage
"hmm, check my ram usage real quick",tool_003,ram_usage
"one more thing, check memory usage?",tool_003,ram_usage
"i was wondering, what percentage of ram is used?",tool_003,ram_usage
quick question - how much ram is free right now for me,tool_003,ram_usage
can you memory usage report please for me,tool_003,ram_usage
"yo, how much memory do i have free real quick",tool_003,ram_usage
"hmm, show ram percentage for me",tool_003,ram_usage
"i was wondering, give me the ram stats thanks a lot",tool_003,ram_usage
can you how much ram am i using if that's ok,tool_003,ram_usage
"real quick, how much memory do i have free right now",tool_003,ram_usage
can you can you tell me how much ram i'm using,tool_003,ram_usage
"hey, check how much ram is used please",tool_003,ram_usage
"hey, memory usage report please please",tool_003,ram_usage
"so, display current ram usage thanks",tool_003,ram_usage
"hey claude, can you get the ram usage for me if that's ok",tool_003,ram_usage
quick question - how much ram am i using?,tool_003,ram_usage
"yo, how's my memory doing for a second",tool_003,ram_usage
"i was wondering, give me the ram stats",tool_003,ram_usage
"alright, check my ram usage when you get a chance",tool_003,ram_usage
"hey, show me how much ram is being used when you have a moment",tool_003,ram_usage
"alright, how much ram is free right now please",tool_003,ram_usage
"hey claude, show me ram usage for a second",tool_003,ram_usage
"i was wondering, ram usage please thanks a lot",tool_003,ram_usage
"so, memory usage report please when you get a chance",tool_003,ram_usage
can you tell me my ram usage,tool_003,ram_usage
"hey claude, how much memory do i have free if you can",tool_003,ram_usage
quick question - display current ram usage now,tool_003,ram_usage
could you how much memory do i have free please,tool_003,ram_usage
"i was wondering, can you check ram usage for me",tool_003,ram_usage
"so, tell me my ram usage real quick",tool_003,ram_usage
"i was wondering, check memory usage thanks",tool_003,ram_usage
"hmm, can you get the ram usage for me if that's ok",tool_003,ram_usage
quick question - what is the current memory usage now,tool_003,ram_usage
quick question - memory usage report please when you get a chance,tool_003,ram_usage
"yo, how full is my ram if you can",tool_003,ram_usage
"before i forget, how much memory is being used",tool_003,ram_usage
can you show ram percentage real quick,tool_003,ram_usage
quick question - what percentage of ram is used thanks,tool_003,ram_usage
"hey claude, can you tell me how much ram i'm using when you get a chance",tool_003,ram_usage
can you how full is my ram asap,tool_003,ram_usage
"real quick, show me how much ram is being used when you have a moment",tool_003,ram_usage
"assistant, show me ram usage thanks",tool_003,ram_usage
"so, what percentage of ram is used when you get a chance",tool_003,ram_usage
can you is my ram usage high if you can,tool_003,ram_usage
"alright, can you check ram usage right now",tool_003,ram_usage
"one more thing, how's my memory doing if you can",tool_003,ram_usage
"before i forget, ram check please right now",tool_003,ram_usage
"before i forget, how much memory do i have free for me",tool_003,ram_usage
"hey claude, how's my memory doing",tool_003,ram_usage
"yo, what's the ram utilization",tool_003,ram_usage
could you how much ram am i using?,tool_003,ram_usage
could you ram usage please asap,tool_003,ram_usage
please how much memory do i have free now,tool_003,ram_usage
can you display current ram usage when you have a moment,tool_003,ram_usage
"alright, how much memory is being used thanks a lot",tool_003,ram_usage
please give me the ram stats right now,tool_003,ram_usage
"hey, how much ram am i using thanks",tool_003,ram_usage
quick question - can you get the ram usage for me for a second,tool_003,ram_usage
"alright, how's my memory doing when you get a chance",tool_003,ram_usage
"hey, what is the current memory usage right now",tool_003,ram_usage
"so, show ram percentage if you can",tool_003,ram_usage
"real quick, how full is my ram for me",tool_003,ram_usage
could you how much ram is my system using when you get a chance,tool_003,ram_usage
"before i forget, how much ram am i using asap",tool_003,ram_usage
"one more thing, ram check please if that's ok",tool_003,ram_usage
"so, memory usage report please thanks",tool_003,ram_usage
"yo, what is the current memory usage for me",tool_003,ram_usage
"hmm, what's my ram at right now",tool_003,ram_usage
how much ram is my system using for me,tool_003,ram_usage
"hmm, how much ram am i using please",tool_003,ram_usage
"hmm, what's my ram at right now right now",tool_003,ram_usage
"alright, i want to know my ram usage when you get a chance",tool_003,ram_usage
"hmm, check memory usage for a second",tool_003,ram_usage
"before i forget, give me the ram stats?",tool_003,ram_usage
quick question - how much ram is my system using when you have a moment,tool_003,ram_usage
can you how much ram am i using please,tool_003,ram_usage
ram check please for a second,tool_003,ram_usage
"assistant, how much memory do i have free for me",tool_003,ram_usage
"so, display current ram usage please",tool_003,ram_usage
could you show me ram usage when you get a chance,tool_003,ram_usage
"real quick, show me how much ram is being used thanks",tool_003,ram_usage
"alright, how full is my ram for a second",tool_003,ram_usage
"hmm, how much ram is my system using for a second",tool_003,ram_usage
display current ram usage now,tool_003,ram_usage
please what's my ram at right now now,tool_003,ram_usage
please ram usage please for me,tool_003,ram_usage
"hmm, check memory usage now",tool_003,ram_usage
please what is the current memory usage thanks,tool_003,ram_usage
please what percentage of ram is used for me,tool_003,ram_usage
"so, what percentage of ram is used thanks a lot",tool_003,ram_usage
"alright, check how much ram is used please",tool_003,ram_usage
"before i forget, can you get the ram usage for me",tool_003,ram_usage
could you give me the ram stats now,tool_003,ram_usage
please what's the ram utilization when you have a moment,tool_003,ram_usage
what's my ram at right now asap,tool_003,ram_usage
can you can you check ram usage right now,tool_003,ram_usage
"hmm, give me the ram stats when you have a moment",tool_003,ram_usage
"real quick, what's the ram utilization when you have a moment",tool_003,ram_usage
"i was wondering, how much ram am i using now",tool_003,ram_usage
"real quick, check how much ram is used real quick",tool_003,ram_usage
could you what's my current ram usage? for me,tool_003,ram_usage
"before i forget, can you tell me how much ram i'm using please",tool_003,ram_usage
"hmm, what's my memory percentage right now",tool_003,ram_usage
"assistant, ram usage please right now",tool_003,ram_usage
"so, can you get the ram usage for me asap",tool_003,ram_usage
"i was wondering, how's my memory doing?",tool_003,ram_usage
"one more thing, how much ram am i using when you have a moment",tool_003,ram_usage
"before i forget, what is the current memory usage when you get a chance",tool_003,ram_usage
can you how's my memory doing now,tool_003,ram_usage
"hey claude, how much ram am i using if that's ok",tool_003,ram_usage
can you ram check please if that's ok,tool_003,ram_usage
"hey, i want to know my ram usage asap",tool_003,ram_usage
"i was wondering, show me how much ram is being used right now",tool_003,ram_usage
"real quick, what's my current ram usage? now",tool_003,ram_usage
can you is my ram usage high thanks a lot,tool_003,ram_usage
check my ram usage if that's ok,tool_003,ram_usage
"real quick, what's my current ram usage? for a second",tool_003,ram_usage
"yo, give me the ram stats please",tool_003,ram_usage
"hey claude, what's my current ram usage? if that's ok",tool_003,ram_usage
"hmm, show me how much ram is being used right now",tool_003,ram_usage
"assistant, check my ram usage now",tool_003,ram_usage
"so, is my ram usage high thanks",tool_003,ram_usage
"alright, how full is my ram now",tool_003,ram_usage
"hmm, can you get the ram usage for me real quick",tool_003,ram_usage
can you give me the ram stats?,tool_003,ram_usage
"hmm, show ram percentage please",tool_003,ram_usage
"one more thing, check my ram usage please",tool_003,ram_usage
"yo, how full is my ram if that's ok",tool_003,ram_usage
"alright, ram usage please real quick",tool_003,ram_usage
can you is my ram usage high please,tool_003,ram_usage
"alright, how much ram is my system using if you can",tool_003,ram_usage
"hmm, display current ram usage for me",tool_003,ram_usage
"alright, can you get the ram usage for me asap",tool_003,ram_usage
"hey, how much memory is being used when you have a moment",tool_003,ram_usage
"alright, how much memory do i have free right now",tool_003,ram_usage
could you how much ram is my system using?,tool_003,ram_usage
quick question - how full is my ram now,tool_003,ram_usage
what is the current memory usage if you can,tool_003,ram_usage
can you check my ram usage for me,tool_003,ram_usage
"one more thing, can you get the ram usage for me?",tool_003,ram_usage
"yo, what is the current memory usage thanks a lot",tool_003,ram_usage
"hmm, what's my ram at right now real quick",tool_003,ram_usage
"alright, how much ram is my system using",tool_003,ram_usage
"before i forget, is my ram usage high?",tool_003,ram_usage
please how much ram is free right now when you have a moment,tool_003,ram_usage
"yo, what's my current ram usage? when you have a moment",tool_003,ram_usage
could you check how much ram is used real quick,tool_003,ram_usage
"hmm, memory usage report please?",tool_003,ram_usage
"i was wondering, what's my current ram usage? if you can",tool_003,ram_usage
"yo, what's the ram utilization thanks",tool_003,ram_usage
"yo, check memory usage asap",tool_003,ram_usage
please show me ram usage right now,tool_003,ram_usage
quick question - what's my memory percentage,tool_003,ram_usage
"assistant, can you check ram usage please",tool_003,ram_usage
"hey claude, how much memory is being used right now",tool_003,ram_usage
"assistant, how much memory do i have free right now",tool_003,ram_usage
"hmm, ram usage please for a second",tool_003,ram_usage
"hey claude, what is the current memory usage real quick",tool_003,ram_usage
can you how's my memory doing if you can,tool_003,ram_usage
"real quick, can you get the ram usage for me for me",tool_003,ram_usage
"assistant, tell me my ram usage when you have a moment",tool_003,ram_usage
please memory usage report please now,tool_003,ram_usage
"one more thing, i want to know my ram usage thanks",tool_003,ram_usage
"one more thing, i want to know my ram usage for me",tool_003,ram_usage
"i was wondering, what's the ram utilization please",tool_003,ram_usage
"so, how much memory is being used?",tool_003,ram_usage
"real quick, give me the ram stats real quick",tool_003,ram_usage
"one more thing, show me ram usage if you can",tool_003,ram_usage
"yo, show ram percentage now",tool_003,ram_usage
"one more thing, can you check ram usage please",tool_003,ram_usage
"hey claude, how much memory is being used now",tool_003,ram_usage
"before i forget, is my ram usage high if that's ok",tool_003,ram_usage
"assistant, give me the ram stats thanks a lot",tool_003,ram_usage
"assistant, can you check ram usage now",tool_003,ram_usage
could you check my ram usage thanks,tool_003,ram_usage
"assistant, tell me my ram usage?",tool_003,ram_usage
"alright, what's the ram utilization when you get a chance",tool_003,ram_usage
"i was wondering, memory usage report please asap",tool_003,ram_usage
"i was wondering, check my ram usage please",tool_003,ram_usage
"alright, what's my ram at right now please",tool_003,ram_usage
"hey claude, how much memory is being used",tool_003,ram_usage
quick question - can you check ram usage right now,tool_003,ram_usage
"before i forget, i want to know my ram usage for me",tool_003,ram_usage
"before i forget, ram usage please asap",tool_003,ram_usage
"hey, is my ram usage high please",tool_003,ram_usage
"so, ram usage please for me",tool_003,ram_usage
can you can you get the ram usage for me for a second,tool_003,ram_usage
"hey, can you get the ram usage for me please",tool_003,ram_usage
"so, give me the ram stats?",tool_003,ram_usage
"one more thing, how much ram is my system using thanks",tool_003,ram_usage
quick question - give me the ram stats now,tool_003,ram_usage
"hmm, what's my current ram usage? if you can",tool_003,ram_usage
"one more thing, how much ram is free right now for me",tool_003,ram_usage
"before i forget, how much memory is being used thanks a lot",tool_003,ram_usage
"hmm, is my ram usage high right now",tool_003,ram_usage
"hey claude, check my ram usage for me",tool_003,ram_usage
"i was wondering, how much memory do i have free for a second",tool_003,ram_usage
quick question - what's my memory percentage if you can,tool_003,ram_usage
"yo, how much memory do i have free for me",tool_003,ram_usage
"so, memory usage report please real quick",tool_003,ram_usage
"one more thing, ram usage please if that's ok",tool_003,ram_usage
"hmm, how full is my ram thanks",tool_003,ram_usage
show me how much ram is being used thanks a lot,tool_003,ram_usage
"before i forget, check my ram usage for a second",tool_003,ram_usage
quick question - what's my ram at right now for me,tool_003,ram_usage
"before i forget, can you tell me how much ram i'm using for a second",tool_003,ram_usage
"hey claude, how much ram am i using",tool_003,ram_usage
"before i forget, how much ram is my system using asap",tool_003,ram_usage
"hey, ram check please if you can",tool_003,ram_usage
"hmm, check my ram usage",tool_003,ram_usage
"before i forget, display current ram usage when you get a chance",tool_003,ram_usage
could you how much ram is my system using,tool_003,ram_usage
what's my current ram usage? thanks,tool_003,ram_usage
"alright, check how much ram is used asap",tool_003,ram_usage
please how full is my ram if that's ok,tool_003,ram_usage
can you check ram usage asap,tool_003,ram_usage
can you get the ram usage for me thanks,tool_003,ram_usage
"assistant, how much ram am i using for a second",tool_003,ram_usage
"one more thing, display current ram usage for a second",tool_003,ram_usage
"real quick, what percentage of ram is used please",tool_003,ram_usage
"hey, how full is my ram for me",tool_003,ram_usage
"hey claude, what's the ram utilization real quick",tool_003,ram_usage
"hey, how much memory is being used thanks",tool_003,ram_usage
"so, ram usage please thanks",tool_003,ram_usage
please display current ram usage when you have a moment,tool_003,ram_usage
can you how's my memory doing when you have a moment,tool_003,ram_usage
"assistant, i want to know my ram usage for a second",tool_003,ram_usage
"hmm, tell me my ram usage right now",tool_003,ram_usage
"before i forget, what percentage of ram is used asap",tool_003,ram_usage
"real quick, show me how much ram is being used now",tool_003,ram_usage
"i was wondering, what is the current memory usage asap",tool_003,ram_usage
please what percentage of ram is used right now,tool_003,ram_usage
please what percentage of ram is used thanks,tool_003,ram_usage
"hmm, what percentage of ram is used when you get a chance",tool_003,ram_usage
how full is my ram thanks,tool_003,ram_usage
"hey, check memory usage for me",tool_003,ram_usage
"i was wondering, memory usage report please thanks a lot",tool_003,ram_usage
can you show me how much ram is being used asap,tool_003,ram_usage
"alright, what is the current memory usage for me",tool_003,ram_usage
"one more thing, ram check please now",tool_003,ram_usage
"hey claude, how much ram is my system using asap",tool_003,ram_usage
"yo, how full is my ram",tool_003,ram_usage
"hey claude, show me how much ram is being used if you can",tool_003,ram_usage
"i was wondering, check how much ram is used when you have a moment",tool_003,ram_usage
can you what's my ram at right now if that's ok,tool_003,ram_usage
"before i forget, i want to know my ram usage if that's ok",tool_003,ram_usage
"i was wondering, can you get the ram usage for me?",tool_003,ram_usage
could you can you get the ram usage for me real quick,tool_003,ram_usage
"one more thing, check memory usage asap",tool_003,ram_usage
"yo, how much memory is being used when you get a chance",tool_003,ram_usage
could you ram check please please,tool_003,ram_usage
"yo, how much memory do i have free asap",tool_003,ram_usage
give me the ram stats?,tool_003,ram_usage
"hmm, how much ram am i using",tool_003,ram_usage
"yo, what percentage of ram is used thanks a lot",tool_003,ram_usage
"assistant, show me ram usage asap",tool_003,ram_usage
"alright, show me how much ram is being used real quick",tool_003,ram_usage
quick question - tell me my ram usage for me,tool_003,ram_usage
"real quick, ram usage please now",tool_003,ram_usage
"yo, what's my ram at right now",tool_003,ram_usage
"hmm, is my ram usage high if that's ok",tool_003,ram_usage
"yo, how much ram is free right now now",tool_003,ram_usage
"hmm, check how much ram is used for me",tool_003,ram_usage
"one more thing, what is the current memory usage when you have a moment",tool_003,ram_usage
"so, check memory usage when you get a chance",tool_003,ram_usage
quick question - what's my current ram usage? real quick,tool_003,ram_usage
"hey, what's my ram at right now asap",tool_003,ram_usage
"alright, tell me my ram usage for a second",tool_003,ram_usage
check memory usage please,tool_003,ram_usage
how much memory do i have free?,tool_003,ram_usage
could you check memory usage for a second,tool_003,ram_usage
"real quick, is my ram usage high right now",tool_003,ram_usage
"alright, what is the current memory usage for a second",tool_003,ram_usage
"alright, how full is my ram for me",tool_003,ram_usage
please what's my memory percentage when you have a moment,tool_003,ram_usage
"one more thing, show ram percentage right now",tool_003,ram_usage
"i was wondering, can you get the ram usage for me thanks a lot",tool_003,ram_usage
"alright, check how much ram is used for a second",tool_003,ram_usage
"one more thing, what is the current memory usage please",tool_003,ram_usage
please how full is my ram if you can,tool_003,ram_usage
quick question - memory usage report please please,tool_003,ram_usage
"one more thing, how full is my ram for a second",tool_003,ram_usage
ram check please for me,tool_003,ram_usage
can you how full is my ram?,tool_003,ram_usage
"i was wondering, check memory usage asap",tool_003,ram_usage
quick question - check memory usage asap,tool_003,ram_usage
"hey claude, check my ram usage please",tool_003,ram_usage
"hmm, can you tell me how much ram i'm using when you have a moment",tool_003,ram_usage
"hmm, how much ram am i using for me",tool_003,ram_usage
"hmm, how full is my ram for me",tool_003,ram_usage
"i was wondering, what's the ram utilization now",tool_003,ram_usage
"before i forget, how full is my ram asap",tool_003,ram_usage
"before i forget, memory usage report please when you get a chance",tool_003,ram_usage
"hmm, can you get the ram usage for me when you get a chance",tool_003,ram_usage
"hey claude, what's my memory percentage if you can",tool_003,ram_usage
"hmm, check memory usage please",tool_003,ram_usage
could you tell me my ram usage,tool_003,ram_usage
"real quick, how much memory do i have free",tool_003,ram_usage
please how much memory do i have free thanks a lot,tool_003,ram_usage
"assistant, how's my memory doing when you get a chance",tool_003,ram_usage
can you what's my memory percentage right now,tool_003,ram_usage
"hey, is my ram usage high now",tool_003,ram_usage
could you show ram percentage real quick,tool_003,ram_usage
"hey claude, what is the current memory usage",tool_003,ram_usage
"hey claude, ram check please",tool_003,ram_usage
quick question - how's my memory doing please,tool_003,ram_usage
"one more thing, how much ram is my system using asap",tool_003,ram_usage
could you give me the ram stats when you have a moment,tool_003,ram_usage
could you show ram percentage when you get a chance,tool_003,ram_usage
could you how much ram am i using thanks a lot,tool_003,ram_usage
"hey, check how much ram is used?",tool_003,ram_usage
quick question - tell me my ram usage when you have a moment,tool_003,ram_usage
"so, what's my memory percentage real quick",tool_003,ram_usage
could you how much memory is being used if that's ok,tool_003,ram_usage
"real quick, check memory usage?",tool_003,ram_usage
"i was wondering, give me the ram stats for me",tool_003,ram_usage
"real quick, can you tell me how much ram i'm using thanks",tool_003,ram_usage
"yo, ram check please please",tool_003,ram_usage
"hey claude, what percentage of ram is used for me",tool_003,ram_usage
"hmm, memory usage report please now",tool_003,ram_usage
"so, how much ram is my system using if that's ok",tool_003,ram_usage
"hey claude, what's my ram at right now",tool_003,ram_usage
"alright, give me the ram stats when you get a chance",tool_003,ram_usage
please how much memory do i have free,tool_003,ram_usage
"one more thing, what's the ram utilization for me",tool_003,ram_usage
"alright, what's my memory percentage",tool_003,ram_usage
"so, how's my memory doing when you have a moment",tool_003,ram_usage
please tell me my ram usage?,tool_003,ram_usage
tell me my ram usage thanks,tool_003,ram_usage
"hey claude, can you tell me how much ram i'm using right now",tool_003,ram_usage
"before i forget, can you tell me how much ram i'm using if that's ok",tool_003,ram_usage
how much ram am i using when you get a chance,tool_003,ram_usage
"before i forget, i want to know my ram usage real quick",tool_003,ram_usage
"i was wondering, show me how much cpu is being used?",tool_004,cpu_usage
"yo, can you check cpu usage thanks a lot",tool_004,cpu_usage
"hmm, show me cpu usage now",tool_004,cpu_usage
is my cpu usage high thanks a lot,tool_004,cpu_usage
can you what is the current cpu usage right now,tool_004,cpu_usage
"one more thing, how much cpu do i have free when you get a chance",tool_004,cpu_usage
"i was wondering, how much cpu is my system using thanks",tool_004,cpu_usage
please check my cpu usage asap,tool_004,cpu_usage
"hey claude, how much cpu is free right now for a second",tool_004,cpu_usage
"assistant, what's my cpu percentage asap",tool_004,cpu_usage
"alright, how busy is my cpu please",tool_004,cpu_usage
"alright, display current cpu usage right now",tool_004,cpu_usage
could you cpu usage please if you can,tool_004,cpu_usage
"hmm, i want to know my cpu usage thanks a lot",tool_004,cpu_usage
"one more thing, how much processing power is being used real quick",tool_004,cpu_usage
"hmm, how much cpu is my system using real quick",tool_004,cpu_usage
"assistant, what is the current cpu usage",tool_004,cpu_usage
"alright, check how much cpu is used real quick",tool_004,cpu_usage
"so, give me the cpu stats asap",tool_004,cpu_usage
"hey, how busy is my cpu real quick",tool_004,cpu_usage
"real quick, how much cpu do i have free real quick",tool_004,cpu_usage
"before i forget, what is the current cpu usage if you can",tool_004,cpu_usage
could you how much processing power is being used thanks a lot,tool_004,cpu_usage
"alright, i want to know my cpu usage",tool_004,cpu_usage
can you how much processing power is being used thanks a lot,tool_004,cpu_usage
quick question - what's my cpu percentage real quick,tool_004,cpu_usage
"so, what is the current cpu usage for me",tool_004,cpu_usage
"yo, can you tell me how much cpu i'm using thanks a lot",tool_004,cpu_usage
"hey claude, can you check cpu usage asap",tool_004,cpu_usage
"one more thing, how much processing power is being used when you get a chance",tool_004,cpu_usage
please how's my processor doing real quick,tool_004,cpu_usage
"yo, how much cpu do i have free",tool_004,cpu_usage
please show me how much cpu is being used thanks,tool_004,cpu_usage
could you show cpu percentage right now,tool_004,cpu_usage
"yo, give me the cpu stats thanks",tool_004,cpu_usage
"hmm, tell me my cpu usage thanks a lot",tool_004,cpu_usage
"before i forget, how busy is my cpu",tool_004,cpu_usage
could you what's my cpu percentage for me,tool_004,cpu_usage
"alright, show me how much cpu is being used?",tool_004,cpu_usage
"hmm, i want to know my cpu usage thanks",tool_004,cpu_usage
please display current cpu usage thanks a lot,tool_004,cpu_usage
"hmm, how busy is my cpu if you can",tool_004,cpu_usage
"so, what's the cpu utilization real quick",tool_004,cpu_usage
please check processor usage right now,tool_004,cpu_usage
"i was wondering, can you tell me how much cpu i'm using if you can",tool_004,cpu_usage
"so, check processor usage for a second",tool_004,cpu_usage
"so, how busy is my cpu real quick",tool_004,cpu_usage
tell me my cpu usage if you can,tool_004,cpu_usage
"so, what's my cpu at right now thanks",tool_004,cpu_usage
"before i forget, how much cpu is free right now thanks a lot",tool_004,cpu_usage
"alright, how much cpu is free right now real quick",tool_004,cpu_usage
"hmm, cpu check please asap",tool_004,cpu_usage
"one more thing, can you get the cpu usage for me when you get a chance",tool_004,cpu_usage
"hmm, how much processing power is being used asap",tool_004,cpu_usage
"hmm, processor usage report please",tool_004,cpu_usage
"one more thing, can you tell me how much cpu i'm using please",tool_004,cpu_usage
quick question - display current cpu usage real quick,tool_004,cpu_usage
"so, how busy is my cpu please",tool_004,cpu_usage
please what's the cpu utilization thanks a lot,tool_004,cpu_usage
"i was wondering, cpu usage please",tool_004,cpu_usage
how busy is my cpu for a second,tool_004,cpu_usage
"assistant, what percentage of cpu is used for a second",tool_004,cpu_usage
can you processor usage report please when you have a moment,tool_004,cpu_usage
"hey claude, check how much cpu is used if that's ok",tool_004,cpu_usage
"so, tell me my cpu usage?",tool_004,cpu_usage
"alright, can you tell me how much cpu i'm using thanks",tool_004,cpu_usage
"hey, i want to know my cpu usage when you have a moment",tool_004,cpu_usage
quick question - how much cpu is free right now when you have a moment,tool_004,cpu_usage
"so, how much cpu is free right now asap",tool_004,cpu_usage
"assistant, cpu check please right now",tool_004,cpu_usage
please how busy is my cpu thanks,tool_004,cpu_usage
"one more thing, show cpu percentage when you get a chance",tool_004,cpu_usage
can you what is the current cpu usage asap,tool_004,cpu_usage
"real quick, cpu check please when you get a chance",tool_004,cpu_usage
"so, how much processing power is being used?",tool_004,cpu_usage
"assistant, check my cpu usage for a second",tool_004,cpu_usage
"assistant, can you check cpu usage asap",tool_004,cpu_usage
"real quick, show cpu percentage when you have a moment",tool_004,cpu_usage
quick question - tell me my cpu usage for me,tool_004,cpu_usage
please how much cpu is free right now real quick,tool_004,cpu_usage
can you i want to know my cpu usage if you can,tool_004,cpu_usage
"so, i want to know my cpu usage now",tool_004,cpu_usage
"yo, what's my cpu percentage when you have a moment",tool_004,cpu_usage
please what is the current cpu usage if that's ok,tool_004,cpu_usage
cpu check please for a second,tool_004,cpu_usage
quick question - cpu check please if that's ok,tool_004,cpu_usage
could you what's my cpu percentage asap,tool_004,cpu_usage
can you show me cpu usage now,tool_004,cpu_usage
what's my cpu percentage if you can,tool_004,cpu_usage
"alright, what is the current cpu usage please",tool_004,cpu_usage
"hey, show cpu percentage?",tool_004,cpu_usage
check processor usage thanks,tool_004,cpu_usage
"real quick, show me how much cpu is being used when you have a moment",tool_004,cpu_usage
"real quick, what percentage of cpu is used if you can",tool_004,cpu_usage
"before i forget, check processor usage if that's ok",tool_004,cpu_usage
"real quick, what percentage of cpu is used?",tool_004,cpu_usage
"hey, check my cpu usage if you can",tool_004,cpu_usage
"i was wondering, can you get the cpu usage for me please",tool_004,cpu_usage
"hey claude, show me how much cpu is being used thanks a lot",tool_004,cpu_usage
can you how much cpu is my system using please,tool_004,cpu_usage
check how much cpu is used for me,tool_004,cpu_usage
"hey, tell me my cpu usage right now",tool_004,cpu_usage
please is my cpu usage high thanks,tool_004,cpu_usage
"alright, check processor usage if that's ok",tool_004,cpu_usage
quick question - can you tell me how much cpu i'm using asap,tool_004,cpu_usage
please cpu check please?,tool_004,cpu_usage
"i was wondering, can you tell me how much cpu i'm using right now",tool_004,cpu_usage
"hey claude, is my cpu usage high thanks",tool_004,cpu_usage
can you what's my current cpu usage? when you get a chance,tool_004,cpu_usage
could you show me how much cpu is being used asap,tool_004,cpu_usage
"hmm, show me how much cpu is being used thanks",tool_004,cpu_usage
"hmm, how much processing power is being used for a second",tool_004,cpu_usage
could you how much cpu am i using thanks a lot,tool_004,cpu_usage
could you how much cpu is free right now thanks,tool_004,cpu_usage
could you how busy is my cpu when you have a moment,tool_004,cpu_usage
"alright, show cpu percentage?",tool_004,cpu_usage
"one more thing, what's my cpu percentage?",tool_004,cpu_usage
"one more thing, i want to know my cpu usage if that's ok",tool_004,cpu_usage
"hmm, display current cpu usage?",tool_004,cpu_usage
"so, can you check cpu usage when you get a chance",tool_004,cpu_usage
could you check my cpu usage when you have a moment,tool_004,cpu_usage
"before i forget, how much cpu is free right now real quick",tool_004,cpu_usage
can you tell me my cpu usage thanks a lot,tool_004,cpu_usage
"alright, what's my cpu at right now?",tool_004,cpu_usage
"alright, what's my cpu at right now if that's ok",tool_004,cpu_usage
"hey, what is the current cpu usage for me",tool_004,cpu_usage
"yo, how busy is my cpu please",tool_004,cpu_usage
please how's my processor doing now,tool_004,cpu_usage
can you cpu check please asap,tool_004,cpu_usage
could you processor usage report please when you get a chance,tool_004,cpu_usage
"before i forget, can you get the cpu usage for me thanks",tool_004,cpu_usage
"hey claude, show me cpu usage if that's ok",tool_004,cpu_usage
"assistant, can you get the cpu usage for me if you can",tool_004,cpu_usage
"assistant, how much cpu do i have free for a second",tool_004,cpu_usage
"alright, show me how much cpu is being used thanks a lot",tool_004,cpu_usage
"yo, what percentage of cpu is used asap",tool_004,cpu_usage
"hey, i want to know my cpu usage when you get a chance",tool_004,cpu_usage
could you how much processing power is being used for a second,tool_004,cpu_usage
can you show cpu percentage now,tool_004,cpu_usage
"one more thing, check how much cpu is used real quick",tool_004,cpu_usage
can you is my cpu usage high thanks a lot,tool_004,cpu_usage
"yo, can you check cpu usage for me",tool_004,cpu_usage
could you how much cpu is my system using now,tool_004,cpu_usage
"one more thing, what's my cpu at right now real quick",tool_004,cpu_usage
what is the current cpu usage now,tool_004,cpu_usage
"yo, what's my cpu percentage?",tool_004,cpu_usage
can you can you tell me how much cpu i'm using if you can,tool_004,cpu_usage
"hmm, show me how much cpu is being used real quick",tool_004,cpu_usage
"yo, cpu check please for me",tool_004,cpu_usage
"alright, give me the cpu stats when you have a moment",tool_004,cpu_usage
please how much processing power is being used right now,tool_004,cpu_usage
please can you get the cpu usage for me if you can,tool_004,cpu_usage
"i was wondering, what's the cpu utilization thanks",tool_004,cpu_usage
"assistant, show me cpu usage",tool_004,cpu_usage
quick question - can you tell me how much cpu i'm using right now,tool_004,cpu_usage
"i was wondering, what's the cpu utilization?",tool_004,cpu_usage
"assistant, processor usage report please asap",tool_004,cpu_usage
"yo, cpu usage please when you have a moment",tool_004,cpu_usage
"hey, cpu check please real quick",tool_004,cpu_usage
"before i forget, how much cpu is free right now?",tool_004,cpu_usage
"so, check how much cpu is used real quick",tool_004,cpu_usage
could you how's my processor doing please,tool_004,cpu_usage
"so, what's my cpu at right now please",tool_004,cpu_usage
could you is my cpu usage high if you can,tool_004,cpu_usage
"so, what's my cpu percentage asap",tool_004,cpu_usage
"assistant, show cpu percentage for me",tool_004,cpu_usage
please cpu usage please?,tool_004,cpu_usage
"one more thing, how much cpu do i have free now",tool_004,cpu_usage
quick question - give me the cpu stats thanks a lot,tool_004,cpu_usage
please what's my cpu percentage?,tool_004,cpu_usage
"alright, can you tell me how much cpu i'm using when you have a moment",tool_004,cpu_usage
can you tell me how much cpu i'm using for me,tool_004,cpu_usage
quick question - how busy is my cpu for a second,tool_004,cpu_usage
"alright, tell me my cpu usage right now",tool_004,cpu_usage
quick question - is my cpu usage high,tool_004,cpu_usage
give me the cpu stats now,tool_004,cpu_usage
quick question - give me the cpu stats now,tool_004,cpu_usage
"real quick, how much cpu do i have free now",tool_004,cpu_usage
"real quick, show me cpu usage when you have a moment",tool_004,cpu_usage
"alright, check processor usage for a second",tool_004,cpu_usage
can you tell me how much cpu i'm using when you get a chance,tool_004,cpu_usage
please how much processing power is being used?,tool_004,cpu_usage
"assistant, cpu usage please thanks a lot",tool_004,cpu_usage
"hey claude, can you get the cpu usage for me for a second",tool_004,cpu_usage
could you what's my current cpu usage? if you can,tool_004,cpu_usage
can you tell me how much cpu i'm using when you have a moment,tool_004,cpu_usage
"real quick, check my cpu usage please",tool_004,cpu_usage
can you what's my cpu at right now?,tool_004,cpu_usage
"before i forget, check my cpu usage thanks a lot",tool_004,cpu_usage
"alright, what percentage of cpu is used right now",tool_004,cpu_usage
what is the current cpu usage thanks,tool_004,cpu_usage
"hey claude, how much cpu do i have free right now",tool_004,cpu_usage
"i was wondering, is my cpu usage high for a second",tool_004,cpu_usage
"hey claude, what's my current cpu usage? for me",tool_004,cpu_usage
"before i forget, processor usage report please real quick",tool_004,cpu_usage
"so, how much cpu am i using if that's ok",tool_004,cpu_usage
"hmm, check how much cpu is used real quick",tool_004,cpu_usage
"alright, is my cpu usage high now",tool_004,cpu_usage
"so, what's my cpu at right now now",tool_004,cpu_usage
"alright, show me cpu usage if you can",tool_004,cpu_usage
"alright, can you tell me how much cpu i'm using right now",tool_004,cpu_usage
please display current cpu usage,tool_004,cpu_usage
"alright, how much processing power is being used when you get a chance",tool_004,cpu_usage
"before i forget, show cpu percentage for a second",tool_004,cpu_usage
"real quick, how much cpu is my system using asap",tool_004,cpu_usage
"i was wondering, i want to know my cpu usage if that's ok",tool_004,cpu_usage
"assistant, what percentage of cpu is used now",tool_004,cpu_usage
"alright, show me how much cpu is being used real quick",tool_004,cpu_usage
"real quick, is my cpu usage high please",tool_004,cpu_usage
"hmm, check processor usage",tool_004,cpu_usage
please show me cpu usage thanks a lot,tool_004,cpu_usage
"before i forget, cpu usage please please",tool_004,cpu_usage
"assistant, can you tell me how much cpu i'm using for a second",tool_004,cpu_usage
quick question - check how much cpu is used right now,tool_004,cpu_usage
"alright, check processor usage?",tool_004,cpu_usage
"yo, tell me my cpu usage when you get a chance",tool_004,cpu_usage
please show me how much cpu is being used real quick,tool_004,cpu_usage
please show cpu percentage if you can,tool_004,cpu_usage
"real quick, how much cpu is my system using if that's ok",tool_004,cpu_usage
"so, what's my cpu percentage for a second",tool_004,cpu_usage
"before i forget, what's the cpu utilization right now",tool_004,cpu_usage
give me the cpu stats for me,tool_004,cpu_usage
"yo, what percentage of cpu is used for me",tool_004,cpu_usage
"one more thing, how busy is my cpu asap",tool_004,cpu_usage
how much cpu am i using when you have a moment,tool_004,cpu_usage
"assistant, tell me my cpu usage for a second",tool_004,cpu_usage
can you get the cpu usage for me if that's ok,tool_004,cpu_usage
"so, show me how much cpu is being used if you can",tool_004,cpu_usage
"real quick, check my cpu usage for me",tool_004,cpu_usage
"so, cpu usage please",tool_004,cpu_usage
"hmm, what is the current cpu usage for me",tool_004,cpu_usage
"one more thing, what's my current cpu usage??",tool_004,cpu_usage
can you i want to know my cpu usage please,tool_004,cpu_usage
"hmm, is my cpu usage high right now",tool_004,cpu_usage
"hey claude, how's my processor doing right now",tool_004,cpu_usage
"so, show cpu percentage",tool_004,cpu_usage
"i was wondering, how much cpu am i using real quick",tool_004,cpu_usage
i want to know my cpu usage real quick,tool_004,cpu_usage
"yo, tell me my cpu usage thanks a lot",tool_004,cpu_usage
"so, how's my processor doing thanks",tool_004,cpu_usage
could you give me the cpu stats for me,tool_004,cpu_usage
quick question - display current cpu usage now,tool_004,cpu_usage
"yo, how much cpu is free right now if that's ok",tool_004,cpu_usage
"so, how much cpu is my system using if you can",tool_004,cpu_usage
"assistant, cpu check please when you have a moment",tool_004,cpu_usage
"before i forget, cpu check please when you get a chance",tool_004,cpu_usage
could you what is the current cpu usage for me,tool_004,cpu_usage
"so, how much cpu is my system using when you get a chance",tool_004,cpu_usage
"one more thing, show cpu percentage thanks",tool_004,cpu_usage
"hey claude, can you check cpu usage if that's ok",tool_004,cpu_usage
"real quick, display current cpu usage when you get a chance",tool_004,cpu_usage
could you show cpu percentage?,tool_004,cpu_usage
can you how much cpu is free right now thanks a lot,tool_004,cpu_usage
"one more thing, what is the current cpu usage?",tool_004,cpu_usage
"alright, can you check cpu usage for a second",tool_004,cpu_usage
can you can you get the cpu usage for me please,tool_004,cpu_usage
"so, can you tell me how much cpu i'm using if that's ok",tool_004,cpu_usage
"alright, what is the current cpu usage now",tool_004,cpu_usage
"alright, check how much cpu is used right now",tool_004,cpu_usage
"so, cpu check please thanks",tool_004,cpu_usage
can you how's my processor doing real quick,tool_004,cpu_usage
"i was wondering, how much cpu is free right now?",tool_004,cpu_usage
how much processing power is being used asap,tool_004,cpu_usage
"i was wondering, what's my cpu percentage asap",tool_004,cpu_usage
"one more thing, what's my cpu percentage",tool_004,cpu_usage
can you how much cpu do i have free,tool_004,cpu_usage
"alright, show me how much cpu is being used for a second",tool_004,cpu_usage
quick question - can you tell me how much cpu i'm using thanks,tool_004,cpu_usage
quick question - i want to know my cpu usage?,tool_004,cpu_usage
"hey claude, show me how much cpu is being used real quick",tool_004,cpu_usage
"hey, display current cpu usage when you have a moment",tool_004,cpu_usage
"one more thing, show me how much cpu is being used now",tool_004,cpu_usage
"yo, show me cpu usage if you can",tool_004,cpu_usage
"hmm, display current cpu usage when you get a chance",tool_004,cpu_usage
could you show me how much cpu is being used now,tool_004,cpu_usage
"one more thing, what's my current cpu usage? when you have a moment",tool_004,cpu_usage
"so, show me cpu usage if that's ok",tool_004,cpu_usage
could you how much cpu am i using real quick,tool_004,cpu_usage
"alright, check how much cpu is used when you have a moment",tool_004,cpu_usage
"alright, how much cpu do i have free thanks",tool_004,cpu_usage
"before i forget, how much cpu am i using asap",tool_004,cpu_usage
"yo, how much cpu do i have free real quick",tool_004,cpu_usage
"yo, what percentage of cpu is used please",tool_004,cpu_usage
"before i forget, show cpu percentage for me",tool_004,cpu_usage
"hey, how much processing power is being used real quick",tool_004,cpu_usage
"hey, what's my cpu at right now thanks a lot",tool_004,cpu_usage
can you can you tell me how much cpu i'm using when you get a chance,tool_004,cpu_usage
could you how's my processor doing asap,tool_004,cpu_usage
could you what's my cpu at right now please,tool_004,cpu_usage
"before i forget, show me how much cpu is being used right now",tool_004,cpu_usage
"hey claude, check processor usage when you get a chance",tool_004,cpu_usage
"so, processor usage report please thanks a lot",tool_004,cpu_usage
"hmm, how much cpu am i using if that's ok",tool_004,cpu_usage
is my cpu usage high if you can,tool_004,cpu_usage
"i was wondering, cpu usage please for me",tool_004,cpu_usage
could you how much cpu do i have free for me,tool_004,cpu_usage
"real quick, give me the cpu stats for me",tool_004,cpu_usage
"one more thing, how's my processor doing thanks",tool_004,cpu_usage
"hey claude, how much cpu is my system using thanks a lot",tool_004,cpu_usage
"one more thing, display current cpu usage please",tool_004,cpu_usage
"yo, i want to know my cpu usage for a second",tool_004,cpu_usage
"hey claude, how much cpu is free right now right now",tool_004,cpu_usage
"hmm, what's my cpu percentage",tool_004,cpu_usage
"assistant, how busy is my cpu if you can",tool_004,cpu_usage
"i was wondering, how much cpu is free right now thanks a lot",tool_004,cpu_usage
"before i forget, check how much cpu is used for a second",tool_004,cpu_usage
"i was wondering, show me cpu usage asap",tool_004,cpu_usage
"real quick, how much processing power is being used for a second",tool_004,cpu_usage
"alright, can you check cpu usage",tool_004,cpu_usage
"so, can you check cpu usage",tool_004,cpu_usage
please how much cpu is my system using?,tool_004,cpu_usage
"i was wondering, how much cpu am i using right now",tool_004,cpu_usage
"i was wondering, how busy is my cpu if you can",tool_004,cpu_usage
please what's the cpu utilization?,tool_004,cpu_usage
"hey claude, how much cpu am i using?",tool_004,cpu_usage
"so, check my cpu usage asap",tool_004,cpu_usage
quick question - what's the cpu utilization asap,tool_004,cpu_usage
check processor usage if you can,tool_004,cpu_usage
please show me cpu usage when you have a moment,tool_004,cpu_usage
please what's my current cpu usage? for a second,tool_004,cpu_usage
can you processor usage report please asap,tool_004,cpu_usage
"assistant, check my cpu usage for me",tool_004,cpu_usage
"before i forget, how much cpu do i have free if you can",tool_004,cpu_usage
"so, show me cpu usage if you can",tool_004,cpu_usage
quick question - how much cpu is my system using real quick,tool_004,cpu_usage
"i was wondering, show me cpu usage thanks",tool_004,cpu_usage
could you cpu check please now,tool_004,cpu_usage
could you what's my cpu percentage now,tool_004,cpu_usage
"yo, what is the current cpu usage please",tool_004,cpu_usage
"real quick, what's the cpu utilization please",tool_004,cpu_usage
"alright, what's the cpu utilization right now",tool_004,cpu_usage
quick question - check how much cpu is used real quick,tool_004,cpu_usage
please check my cpu usage now,tool_004,cpu_usage
"before i forget, how much cpu do i have free for a second",tool_004,cpu_usage
"alright, how busy is my cpu asap",tool_004,cpu_usage
"hmm, how busy is my cpu thanks",tool_004,cpu_usage
"i was wondering, what's my cpu percentage",tool_004,cpu_usage
"assistant, what's my cpu at right now please",tool_004,cpu_usage
"real quick, give me the cpu stats for a second",tool_004,cpu_usage
"before i forget, what is the current cpu usage asap",tool_004,cpu_usage
"assistant, check how much cpu is used thanks a lot",tool_004,cpu_usage
"one more thing, can you get the cpu usage for me thanks a lot",tool_004,cpu_usage
"assistant, is my cpu usage high when you have a moment",tool_004,cpu_usage
"real quick, show me cpu usage real quick",tool_004,cpu_usage
"yo, what's the cpu utilization thanks a lot",tool_004,cpu_usage
"assistant, tell me my cpu usage if that's ok",tool_004,cpu_usage
"yo, show me cpu usage for a second",tool_004,cpu_usage
"i was wondering, how much cpu is free right now when you get a chance",tool_004,cpu_usage
"hey, how much cpu is free right now if you can",tool_004,cpu_usage
can you can you get the cpu usage for me when you get a chance,tool_004,cpu_usage
"hey, can you get the cpu usage for me right now",tool_004,cpu_usage
"hey claude, what's my cpu percentage?",tool_004,cpu_usage
could you show cpu percentage when you have a moment,tool_004,cpu_usage
show me cpu usage?,tool_004,cpu_usage
quick question - show me how much cpu is being used asap,tool_004,cpu_usage
"hmm, what's my current cpu usage? for a second",tool_004,cpu_usage
"so, can you tell me how much cpu i'm using now",tool_004,cpu_usage
"hmm, show me cpu usage when you have a moment",tool_004,cpu_usage
"real quick, what's my cpu at right now right now",tool_004,cpu_usage
"so, check my cpu usage now",tool_004,cpu_usage
"so, what's my current cpu usage? right now",tool_004,cpu_usage
"i was wondering, how much cpu am i using please",tool_004,cpu_usage
can you show me how much cpu is being used asap,tool_004,cpu_usage
"before i forget, how much cpu is my system using if that's ok",tool_004,cpu_usage
quick question - check processor usage,tool_004,cpu_usage
"hey, give me the cpu stats for me",tool_004,cpu_usage
please is my cpu usage high for a second,tool_004,cpu_usage
"i was wondering, show cpu percentage when you have a moment",tool_004,cpu_usage
"hmm, how's my processor doing when you have a moment",tool_004,cpu_usage
can you how busy is my cpu now,tool_004,cpu_usage
"alright, what's the cpu utilization for a second",tool_004,cpu_usage
"hmm, what's my cpu percentage thanks",tool_004,cpu_usage
"real quick, what's my cpu at right now if that's ok",tool_004,cpu_usage
can you how much cpu is free right now,tool_004,cpu_usage
could you processor usage report please right now,tool_004,cpu_usage
"i was wondering, give me the cpu stats thanks a lot",tool_004,cpu_usage
"hmm, what is the current cpu usage thanks",tool_004,cpu_usage
"hmm, check how much cpu is used",tool_004,cpu_usage
could you display current cpu usage real quick,tool_004,cpu_usage
"yo, how busy is my cpu if that's ok",tool_004,cpu_usage
please can you tell me how much cpu i'm using?,tool_004,cpu_usage
"one more thing, can you tell me how much cpu i'm using when you have a moment",tool_004,cpu_usage
"hey claude, what's my cpu at right now thanks a lot",tool_004,cpu_usage
could you what's my cpu percentage please,tool_004,cpu_usage
can you display current cpu usage when you get a chance,tool_004,cpu_usage
show me cpu usage if you can,tool_004,cpu_usage
"i was wondering, what percentage of cpu is used right now",tool_004,cpu_usage
show me how much cpu is being used for a second,tool_004,cpu_usage
"assistant, cpu check please real quick",tool_004,cpu_usage
"yo, what's the cpu utilization for a second",tool_004,cpu_usage
"so, check my cpu usage for me",tool_004,cpu_usage
"alright, show me cpu usage right now",tool_004,cpu_usage
"hmm, check how much cpu is used please",tool_004,cpu_usage
"hey, show cpu percentage when you get a chance",tool_004,cpu_usage
"before i forget, check my cpu usage right now",tool_004,cpu_usage
"one more thing, show cpu percentage thanks a lot",tool_004,cpu_usage
quick question - how much cpu is my system using asap,tool_004,cpu_usage
please how much cpu is free right now?,tool_004,cpu_usage
quick question - how much cpu is my system using now,tool_004,cpu_usage
"hey, what's my cpu percentage?",tool_004,cpu_usage
"i was wondering, how much cpu is free right now",tool_004,cpu_usage
"yo, can you tell me how much cpu i'm using thanks",tool_004,cpu_usage
"so, how's my processor doing if you can",tool_004,cpu_usage
"before i forget, check my cpu usage real quick",tool_004,cpu_usage
"assistant, what percentage of cpu is used when you have a moment",tool_004,cpu_usage
"real quick, display current cpu usage?",tool_004,cpu_usage
"so, cpu usage please if you can",tool_004,cpu_usage
please how much cpu do i have free please,tool_004,cpu_usage
"i was wondering, check processor usage for me",tool_004,cpu_usage
"before i forget, how much cpu is my system using",tool_004,cpu_usage
quick question - what's my cpu percentage please,tool_004,cpu_usage
"one more thing, how busy is my cpu",tool_004,cpu_usage
could you i want to know my cpu usage if you can,tool_004,cpu_usage
could you tell me my cpu usage for a second,tool_004,cpu_usage
"i was wondering, show me how much cpu is being used asap",tool_004,cpu_usage
"yo, is my cpu usage high now",tool_004,cpu_usage
"hey claude, check processor usage thanks",tool_004,cpu_usage
"alright, what's my cpu percentage thanks a lot",tool_004,cpu_usage
quick question - check how much cpu is used,tool_004,cpu_usage
"so, how much cpu do i have free for a second",tool_004,cpu_usage
please what's my current cpu usage?,tool_004,cpu_usage
"i was wondering, cpu usage please?",tool_004,cpu_usage
"i was wondering, cpu check please?",tool_004,cpu_usage
"so, how's my processor doing real quick",tool_004,cpu_usage
can you display current cpu usage please,tool_004,cpu_usage
i want to know my cpu usage thanks,tool_004,cpu_usage
"real quick, i want to know my cpu usage right now",tool_004,cpu_usage
"real quick, how much cpu is free right now",tool_004,cpu_usage
"real quick, show cpu percentage please",tool_004,cpu_usage
can you what's my cpu at right now,tool_004,cpu_usage
how much cpu is my system using thanks,tool_004,cpu_usage
please show cpu percentage thanks,tool_004,cpu_usage
is my cpu usage high please,tool_004,cpu_usage
"real quick, what's my current cpu usage?",tool_004,cpu_usage
"one more thing, how much cpu am i using please",tool_004,cpu_usage
"real quick, cpu check please if that's ok",tool_004,cpu_usage
"assistant, cpu check please if you can",tool_004,cpu_usage
quick question - is my cpu usage high for me,tool_004,cpu_usage
"before i forget, how much cpu am i using if you can",tool_004,cpu_usage
"one more thing, how busy is my cpu now",tool_004,cpu_usage
"assistant, what percentage of cpu is used thanks",tool_004,cpu_usage
quick question - can you check cpu usage please,tool_004,cpu_usage
"one more thing, can you check cpu usage real quick",tool_004,cpu_usage
"before i forget, i want to know my cpu usage when you have a moment",tool_004,cpu_usage
"one more thing, what is the current cpu usage if that's ok",tool_004,cpu_usage
"so, how busy is my cpu now",tool_004,cpu_usage
"assistant, how much cpu is my system using asap",tool_004,cpu_usage
"alright, what's my cpu percentage",tool_004,cpu_usage
"hey claude, how much processing power is being used",tool_004,cpu_usage
quick question - show cpu percentage for me,tool_004,cpu_usage
"yo, can you get the cpu usage for me please",tool_004,cpu_usage
quick question - what percentage of cpu is used asap,tool_004,cpu_usage
"alright, how's my processor doing right now",tool_004,cpu_usage
"i was wondering, how much cpu am i using for a second",tool_004,cpu_usage
could you can you check cpu usage for a second,tool_004,cpu_usage
could you cpu check please when you have a moment,tool_004,cpu_usage
"hey claude, cpu usage please thanks",tool_004,cpu_usage
quick question - show cpu percentage if you can,tool_004,cpu_usage
"before i forget, check processor usage now",tool_004,cpu_usage
quick question - what's the cpu utilization when you have a moment,tool_004,cpu_usage
"real quick, check processor usage when you have a moment",tool_004,cpu_usage
"hey, display current cpu usage for me",tool_004,cpu_usage
"real quick, check how much cpu is used when you get a chance",tool_004,cpu_usage
"one more thing, what's my current cpu usage? when you get a chance",tool_004,cpu_usage
"hey claude, show me how much cpu is being used right now",tool_004,cpu_usage
display current cpu usage if that's ok,tool_004,cpu_usage
"hmm, is my cpu usage high thanks a lot",tool_004,cpu_usage
"hey, how much processing power is being used?",tool_004,cpu_usage
"before i forget, check my cpu usage for a second",tool_004,cpu_usage
"alright, cpu check please for a second",tool_004,cpu_usage
quick question - tell me my cpu usage asap,tool_004,cpu_usage
could you can you check cpu usage when you get a chance,tool_004,cpu_usage
"hey, how busy is my cpu asap",tool_004,cpu_usage
"yo, how much cpu is my system using if you can",tool_004,cpu_usage
"one more thing, how much cpu am i using",tool_004,cpu_usage
"hey claude, display current cpu usage when you have a moment",tool_004,cpu_usage
"real quick, show cpu percentage",tool_004,cpu_usage
quick question - cpu usage please if you can,tool_004,cpu_usage
could you what percentage of cpu is used for me,tool_004,cpu_usage
"alright, how much cpu is free right now if that's ok",tool_004,cpu_usage
"real quick, what's my cpu at right now for me",tool_004,cpu_usage
"hey claude, how much cpu am i using thanks",tool_004,cpu_usage
can you processor usage report please for a second,tool_004,cpu_usage
"alright, cpu usage please asap",tool_004,cpu_usage
quick question - processor usage report please for me,tool_004,cpu_usage
quick question - what percentage of cpu is used?,tool_004,cpu_usage
can you what's my current cpu usage? for a second,tool_004,cpu_usage
"hey, how much processing power is being used when you have a moment",tool_004,cpu_usage
"one more thing, what's my cpu percentage when you get a chance",tool_004,cpu_usage
"hey, how much cpu do i have free when you get a chance",tool_004,cpu_usage
"real quick, what's my cpu percentage thanks a lot",tool_004,cpu_usage
"real quick, check how much cpu is used for a second",tool_004,cpu_usage
could you what is the current cpu usage right now,tool_004,cpu_usage
"hey claude, how much cpu is my system using for a second",tool_004,cpu_usage
what's my cpu percentage thanks,tool_004,cpu_usage
"hmm, what's my current cpu usage? if that's ok",tool_004,cpu_usage
"before i forget, what is the current cpu usage when you get a chance",tool_004,cpu_usage
"real quick, is my cpu usage high asap",tool_004,cpu_usage
"assistant, i want to know my cpu usage now",tool_004,cpu_usage
quick question - check how much cpu is used when you have a moment,tool_004,cpu_usage
"i was wondering, what's my cpu at right now if you can",tool_004,cpu_usage
"one more thing, can you tell me how much cpu i'm using now",tool_004,cpu_usage
please is my cpu usage high when you have a moment,tool_004,cpu_usage
"one more thing, what's my current cpu usage? asap",tool_004,cpu_usage
quick question - what's my current cpu usage??,tool_004,cpu_usage
"before i forget, can you tell me how much cpu i'm using when you have a moment",tool_004,cpu_usage
could you processor usage report please for a second,tool_004,cpu_usage
"one more thing, what's my cpu at right now thanks a lot",tool_004,cpu_usage
quick question - can you tell me how much cpu i'm using,tool_004,cpu_usage
could you give me the cpu stats if that's ok,tool_004,cpu_usage
quick question - cpu check please for a second,tool_004,cpu_usage
"assistant, how much cpu do i have free when you have a moment",tool_004,cpu_usage
"alright, cpu usage please if that's ok",tool_004,cpu_usage
"assistant, how much cpu is free right now please",tool_004,cpu_usage
"hmm, what is the current cpu usage please",tool_004,cpu_usage
"hmm, cpu usage please when you get a chance",tool_004,cpu_usage
"hmm, tell me my cpu usage if you can",tool_004,cpu_usage
"assistant, is my cpu usage high when you get a chance",tool_004,cpu_usage
could you show me how much cpu is being used thanks,tool_004,cpu_usage
"yo, how much cpu am i using for a second",tool_004,cpu_usage
can you show cpu percentage real quick,tool_004,cpu_usage
can you can you check cpu usage real quick,tool_004,cpu_usage
"alright, how much cpu am i using if that's ok",tool_004,cpu_usage
"assistant, can you check cpu usage if you can",tool_004,cpu_usage
could you how busy is my cpu for a second,tool_004,cpu_usage
"before i forget, how's my processor doing for me",tool_004,cpu_usage
"hmm, processor usage report please when you have a moment",tool_004,cpu_usage
"yo, what's my cpu percentage right now",tool_004,cpu_usage
"one more thing, how much cpu is my system using if that's ok",tool_004,cpu_usage
"assistant, check my cpu usage when you get a chance",tool_004,cpu_usage
"real quick, show me cpu usage now",tool_004,cpu_usage
please show me how much cpu is being used,tool_004,cpu_usage
"hey claude, show cpu percentage please",tool_004,cpu_usage
"alright, can you check cpu usage thanks",tool_004,cpu_usage
"so, display current cpu usage asap",tool_004,cpu_usage
"before i forget, how much cpu is free right now",tool_004,cpu_usage
"hey claude, is my cpu usage high when you have a moment",tool_004,cpu_usage
"i was wondering, check how much cpu is used right now",tool_004,cpu_usage
"assistant, cpu check please for a second",tool_004,cpu_usage
how busy is my cpu when you have a moment,tool_004,cpu_usage
"real quick, cpu usage please right now",tool_004,cpu_usage
"real quick, check processor usage thanks a lot",tool_004,cpu_usage
"one more thing, is my cpu usage high?",tool_004,cpu_usage
"assistant, show me how much cpu is being used now",tool_004,cpu_usage
"before i forget, can you tell me how much cpu i'm using now",tool_004,cpu_usage
"hmm, how's my processor doing asap",tool_004,cpu_usage
quick question - show cpu percentage now,tool_004,cpu_usage
can you check cpu usage when you get a chance,tool_004,cpu_usage
"assistant, how much cpu do i have free if you can",tool_004,cpu_usage
"assistant, give me the cpu stats?",tool_004,cpu_usage
could you cpu check please right now,tool_004,cpu_usage
"one more thing, cpu usage please thanks a lot",tool_004,cpu_usage
"before i forget, show me how much cpu is being used now",tool_004,cpu_usage
"assistant, processor usage report please?",tool_004,cpu_usage
"alright, cpu check please asap",tool_004,cpu_usage
please how busy is my cpu for a second,tool_004,cpu_usage
"i was wondering, give me the cpu stats real quick",tool_004,cpu_usage
quick question - tell me my cpu usage please,tool_004,cpu_usage
show me how much cpu is being used right now,tool_004,cpu_usage
could you how much cpu is my system using thanks a lot,tool_004,cpu_usage
"before i forget, can you tell me how much cpu i'm using asap",tool_004,cpu_usage
"assistant, tell me my cpu usage",tool_004,cpu_usage
"real quick, how much cpu do i have free thanks a lot",tool_004,cpu_usage
"before i forget, can you get the cpu usage for me",tool_004,cpu_usage
"assistant, display current cpu usage thanks a lot",tool_004,cpu_usage
quick question - cpu check please asap,tool_004,cpu_usage
can you how busy is my cpu please,tool_004,cpu_usage
"hmm, check how much cpu is used for a second",tool_004,cpu_usage
"assistant, how much cpu is my system using real quick",tool_004,cpu_usage
"hey claude, can you get the cpu usage for me if you can",tool_004,cpu_usage
"hey claude, show me cpu usage?",tool_004,cpu_usage
"real quick, show me cpu usage for me",tool_004,cpu_usage
quick question - how much cpu is my system using?,tool_004,cpu_usage
"before i forget, is my cpu usage high thanks",tool_004,cpu_usage
"before i forget, give me the cpu stats thanks",tool_004,cpu_usage
"hey, cpu usage please now",tool_004,cpu_usage
"one more thing, can you check cpu usage thanks a lot",tool_004,cpu_usage
"real quick, what is the current cpu usage if you can",tool_004,cpu_usage
"one more thing, what percentage of cpu is used thanks",tool_004,cpu_usage
"yo, what's my current cpu usage? thanks",tool_004,cpu_usage
"alright, cpu usage please please",tool_004,cpu_usage
"before i forget, show me how much cpu is being used",tool_004,cpu_usage
"one more thing, show me how much cpu is being used?",tool_004,cpu_usage
"assistant, how much cpu am i using for me",tool_004,cpu_usage
"i was wondering, how much processing power is being used thanks",tool_004,cpu_usage
"real quick, what's the cpu utilization when you get a chance",tool_004,cpu_usage
"hey claude, how busy is my cpu when you have a moment",tool_004,cpu_usage
could you what's the cpu utilization please,tool_004,cpu_usage
"alright, what's my cpu percentage if that's ok",tool_004,cpu_usage
could you is my cpu usage high thanks,tool_004,cpu_usage
how much processing power is being used?,tool_004,cpu_usage
"hey, processor usage report please thanks",tool_004,cpu_usage
"hmm, check processor usage asap",tool_004,cpu_usage
quick question - show me how much cpu is being used right now,tool_004,cpu_usage
please what's the cpu utilization,tool_004,cpu_usage
"yo, how much cpu is my system using if that's ok",tool_004,cpu_usage
please how much processing power is being used please,tool_004,cpu_usage
please can you check cpu usage if you can,tool_004,cpu_usage
"one more thing, tell me my cpu usage please",tool_004,cpu_usage
"yo, what's the cpu utilization?",tool_004,cpu_usage
please how much processing power is being used thanks,tool_004,cpu_usage
"before i forget, give me the cpu stats for me",tool_004,cpu_usage
"yo, cpu check please right now",tool_004,cpu_usage
"hey claude, check my cpu usage thanks",tool_004,cpu_usage
how busy is my cpu if you can,tool_004,cpu_usage
"alright, check how much cpu is used now",tool_004,cpu_usage
quick question - is my cpu usage high please,tool_004,cpu_usage
"hey claude, can you get the cpu usage for me now",tool_004,cpu_usage
quick question - can you get the cpu usage for me if that's ok,tool_004,cpu_usage
can you how much cpu is free right now thanks,tool_004,cpu_usage
could you what percentage of cpu is used thanks a lot,tool_004,cpu_usage
"hmm, what percentage of cpu is used thanks",tool_004,cpu_usage
could you how much processing power is being used when you get a chance,tool_004,cpu_usage
"real quick, show me how much cpu is being used right now",tool_004,cpu_usage
"one more thing, how much cpu is my system using for a second",tool_004,cpu_usage
can you what is the current cpu usage thanks a lot,tool_004,cpu_usage
"hey, what percentage of cpu is used if that's ok",tool_004,cpu_usage
"real quick, how much cpu am i using when you have a moment",tool_004,cpu_usage
what percentage of cpu is used if that's ok,tool_004,cpu_usage
can you i want to know my cpu usage real quick,tool_004,cpu_usage
"hey, can you get the cpu usage for me?",tool_004,cpu_usage
"hey, how much cpu am i using for me",tool_004,cpu_usage
could you check how much cpu is used please,tool_004,cpu_usage
quick question - how much cpu is free right now when you get a chance,tool_004,cpu_usage
quick question - how much cpu is my system using thanks,tool_004,cpu_usage
"yo, how much cpu is free right now for me",tool_004,cpu_usage
"real quick, can you get the cpu usage for me when you have a moment",tool_004,cpu_usage
"i was wondering, how much cpu do i have free right now",tool_004,cpu_usage
"i was wondering, what's the cpu utilization for me",tool_004,cpu_usage
please give me the cpu stats?,tool_004,cpu_usage
quick question - how much cpu is my system using right now,tool_004,cpu_usage
please can you tell me how much cpu i'm using if that's ok,tool_004,cpu_usage
"alright, what's my cpu percentage asap",tool_004,cpu_usage
could you what is the current cpu usage if you can,tool_004,cpu_usage
quick question - check processor usage when you have a moment,tool_004,cpu_usage
"hey claude, can you tell me how much cpu i'm using for a second",tool_004,cpu_usage
"hey claude, how busy is my cpu please",tool_004,cpu_usage
can you check my cpu usage if that's ok,tool_004,cpu_usage
"hey, check processor usage when you have a moment",tool_004,cpu_usage
"i was wondering, cpu usage please real quick",tool_004,cpu_usage
"alright, can you get the cpu usage for me when you get a chance",tool_004,cpu_usage
"so, show me cpu usage for me",tool_004,cpu_usage
"so, can you get the cpu usage for me",tool_004,cpu_usage
"hey, what percentage of cpu is used if you can",tool_004,cpu_usage
"before i forget, how much cpu do i have free please",tool_004,cpu_usage
"alright, how's my processor doing if you can",tool_004,cpu_usage
"real quick, i want to know my cpu usage when you get a chance",tool_004,cpu_usage
quick question - show me how much cpu is being used now,tool_004,cpu_usage
"yo, what's my cpu percentage thanks",tool_004,cpu_usage
"assistant, show cpu percentage?",tool_004,cpu_usage
"so, check processor usage asap",tool_004,cpu_usage
"before i forget, show cpu percentage now",tool_004,cpu_usage
"hey, how much processing power is being used for a second",tool_004,cpu_usage
"hmm, can you get the cpu usage for me real quick",tool_004,cpu_usage
can you can you get the cpu usage for me if that's ok,tool_004,cpu_usage
please how busy is my cpu when you have a moment,tool_004,cpu_usage
"hey, show me cpu usage asap",tool_004,cpu_usage
"hey claude, what percentage of cpu is used if you can",tool_004,cpu_usage
"hmm, can you get the cpu usage for me if you can",tool_004,cpu_usage
"alright, show me cpu usage real quick",tool_004,cpu_usage
"assistant, what's my current cpu usage? when you get a chance",tool_004,cpu_usage
"one more thing, how much cpu am i using when you have a moment",tool_004,cpu_usage
"one more thing, how's my processor doing right now",tool_004,cpu_usage
could you how's my processor doing?,tool_004,cpu_usage
"hey, how much cpu am i using thanks a lot",tool_004,cpu_usage
"before i forget, what's my cpu at right now now",tool_004,cpu_usage
"alright, can you check cpu usage please",tool_004,cpu_usage
"one more thing, give me the cpu stats when you get a chance",tool_004,cpu_usage
"hey, can you tell me how much cpu i'm using if you can",tool_004,cpu_usage
quick question - what's my cpu percentage thanks,tool_004,cpu_usage
"yo, what is the current cpu usage for me",tool_004,cpu_usage
"hmm, how much cpu is my system using asap",tool_004,cpu_usage
"so, what's my cpu at right now?",tool_004,cpu_usage
"assistant, check processor usage when you get a chance",tool_004,cpu_usage
could you can you tell me how much cpu i'm using if you can,tool_004,cpu_usage
please show cpu percentage?,tool_004,cpu_usage
"alright, can you check cpu usage if that's ok",tool_004,cpu_usage
"so, is my cpu usage high if you can",tool_004,cpu_usage
could you processor usage report please?,tool_004,cpu_usage
"one more thing, what's the cpu utilization for a second",tool_004,cpu_usage
"real quick, show me how much cpu is being used for me",tool_004,cpu_usage
"real quick, give me the cpu stats please",tool_004,cpu_usage
quick question - check processor usage thanks,tool_004,cpu_usage
"hey, i want to know my cpu usage real quick",tool_004,cpu_usage
"hey, what's my cpu at right now?",tool_004,cpu_usage
"hmm, show cpu percentage if that's ok",tool_004,cpu_usage
"yo, can you get the cpu usage for me right now",tool_004,cpu_usage
quick question - what's my current cpu usage? asap,tool_004,cpu_usage
"hey, can you get the cpu usage for me please",tool_004,cpu_usage
please how much cpu is free right now right now,tool_004,cpu_usage
can you tell me my cpu usage now,tool_004,cpu_usage
"hey, is my cpu usage high please",tool_004,cpu_usage
"hey claude, how's my processor doing asap",tool_004,cpu_usage
"i was wondering, check processor usage if that's ok",tool_004,cpu_usage
"yo, how much processing power is being used if you can",tool_004,cpu_usage
"hmm, how much processing power is being used real quick",tool_004,cpu_usage
can you i want to know my cpu usage right now,tool_004,cpu_usage
"so, show me how much cpu is being used please",tool_004,cpu_usage
"one more thing, how much cpu do i have free",tool_004,cpu_usage
"so, can you tell me how much cpu i'm using asap",tool_004,cpu_usage
what's my current cpu usage? please,tool_004,cpu_usage
how much cpu is free right now if you can,tool_004,cpu_usage
quick question - processor usage report please thanks a lot,tool_004,cpu_usage
"before i forget, can you check cpu usage real quick",tool_004,cpu_usage
what's the cpu utilization?,tool_004,cpu_usage
"hey claude, what's my current cpu usage? thanks",tool_004,cpu_usage
"hey claude, processor usage report please please",tool_004,cpu_usage
"assistant, what's my cpu percentage real quick",tool_004,cpu_usage
"assistant, show me cpu usage for me",tool_004,cpu_usage
could you processor usage report please real quick,tool_004,cpu_usage
"assistant, i want to know my cpu usage?",tool_004,cpu_usage
"before i forget, what is the current cpu usage",tool_004,cpu_usage
"i was wondering, what's the cpu utilization right now",tool_004,cpu_usage
"yo, show me how much cpu is being used thanks a lot",tool_004,cpu_usage
"hmm, can you get the cpu usage for me for a second",tool_004,cpu_usage
"assistant, how much cpu is free right now when you get a chance",tool_004,cpu_usage
"yo, cpu usage please for a second",tool_004,cpu_usage
could you cpu usage please for a second,tool_004,cpu_usage
"i was wondering, what's my current cpu usage? for a second",tool_004,cpu_usage
"hey, check processor usage if you can",tool_004,cpu_usage
"assistant, what's my current cpu usage? for a second",tool_004,cpu_usage
can you how busy is my cpu thanks a lot,tool_004,cpu_usage
"before i forget, how much processing power is being used if you can",tool_004,cpu_usage
"yo, give me the cpu stats",tool_004,cpu_usage
how's my processor doing asap,tool_004,cpu_usage
"one more thing, show me cpu usage",tool_004,cpu_usage
"real quick, cpu usage please please",tool_004,cpu_usage
quick question - what's my cpu percentage if that's ok,tool_004,cpu_usage
"one more thing, how much cpu is free right now thanks a lot",tool_004,cpu_usage
"assistant, how's my processor doing right now",tool_004,cpu_usage
can you give me the cpu stats now,tool_004,cpu_usage
"assistant, cpu usage please",tool_004,cpu_usage
could you how much cpu is my system using thanks,tool_004,cpu_usage
please how much processing power is being used if you can,tool_004,cpu_usage
how much cpu am i using?,tool_004,cpu_usage
can you tell me my cpu usage?,tool_004,cpu_usage
"hmm, can you get the cpu usage for me asap",tool_004,cpu_usage
can you check cpu usage now,tool_004,cpu_usage
please what's my cpu percentage thanks a lot,tool_004,cpu_usage
"real quick, can you get the cpu usage for me?",tool_004,cpu_usage
"i was wondering, how much cpu do i have free for a second",tool_004,cpu_usage
how much cpu am i using asap,tool_004,cpu_usage
"hey claude, show me how much cpu is being used?",tool_004,cpu_usage
"one more thing, display current cpu usage for me",tool_004,cpu_usage
can you check cpu usage real quick,tool_004,cpu_usage
quick question - what's my current cpu usage? right now,tool_004,cpu_usage
"one more thing, cpu check please",tool_004,cpu_usage
"so, what percentage of cpu is used right now",tool_004,cpu_usage
please show cpu percentage asap,tool_004,cpu_usage
"hmm, check how much cpu is used asap",tool_004,cpu_usage
"so, check processor usage when you have a moment",tool_004,cpu_usage
"yo, what's the cpu utilization asap",tool_004,cpu_usage
"assistant, show me how much cpu is being used when you get a chance",tool_004,cpu_usage
"before i forget, show me cpu usage if you can",tool_004,cpu_usage
can you what percentage of cpu is used asap,tool_004,cpu_usage
could you tell me my cpu usage right now,tool_004,cpu_usage
please i want to know my cpu usage right now,tool_004,cpu_usage
display current cpu usage now,tool_004,cpu_usage
quick question - how's my processor doing when you have a moment,tool_004,cpu_usage
"hmm, show me how much cpu is being used please",tool_004,cpu_usage
"i was wondering, how much cpu is my system using right now",tool_004,cpu_usage
"alright, how busy is my cpu real quick",tool_004,cpu_usage
"real quick, display current cpu usage for a second",tool_004,cpu_usage
"before i forget, i want to know my cpu usage if that's ok",tool_004,cpu_usage
"hey claude, check processor usage now",tool_004,cpu_usage
"before i forget, what's my current cpu usage? thanks",tool_004,cpu_usage
"alright, how much cpu is free right now",tool_004,cpu_usage
can you give me the cpu stats please,tool_004,cpu_usage
"hey, how much processing power is being used if you can",tool_004,cpu_usage
"hmm, i want to know my cpu usage if that's ok",tool_004,cpu_usage
"i was wondering, what's my cpu percentage when you have a moment",tool_004,cpu_usage
could you show me how much cpu is being used when you get a chance,tool_004,cpu_usage
could you cpu check please real quick,tool_004,cpu_usage
"real quick, give me the cpu stats if you can",tool_004,cpu_usage
"before i forget, is my cpu usage high if that's ok",tool_004,cpu_usage
"assistant, what is the current cpu usage if that's ok",tool_004,cpu_usage
"hey, display current cpu usage asap",tool_004,cpu_usage
could you can you tell me how much cpu i'm using asap,tool_004,cpu_usage
can you what's the cpu utilization thanks a lot,tool_004,cpu_usage
"hmm, what is the current cpu usage if that's ok",tool_004,cpu_usage
"assistant, what percentage of cpu is used?",tool_004,cpu_usage
"alright, how's my processor doing thanks a lot",tool_004,cpu_usage
"before i forget, show me how much cpu is being used thanks a lot",tool_004,cpu_usage
"assistant, cpu usage please for me",tool_004,cpu_usage
what is the current cpu usage thanks a lot,tool_004,cpu_usage
"one more thing, how busy is my cpu if you can",tool_004,cpu_usage
"hey claude, check processor usage?",tool_004,cpu_usage
"assistant, processor usage report please thanks",tool_004,cpu_usage
"so, is my cpu usage high when you have a moment",tool_004,cpu_usage
can you processor usage report please thanks a lot,tool_004,cpu_usage
"yo, display current cpu usage when you have a moment",tool_004,cpu_usage
can you check cpu usage thanks a lot,tool_004,cpu_usage
give me the cpu stats right now,tool_004,cpu_usage
please check my cpu usage real quick,tool_004,cpu_usage
can you tell me my cpu usage when you have a moment,tool_004,cpu_usage
can you tell me my cpu usage right now,tool_004,cpu_usage
"yo, check my cpu usage thanks",tool_004,cpu_usage
please tell me my cpu usage thanks,tool_004,cpu_usage
what's my cpu at right now for me,tool_004,cpu_usage
"alright, display current cpu usage for a second",tool_004,cpu_usage
"yo, tell me my cpu usage if you can",tool_004,cpu_usage
"yo, i want to know my cpu usage if you can",tool_004,cpu_usage
quick question - i want to know my cpu usage if that's ok,tool_004,cpu_usage
"hmm, what's my cpu percentage when you have a moment",tool_004,cpu_usage
"yo, what's my cpu percentage for me",tool_004,cpu_usage
"one more thing, what's my cpu percentage if you can",tool_004,cpu_usage
"hmm, how much cpu is free right now thanks",tool_004,cpu_usage
"hey, tell me my cpu usage now",tool_004,cpu_usage
"so, can you get the cpu usage for me thanks",tool_004,cpu_usage
"real quick, is my cpu usage high if you can",tool_004,cpu_usage
"yo, can you get the cpu usage for me for a second",tool_004,cpu_usage
can you check cpu usage right now,tool_004,cpu_usage
"one more thing, what's my cpu at right now when you get a chance",tool_004,cpu_usage
"one more thing, how much cpu do i have free real quick",tool_004,cpu_usage
check how much cpu is used thanks,tool_004,cpu_usage
"so, give me the cpu stats?",tool_004,cpu_usage
"real quick, how busy is my cpu thanks a lot",tool_004,cpu_usage
"before i forget, what's the cpu utilization asap",tool_004,cpu_usage
"hey, cpu usage please for a second",tool_004,cpu_usage
"one more thing, show cpu percentage if that's ok",tool_004,cpu_usage
"yo, give me the cpu stats for me",tool_004,cpu_usage
could you check processor usage?,tool_004,cpu_usage
could you show me cpu usage?,tool_004,cpu_usage
"one more thing, can you get the cpu usage for me when you have a moment",tool_004,cpu_usage
"hey claude, can you check cpu usage for a second",tool_004,cpu_usage
"hey claude, check my cpu usage thanks a lot",tool_004,cpu_usage
"hmm, what is the current cpu usage real quick",tool_004,cpu_usage
can you how much cpu is free right now now,tool_004,cpu_usage
"hey claude, processor usage report please now",tool_004,cpu_usage
"i was wondering, show me cpu usage when you have a moment",tool_004,cpu_usage
"i was wondering, cpu usage please please",tool_004,cpu_usage
"so, how much cpu is my system using",tool_004,cpu_usage
"before i forget, what is the current cpu usage for a second",tool_004,cpu_usage
quick question - can you check cpu usage?,tool_004,cpu_usage
"one more thing, how much cpu am i using when you get a chance",tool_004,cpu_usage
"yo, give me the cpu stats?",tool_004,cpu_usage
quick question - how's my processor doing if you can,tool_004,cpu_usage
cpu check please right now,tool_004,cpu_usage
"so, is my cpu usage high right now",tool_004,cpu_usage
"before i forget, how's my processor doing",tool_004,cpu_usage
"yo, can you check cpu usage right now",tool_004,cpu_usage
"assistant, how much processing power is being used if that's ok",tool_004,cpu_usage
"real quick, how busy is my cpu please",tool_004,cpu_usage
"real quick, tell me my cpu usage thanks",tool_004,cpu_usage
"hey, is my cpu usage high when you get a chance",tool_004,cpu_usage
"one more thing, tell me my cpu usage now",tool_004,cpu_usage
"before i forget, i want to know my cpu usage if you can",tool_004,cpu_usage
"one more thing, tell me my cpu usage for a second",tool_004,cpu_usage
"assistant, is my cpu usage high please",tool_004,cpu_usage
please is my cpu usage high when you get a chance,tool_004,cpu_usage
"hey, display current cpu usage?",tool_004,cpu_usage
could you check my cpu usage if that's ok,tool_004,cpu_usage
"i was wondering, what's my current cpu usage? when you have a moment",tool_004,cpu_usage
"one more thing, cpu check please now",tool_004,cpu_usage
please check how much cpu is used?,tool_004,cpu_usage
could you how much processing power is being used if you can,tool_004,cpu_usage
"real quick, can you tell me how much cpu i'm using now",tool_004,cpu_usage
"one more thing, what is the current cpu usage when you have a moment",tool_004,cpu_usage
"hey claude, what percentage of cpu is used",tool_004,cpu_usage
please how much processing power is being used for a second,tool_004,cpu_usage
"real quick, how much cpu is free right now now",tool_004,cpu_usage
can you cpu usage please right now,tool_004,cpu_usage
"hmm, can you tell me how much cpu i'm using asap",tool_004,cpu_usage
"so, processor usage report please now",tool_004,cpu_usage
"before i forget, check how much cpu is used for me",tool_004,cpu_usage
"yo, how much cpu do i have free if you can",tool_004,cpu_usage
"hey claude, cpu check please for a second",tool_004,cpu_usage
quick question - how busy is my cpu?,tool_004,cpu_usage
"so, how much cpu am i using?",tool_004,cpu_usage
"alright, check how much cpu is used please",tool_004,cpu_usage
"alright, what's the cpu utilization for me",tool_004,cpu_usage
"real quick, can you check cpu usage asap",tool_004,cpu_usage
"hmm, can you check cpu usage thanks",tool_004,cpu_usage
"yo, what percentage of cpu is used right now",tool_004,cpu_usage
can you what's my cpu percentage for a second,tool_004,cpu_usage
"hey, how busy is my cpu now",tool_004,cpu_usage
"before i forget, what's the cpu utilization if that's ok",tool_004,cpu_usage
quick question - what's my cpu at right now thanks a lot,tool_004,cpu_usage
"real quick, how's my processor doing asap",tool_004,cpu_usage
processor usage report please right now,tool_004,cpu_usage
"hey claude, what's my cpu at right now if you can",tool_004,cpu_usage
can you check my cpu usage when you get a chance,tool_004,cpu_usage
"yo, what's the cpu utilization for me",tool_004,cpu_usage
"hey, what's the cpu utilization if that's ok",tool_004,cpu_usage
quick question - what's the cpu utilization real quick,tool_004,cpu_usage
can you is my cpu usage high thanks,tool_004,cpu_usage
"real quick, what percentage of cpu is used thanks",tool_004,cpu_usage
please how much cpu is my system using right now,tool_004,cpu_usage
"i was wondering, how busy is my cpu real quick",tool_004,cpu_usage
could you check my cpu usage thanks,tool_004,cpu_usage
check how much cpu is used,tool_004,cpu_usage
"assistant, can you get the cpu usage for me please",tool_004,cpu_usage
"hey claude, check my cpu usage when you get a chance",tool_004,cpu_usage
can you can you get the cpu usage for me if you can,tool_004,cpu_usage
"before i forget, give me the cpu stats asap",tool_004,cpu_usage
please check processor usage thanks,tool_004,cpu_usage
"assistant, display current cpu usage please",tool_004,cpu_usage
please tell me my cpu usage?,tool_004,cpu_usage
"so, how much cpu is my system using for a second",tool_004,cpu_usage
"one more thing, can you check cpu usage when you get a chance",tool_004,cpu_usage
please what is the current cpu usage right now,tool_004,cpu_usage
tell me my cpu usage when you have a moment,tool_004,cpu_usage
"alright, processor usage report please thanks a lot",tool_004,cpu_usage
"so, how much processing power is being used for me",tool_004,cpu_usage
can you how much cpu do i have free when you get a chance,tool_004,cpu_usage
please can you check cpu usage when you get a chance,tool_004,cpu_usage
check processor usage asap,tool_004,cpu_usage
"before i forget, what's my cpu at right now thanks a lot",tool_004,cpu_usage
"alright, check how much cpu is used",tool_004,cpu_usage
"alright, show me how much cpu is being used right now",tool_004,cpu_usage
can you show cpu percentage if you can,tool_004,cpu_usage
"hey, how much cpu is my system using?",tool_004,cpu_usage
quick question - how busy is my cpu for me,tool_004,cpu_usage
"hey claude, give me the cpu stats if that's ok",tool_004,cpu_usage
quick question - display current cpu usage when you get a chance,tool_004,cpu_usage
could you check my cpu usage if you can,tool_004,cpu_usage
"alright, cpu check please right now",tool_004,cpu_usage
please what's my current cpu usage? if you can,tool_004,cpu_usage
can you can you get the cpu usage for me for a second,tool_004,cpu_usage
"one more thing, how much processing power is being used please",tool_004,cpu_usage
"yo, can you check cpu usage?",tool_004,cpu_usage
"hey, check my cpu usage when you have a moment",tool_004,cpu_usage
"hey claude, cpu usage please real quick",tool_004,cpu_usage
"one more thing, check processor usage now",tool_004,cpu_usage
"alright, what's my cpu percentage when you have a moment",tool_004,cpu_usage
"one more thing, is my cpu usage high when you have a moment",tool_004,cpu_usage
"alright, what is the current cpu usage for me",tool_004,cpu_usage
"real quick, what is the current cpu usage real quick",tool_004,cpu_usage
please cpu check please thanks,tool_004,cpu_usage
could you processor usage report please thanks,tool_004,cpu_usage
"alright, how much processing power is being used right now",tool_004,cpu_usage
"hey claude, can you get the cpu usage for me thanks a lot",tool_004,cpu_usage
"so, show cpu percentage for me",tool_004,cpu_usage
"i was wondering, give me the cpu stats if you can",tool_004,cpu_usage
could you show me cpu usage for a second,tool_004,cpu_usage
"real quick, can you check cpu usage now",tool_004,cpu_usage
display current cpu usage for a second,tool_004,cpu_usage
"assistant, tell me my cpu usage now",tool_004,cpu_usage
"hmm, how much cpu is free right now when you have a moment",tool_004,cpu_usage
can you can you tell me how much cpu i'm using please,tool_004,cpu_usage
"one more thing, cpu usage please asap",tool_004,cpu_usage
"one more thing, how much processing power is being used thanks a lot",tool_004,cpu_usage
could you is my cpu usage high now,tool_004,cpu_usage
"real quick, what's the cpu utilization right now",tool_004,cpu_usage
processor usage report please now,tool_004,cpu_usage
"assistant, how much cpu do i have free if that's ok",tool_004,cpu_usage
"hmm, is my cpu usage high thanks",tool_004,cpu_usage
"yo, can you tell me how much cpu i'm using if you can",tool_004,cpu_usage
"hey claude, what's the cpu utilization?",tool_004,cpu_usage
can you check how much cpu is used if that's ok,tool_004,cpu_usage
"alright, show me cpu usage for me",tool_004,cpu_usage
"before i forget, how's my processor doing thanks a lot",tool_004,cpu_usage
cpu check please asap,tool_004,cpu_usage
"real quick, can you get the cpu usage for me",tool_004,cpu_usage
"alright, processor usage report please",tool_004,cpu_usage
"yo, display current cpu usage thanks a lot",tool_004,cpu_usage
quick question - how much cpu do i have free now,tool_004,cpu_usage
"alright, i want to know my cpu usage asap",tool_004,cpu_usage
"so, processor usage report please please",tool_004,cpu_usage
"alright, is my cpu usage high thanks a lot",tool_004,cpu_usage
can you check cpu usage please,tool_004,cpu_usage
"assistant, tell me my cpu usage right now",tool_004,cpu_usage
"so, check how much cpu is used now",tool_004,cpu_usage
please check my cpu usage for me,tool_004,cpu_usage
"alright, show me how much cpu is being used when you get a chance",tool_004,cpu_usage
"yo, processor usage report please thanks",tool_004,cpu_usage
could you what is the current cpu usage thanks,tool_004,cpu_usage
please i want to know my cpu usage if you can,tool_004,cpu_usage
"so, what percentage of cpu is used if that's ok",tool_004,cpu_usage
"yo, show me how much cpu is being used real quick",tool_004,cpu_usage
"alright, what's my current cpu usage? right now",tool_004,cpu_usage
quick question - what is the current cpu usage please,tool_004,cpu_usage
tell me my cpu usage when you get a chance,tool_004,cpu_usage
"so, give me the cpu stats if you can",tool_004,cpu_usage
"alright, how much cpu is free right now thanks a lot",tool_004,cpu_usage
"before i forget, give me the cpu stats",tool_004,cpu_usage
can you display current cpu usage real quick,tool_004,cpu_usage
"i was wondering, how much cpu is free right now for a second",tool_004,cpu_usage
"alright, how much cpu do i have free?",tool_004,cpu_usage
"one more thing, can you check cpu usage thanks",tool_004,cpu_usage
"yo, can you get the cpu usage for me thanks",tool_004,cpu_usage
can you how's my processor doing for a second,tool_004,cpu_usage
quick question - display current cpu usage please,tool_004,cpu_usage
"hey, how much cpu am i using for a second",tool_004,cpu_usage
"yo, is my cpu usage high",tool_004,cpu_usage
"yo, show me cpu usage?",tool_004,cpu_usage
please what's my cpu at right now?,tool_004,cpu_usage
can you display current cpu usage thanks a lot,tool_004,cpu_usage
"yo, display current cpu usage asap",tool_004,cpu_usage
"real quick, can you tell me how much cpu i'm using when you have a moment",tool_004,cpu_usage
"i was wondering, show me how much cpu is being used when you have a moment",tool_004,cpu_usage
"assistant, check processor usage right now",tool_004,cpu_usage
"hey claude, tell me my cpu usage when you get a chance",tool_004,cpu_usage
"so, display current cpu usage?",tool_004,cpu_usage
"so, check my cpu usage if you can",tool_004,cpu_usage
"i was wondering, can you tell me how much cpu i'm using now",tool_004,cpu_usage
quick question - give me the cpu stats?,tool_004,cpu_usage
can you can you check cpu usage thanks,tool_004,cpu_usage
"one more thing, i want to know my cpu usage if you can",tool_004,cpu_usage
quick question - cpu check please for me,tool_004,cpu_usage
"hey, check my system health for a second",tool_005,gen_sys_analysis
is my system usage normal asap,tool_005,gen_sys_analysis
"assistant, run system analysis please",tool_005,gen_sys_analysis
"hmm, is my system usage normal thanks",tool_005,gen_sys_analysis
could you run system analysis thanks,tool_005,gen_sys_analysis
"alright, analyze my system performance please",tool_005,gen_sys_analysis
run system analysis right now,tool_005,gen_sys_analysis
"assistant, check for abnormal cpu or ram usage now",tool_005,gen_sys_analysis
quick question - is my computer working harder than usual please,tool_005,gen_sys_analysis
quick question - give me a performance analysis thanks a lot,tool_005,gen_sys_analysis
"hmm, analyze my system performance real quick",tool_005,gen_sys_analysis
"alright, check whether my cpu/ram usage looks off asap",tool_005,gen_sys_analysis
could you check if resource usage is abnormal right now asap,tool_005,gen_sys_analysis
"hmm, is my system usage normal real quick",tool_005,gen_sys_analysis
"assistant, tell me if my pc is under unusual load now",tool_005,gen_sys_analysis
"alright, is my system usage normal if you can",tool_005,gen_sys_analysis
"before i forget, check if my computer is overloaded thanks",tool_005,gen_sys_analysis
quick question - is my system usage normal thanks a lot,tool_005,gen_sys_analysis
"before i forget, analyze my cpu and ram usage if that's ok",tool_005,gen_sys_analysis
"assistant, run diagnostics on cpu and ram thanks a lot",tool_005,gen_sys_analysis
can you check for abnormal cpu or ram usage when you get a chance,tool_005,gen_sys_analysis
"one more thing, analyze whether my system is under heavy load when you get a chance",tool_005,gen_sys_analysis
"real quick, analyze system resource usage thanks",tool_005,gen_sys_analysis
"real quick, check if resource usage is abnormal right now if that's ok",tool_005,gen_sys_analysis
"yo, check whether my cpu/ram usage looks off please",tool_005,gen_sys_analysis
is my system usage normal right now,tool_005,gen_sys_analysis
"hey, scan my system performance for issues real quick",tool_005,gen_sys_analysis
"hey, check whether my cpu/ram usage looks off if that's ok",tool_005,gen_sys_analysis
"alright, analyze my system performance thanks",tool_005,gen_sys_analysis
could you diagnose my system performance if that's ok,tool_005,gen_sys_analysis
could you compare my current usage to normal levels?,tool_005,gen_sys_analysis
tell me if my pc is under unusual load?,tool_005,gen_sys_analysis
run a performance check for a second,tool_005,gen_sys_analysis
check my system for performance issues thanks,tool_005,gen_sys_analysis
"alright, diagnose my system performance right now",tool_005,gen_sys_analysis
"before i forget, is my cpu or ram abnormally high if that's ok",tool_005,gen_sys_analysis
"so, run system analysis for me",tool_005,gen_sys_analysis
"so, check whether my cpu/ram usage looks off for me",tool_005,gen_sys_analysis
please give me a performance analysis if you can,tool_005,gen_sys_analysis
could you analyze my system performance if you can,tool_005,gen_sys_analysis
"assistant, run a system diagnostic thanks a lot",tool_005,gen_sys_analysis
"yo, analyze my computer's overall performance for a second",tool_005,gen_sys_analysis
could you analyze current vs average system usage when you have a moment,tool_005,gen_sys_analysis
could you scan my system performance for issues when you get a chance,tool_005,gen_sys_analysis
could you analyze my computer's overall performance now,tool_005,gen_sys_analysis
could you is something wrong with my system performance for a second,tool_005,gen_sys_analysis
could you check my system health thanks,tool_005,gen_sys_analysis
could you run a performance check thanks a lot,tool_005,gen_sys_analysis
"real quick, analyze my system performance asap",tool_005,gen_sys_analysis
"real quick, run a full resource analysis for a second",tool_005,gen_sys_analysis
"i was wondering, check for abnormal cpu or ram usage right now",tool_005,gen_sys_analysis
"real quick, scan my system performance for issues real quick",tool_005,gen_sys_analysis
can you analyze my cpu and ram usage for a second,tool_005,gen_sys_analysis
"real quick, do a health check on my system?",tool_005,gen_sys_analysis
"alright, run a performance check",tool_005,gen_sys_analysis
"before i forget, analyze my cpu and ram usage asap",tool_005,gen_sys_analysis
can you check if my system is running abnormally for me,tool_005,gen_sys_analysis
"yo, is my computer working harder than usual if you can",tool_005,gen_sys_analysis
"alright, is my computer working harder than usual real quick",tool_005,gen_sys_analysis
"so, compare my current usage to normal levels for me",tool_005,gen_sys_analysis
could you run system analysis asap,tool_005,gen_sys_analysis
can you check if my system is running abnormally if that's ok,tool_005,gen_sys_analysis
"hey claude, analyze my cpu and ram usage for a second",tool_005,gen_sys_analysis
"i was wondering, is my computer working harder than usual if you can",tool_005,gen_sys_analysis
quick question - is something wrong with my system performance thanks a lot,tool_005,gen_sys_analysis
check if my computer is overloaded now,tool_005,gen_sys_analysis
"hmm, check my system for performance issues?",tool_005,gen_sys_analysis
tell me if my pc is under unusual load for a second,tool_005,gen_sys_analysis
"real quick, is my computer working harder than usual for a second",tool_005,gen_sys_analysis
"hmm, diagnose my system performance if you can",tool_005,gen_sys_analysis
please check whether my cpu/ram usage looks off when you have a moment,tool_005,gen_sys_analysis
"real quick, is my cpu or ram abnormally high now",tool_005,gen_sys_analysis
"i was wondering, is my cpu or ram abnormally high when you have a moment",tool_005,gen_sys_analysis
"hey, check if my system is running abnormally right now",tool_005,gen_sys_analysis
"i was wondering, is my system usage normal?",tool_005,gen_sys_analysis
"yo, check my system health for me",tool_005,gen_sys_analysis
"real quick, check for abnormal cpu or ram usage thanks a lot",tool_005,gen_sys_analysis
"assistant, analyze my cpu and ram usage?",tool_005,gen_sys_analysis
"before i forget, check if my computer is overloaded when you get a chance",tool_005,gen_sys_analysis
please analyze my cpu and ram usage for me,tool_005,gen_sys_analysis
quick question - scan my system performance for issues right now,tool_005,gen_sys_analysis
"i was wondering, warn me if my system usage is too high if that's ok",tool_005,gen_sys_analysis
quick question - give me a full system performance report when you get a chance,tool_005,gen_sys_analysis
"before i forget, analyze current vs average system usage asap",tool_005,gen_sys_analysis
"assistant, give me a performance analysis for me",tool_005,gen_sys_analysis
"one more thing, analyze my system performance right now",tool_005,gen_sys_analysis
"hmm, is my computer working harder than usual right now",tool_005,gen_sys_analysis
"hmm, give me a performance analysis for me",tool_005,gen_sys_analysis
quick question - analyze my computer's overall performance right now,tool_005,gen_sys_analysis
check for abnormal cpu or ram usage real quick,tool_005,gen_sys_analysis
could you do a health check on my system if that's ok,tool_005,gen_sys_analysis
scan my system performance for issues asap,tool_005,gen_sys_analysis
please is my computer working harder than usual,tool_005,gen_sys_analysis
"one more thing, diagnose my system performance",tool_005,gen_sys_analysis
"real quick, tell me if my pc is under unusual load asap",tool_005,gen_sys_analysis
"assistant, warn me if my system usage is too high if that's ok",tool_005,gen_sys_analysis
"yo, tell me if my pc is under unusual load when you have a moment",tool_005,gen_sys_analysis
"so, analyze current vs average system usage thanks a lot",tool_005,gen_sys_analysis
is my system usage normal for a second,tool_005,gen_sys_analysis
"hey, run diagnostics on cpu and ram?",tool_005,gen_sys_analysis
"hey, compare my current usage to normal levels asap",tool_005,gen_sys_analysis
"hey claude, give me a full system performance report?",tool_005,gen_sys_analysis
"real quick, scan my system performance for issues when you get a chance",tool_005,gen_sys_analysis
could you run diagnostics on cpu and ram,tool_005,gen_sys_analysis
"before i forget, scan my system performance for issues thanks",tool_005,gen_sys_analysis
"yo, check whether my cpu/ram usage looks off if that's ok",tool_005,gen_sys_analysis
can you tell me if my pc is under unusual load now,tool_005,gen_sys_analysis
can you analyze my system performance now,tool_005,gen_sys_analysis
"before i forget, is something wrong with my system performance now",tool_005,gen_sys_analysis
"i was wondering, analyze my computer's overall performance thanks a lot",tool_005,gen_sys_analysis
"hey claude, run system analysis asap",tool_005,gen_sys_analysis
quick question - analyze my system performance now,tool_005,gen_sys_analysis
"one more thing, tell me if my pc is under unusual load thanks",tool_005,gen_sys_analysis
"hey claude, check my system health?",tool_005,gen_sys_analysis
please do a health check on my system thanks,tool_005,gen_sys_analysis
"i was wondering, analyze current vs average system usage when you have a moment",tool_005,gen_sys_analysis
"one more thing, check my system for performance issues right now",tool_005,gen_sys_analysis
"i was wondering, check my system for performance issues please",tool_005,gen_sys_analysis
"one more thing, run diagnostics on cpu and ram if that's ok",tool_005,gen_sys_analysis
scan my system performance for issues?,tool_005,gen_sys_analysis
"so, analyze my cpu and ram usage if you can",tool_005,gen_sys_analysis
quick question - run system analysis please,tool_005,gen_sys_analysis
can you check if my computer is overloaded when you have a moment,tool_005,gen_sys_analysis
could you check for abnormal cpu or ram usage thanks,tool_005,gen_sys_analysis
"hmm, check for abnormal cpu or ram usage thanks a lot",tool_005,gen_sys_analysis
"yo, check if resource usage is abnormal right now for me",tool_005,gen_sys_analysis
"yo, warn me if my system usage is too high asap",tool_005,gen_sys_analysis
please scan my system performance for issues if that's ok,tool_005,gen_sys_analysis
could you check if resource usage is abnormal right now right now,tool_005,gen_sys_analysis
please run a full resource analysis thanks,tool_005,gen_sys_analysis
check if my system is running abnormally real quick,tool_005,gen_sys_analysis
"alright, do a health check on my system for me",tool_005,gen_sys_analysis
check my system health for a second,tool_005,gen_sys_analysis
"hey claude, is my system usage normal thanks",tool_005,gen_sys_analysis
"i was wondering, run a full resource analysis if that's ok",tool_005,gen_sys_analysis
"hey claude, give me a full system performance report when you have a moment",tool_005,gen_sys_analysis
"i was wondering, give me a full system performance report now",tool_005,gen_sys_analysis
"hey claude, run a system diagnostic thanks",tool_005,gen_sys_analysis
quick question - give me a performance analysis,tool_005,gen_sys_analysis
"hmm, compare my current usage to normal levels thanks",tool_005,gen_sys_analysis
"before i forget, is my system usage normal when you have a moment",tool_005,gen_sys_analysis
"hmm, warn me if my system usage is too high please",tool_005,gen_sys_analysis
"so, run a system diagnostic thanks a lot",tool_005,gen_sys_analysis
"hey, diagnose my system performance asap",tool_005,gen_sys_analysis
"alright, is something wrong with my system performance",tool_005,gen_sys_analysis
"hey, scan my system performance for issues when you get a chance",tool_005,gen_sys_analysis
"hmm, run a full resource analysis thanks a lot",tool_005,gen_sys_analysis
could you warn me if my system usage is too high,tool_005,gen_sys_analysis
"assistant, run a system diagnostic thanks",tool_005,gen_sys_analysis
"yo, check whether my cpu/ram usage looks off when you get a chance",tool_005,gen_sys_analysis
"one more thing, compare my current usage to normal levels for a second",tool_005,gen_sys_analysis
could you run diagnostics on cpu and ram please,tool_005,gen_sys_analysis
"hey claude, analyze my computer's overall performance when you get a chance",tool_005,gen_sys_analysis
could you is something wrong with my system performance real quick,tool_005,gen_sys_analysis
quick question - analyze current vs average system usage,tool_005,gen_sys_analysis
"real quick, check whether my cpu/ram usage looks off when you get a chance",tool_005,gen_sys_analysis
"one more thing, do a health check on my system for me",tool_005,gen_sys_analysis
"real quick, warn me if my system usage is too high right now",tool_005,gen_sys_analysis
"before i forget, compare my current usage to normal levels please",tool_005,gen_sys_analysis
could you check if my system is running abnormally for me,tool_005,gen_sys_analysis
"one more thing, warn me if my system usage is too high right now",tool_005,gen_sys_analysis
"one more thing, is something wrong with my system performance now",tool_005,gen_sys_analysis
"before i forget, analyze whether my system is under heavy load when you have a moment",tool_005,gen_sys_analysis
please analyze system resource usage now,tool_005,gen_sys_analysis
"i was wondering, check my system health asap",tool_005,gen_sys_analysis
"i was wondering, analyze my system performance thanks a lot",tool_005,gen_sys_analysis
"i was wondering, check if my system is running abnormally",tool_005,gen_sys_analysis
"one more thing, diagnose my system performance if you can",tool_005,gen_sys_analysis
"one more thing, analyze whether my system is under heavy load if that's ok",tool_005,gen_sys_analysis
"yo, compare my current usage to normal levels thanks",tool_005,gen_sys_analysis
"one more thing, check if my system is running abnormally when you get a chance",tool_005,gen_sys_analysis
"i was wondering, tell me if my pc is under unusual load asap",tool_005,gen_sys_analysis
"i was wondering, analyze my system performance if you can",tool_005,gen_sys_analysis
is my system usage normal now,tool_005,gen_sys_analysis
"hmm, check whether my cpu/ram usage looks off asap",tool_005,gen_sys_analysis
"one more thing, check my system for performance issues thanks a lot",tool_005,gen_sys_analysis
please warn me if my system usage is too high when you get a chance,tool_005,gen_sys_analysis
"yo, check my system health if you can",tool_005,gen_sys_analysis
"one more thing, is my cpu or ram abnormally high right now",tool_005,gen_sys_analysis
could you analyze current vs average system usage now,tool_005,gen_sys_analysis
"so, run a full resource analysis right now",tool_005,gen_sys_analysis
"hey claude, analyze my cpu and ram usage if that's ok",tool_005,gen_sys_analysis
can you warn me if my system usage is too high real quick,tool_005,gen_sys_analysis
"assistant, check if my system is running abnormally asap",tool_005,gen_sys_analysis
"one more thing, give me a performance analysis thanks a lot",tool_005,gen_sys_analysis
please check if my system is running abnormally right now,tool_005,gen_sys_analysis
"yo, analyze current vs average system usage now",tool_005,gen_sys_analysis
"yo, check if my computer is overloaded please",tool_005,gen_sys_analysis
"so, run system analysis real quick",tool_005,gen_sys_analysis
"assistant, do a health check on my system please",tool_005,gen_sys_analysis
could you scan my system performance for issues thanks a lot,tool_005,gen_sys_analysis
could you analyze my system performance thanks a lot,tool_005,gen_sys_analysis
"hey claude, run diagnostics on cpu and ram?",tool_005,gen_sys_analysis
can you run diagnostics on cpu and ram for me,tool_005,gen_sys_analysis
"one more thing, analyze current vs average system usage",tool_005,gen_sys_analysis
"hey claude, run a full resource analysis thanks",tool_005,gen_sys_analysis
quick question - give me a performance analysis for me,tool_005,gen_sys_analysis
is my computer working harder than usual real quick,tool_005,gen_sys_analysis
"before i forget, analyze whether my system is under heavy load asap",tool_005,gen_sys_analysis
"real quick, run a full resource analysis?",tool_005,gen_sys_analysis
"so, run a full resource analysis asap",tool_005,gen_sys_analysis
please check if resource usage is abnormal right now please,tool_005,gen_sys_analysis
"one more thing, compare my current usage to normal levels if that's ok",tool_005,gen_sys_analysis
"assistant, tell me if my pc is under unusual load",tool_005,gen_sys_analysis
"so, give me a full system performance report thanks a lot",tool_005,gen_sys_analysis
quick question - do a health check on my system real quick,tool_005,gen_sys_analysis
"yo, is my system usage normal when you get a chance",tool_005,gen_sys_analysis
quick question - scan my system performance for issues when you get a chance,tool_005,gen_sys_analysis
"one more thing, compare my current usage to normal levels when you get a chance",tool_005,gen_sys_analysis
"hey claude, run system analysis please",tool_005,gen_sys_analysis
"yo, run a performance check if you can",tool_005,gen_sys_analysis
"yo, analyze my cpu and ram usage please",tool_005,gen_sys_analysis
check my system for performance issues for me,tool_005,gen_sys_analysis
"hey, run diagnostics on cpu and ram thanks a lot",tool_005,gen_sys_analysis
could you check my system health?,tool_005,gen_sys_analysis
"real quick, check my system for performance issues asap",tool_005,gen_sys_analysis
"yo, check my system health if that's ok",tool_005,gen_sys_analysis
"so, warn me if my system usage is too high thanks",tool_005,gen_sys_analysis
"so, run a full resource analysis when you have a moment",tool_005,gen_sys_analysis
"hey, run a performance check right now",tool_005,gen_sys_analysis
"real quick, run a system diagnostic thanks a lot",tool_005,gen_sys_analysis
"one more thing, check my system health if you can",tool_005,gen_sys_analysis
compare my current usage to normal levels when you get a chance,tool_005,gen_sys_analysis
"one more thing, give me a performance analysis real quick",tool_005,gen_sys_analysis
"hmm, run system analysis when you have a moment",tool_005,gen_sys_analysis
"yo, is my computer working harder than usual when you get a chance",tool_005,gen_sys_analysis
"hey, run a system diagnostic for me",tool_005,gen_sys_analysis
"hmm, run a performance check please",tool_005,gen_sys_analysis
"before i forget, check my system health right now",tool_005,gen_sys_analysis
"one more thing, analyze whether my system is under heavy load if you can",tool_005,gen_sys_analysis
please run system analysis?,tool_005,gen_sys_analysis
"yo, check for abnormal cpu or ram usage",tool_005,gen_sys_analysis
"before i forget, is something wrong with my system performance when you get a chance",tool_005,gen_sys_analysis
"real quick, check if resource usage is abnormal right now asap",tool_005,gen_sys_analysis
"before i forget, run diagnostics on cpu and ram thanks a lot",tool_005,gen_sys_analysis
"hmm, check my system for performance issues now",tool_005,gen_sys_analysis
"hmm, check if my system is running abnormally if that's ok",tool_005,gen_sys_analysis
"hey, warn me if my system usage is too high if that's ok",tool_005,gen_sys_analysis
quick question - is my system usage normal if that's ok,tool_005,gen_sys_analysis
"real quick, check my system for performance issues if that's ok",tool_005,gen_sys_analysis
could you give me a performance analysis real quick,tool_005,gen_sys_analysis
"alright, check whether my cpu/ram usage looks off when you have a moment",tool_005,gen_sys_analysis
quick question - check my system for performance issues for me,tool_005,gen_sys_analysis
"hey claude, check if resource usage is abnormal right now thanks a lot",tool_005,gen_sys_analysis
"alright, run diagnostics on cpu and ram",tool_005,gen_sys_analysis
"so, is something wrong with my system performance if you can",tool_005,gen_sys_analysis
"hey, is something wrong with my system performance right now",tool_005,gen_sys_analysis
"real quick, check for abnormal cpu or ram usage when you get a chance",tool_005,gen_sys_analysis
"one more thing, diagnose my system performance asap",tool_005,gen_sys_analysis
can you is my system usage normal for a second,tool_005,gen_sys_analysis
"hey claude, check for abnormal cpu or ram usage when you have a moment",tool_005,gen_sys_analysis
"hmm, run a full resource analysis if that's ok",tool_005,gen_sys_analysis
"yo, run a performance check thanks",tool_005,gen_sys_analysis
"hmm, check my system health",tool_005,gen_sys_analysis
"one more thing, analyze system resource usage right now",tool_005,gen_sys_analysis
please run a system diagnostic thanks,tool_005,gen_sys_analysis
"alright, compare my current usage to normal levels thanks",tool_005,gen_sys_analysis
quick question - analyze my system performance please,tool_005,gen_sys_analysis
"before i forget, analyze whether my system is under heavy load right now",tool_005,gen_sys_analysis
analyze whether my system is under heavy load asap,tool_005,gen_sys_analysis
"hmm, check if my system is running abnormally",tool_005,gen_sys_analysis
please run diagnostics on cpu and ram if that's ok,tool_005,gen_sys_analysis
"before i forget, check if resource usage is abnormal right now",tool_005,gen_sys_analysis
is my cpu or ram abnormally high for me,tool_005,gen_sys_analysis
please check my system for performance issues please,tool_005,gen_sys_analysis
"real quick, tell me if my pc is under unusual load",tool_005,gen_sys_analysis
"hey, give me a full system performance report asap",tool_005,gen_sys_analysis
"assistant, run system analysis?",tool_005,gen_sys_analysis
could you run a performance check now,tool_005,gen_sys_analysis
"one more thing, check my system for performance issues real quick",tool_005,gen_sys_analysis
"i was wondering, diagnose my system performance asap",tool_005,gen_sys_analysis
tell me if my pc is under unusual load now,tool_005,gen_sys_analysis
can you check my system health,tool_005,gen_sys_analysis
"assistant, check whether my cpu/ram usage looks off right now",tool_005,gen_sys_analysis
"before i forget, run a system diagnostic real quick",tool_005,gen_sys_analysis
"so, give me a full system performance report please",tool_005,gen_sys_analysis
"hey, tell me if my pc is under unusual load when you have a moment",tool_005,gen_sys_analysis
"assistant, scan my system performance for issues if you can",tool_005,gen_sys_analysis
"hmm, check if my computer is overloaded for a second",tool_005,gen_sys_analysis
could you analyze whether my system is under heavy load asap,tool_005,gen_sys_analysis
"real quick, check if my computer is overloaded",tool_005,gen_sys_analysis
"alright, do a health check on my system real quick",tool_005,gen_sys_analysis
can you run diagnostics on cpu and ram when you have a moment,tool_005,gen_sys_analysis
"real quick, do a health check on my system for a second",tool_005,gen_sys_analysis
please run a full resource analysis now,tool_005,gen_sys_analysis
"i was wondering, is something wrong with my system performance when you have a moment",tool_005,gen_sys_analysis
"assistant, is something wrong with my system performance when you have a moment",tool_005,gen_sys_analysis
"yo, is something wrong with my system performance if you can",tool_005,gen_sys_analysis
quick question - run a system diagnostic right now,tool_005,gen_sys_analysis
can you analyze my cpu and ram usage please,tool_005,gen_sys_analysis
"assistant, warn me if my system usage is too high for me",tool_005,gen_sys_analysis
"i was wondering, analyze my cpu and ram usage thanks",tool_005,gen_sys_analysis
"one more thing, tell me if my pc is under unusual load?",tool_005,gen_sys_analysis
"one more thing, is my computer working harder than usual for me",tool_005,gen_sys_analysis
"one more thing, analyze my system performance?",tool_005,gen_sys_analysis
"hey claude, run a system diagnostic now",tool_005,gen_sys_analysis
"hey claude, analyze my cpu and ram usage when you have a moment",tool_005,gen_sys_analysis
"real quick, check if my system is running abnormally real quick",tool_005,gen_sys_analysis
please is my cpu or ram abnormally high thanks a lot,tool_005,gen_sys_analysis
"hey, is my cpu or ram abnormally high if you can",tool_005,gen_sys_analysis
"before i forget, check my system for performance issues",tool_005,gen_sys_analysis
"i was wondering, tell me if my pc is under unusual load if that's ok",tool_005,gen_sys_analysis
check my system for performance issues thanks a lot,tool_005,gen_sys_analysis
"i was wondering, compare my current usage to normal levels when you have a moment",tool_005,gen_sys_analysis
"i was wondering, do a health check on my system thanks a lot",tool_005,gen_sys_analysis
"assistant, is something wrong with my system performance please",tool_005,gen_sys_analysis
please check my system for performance issues?,tool_005,gen_sys_analysis
"one more thing, is my system usage normal right now",tool_005,gen_sys_analysis
"hmm, check for abnormal cpu or ram usage thanks",tool_005,gen_sys_analysis
"yo, analyze my system performance if you can",tool_005,gen_sys_analysis
"assistant, run a system diagnostic for a second",tool_005,gen_sys_analysis
can you analyze my system performance thanks,tool_005,gen_sys_analysis
"hey, check my system health for me",tool_005,gen_sys_analysis
"real quick, run diagnostics on cpu and ram?",tool_005,gen_sys_analysis
could you tell me if my pc is under unusual load if that's ok,tool_005,gen_sys_analysis
"hey, warn me if my system usage is too high?",tool_005,gen_sys_analysis
"hmm, run diagnostics on cpu and ram real quick",tool_005,gen_sys_analysis
"alright, check for abnormal cpu or ram usage asap",tool_005,gen_sys_analysis
"real quick, give me a full system performance report thanks a lot",tool_005,gen_sys_analysis
"yo, do a health check on my system thanks a lot",tool_005,gen_sys_analysis
"alright, is my system usage normal",tool_005,gen_sys_analysis
"so, analyze current vs average system usage now",tool_005,gen_sys_analysis
"alright, is something wrong with my system performance if that's ok",tool_005,gen_sys_analysis
could you is my cpu or ram abnormally high if that's ok,tool_005,gen_sys_analysis
can you give me a full system performance report when you have a moment,tool_005,gen_sys_analysis
"so, tell me if my pc is under unusual load if you can",tool_005,gen_sys_analysis
is my system usage normal,tool_005,gen_sys_analysis
quick question - analyze my computer's overall performance when you have a moment,tool_005,gen_sys_analysis
"so, compare my current usage to normal levels when you have a moment",tool_005,gen_sys_analysis
can you analyze my cpu and ram usage if that's ok,tool_005,gen_sys_analysis
please tell me if my pc is under unusual load right now,tool_005,gen_sys_analysis
"hey claude, is something wrong with my system performance when you have a moment",tool_005,gen_sys_analysis
"one more thing, do a health check on my system when you get a chance",tool_005,gen_sys_analysis
could you run diagnostics on cpu and ram thanks a lot,tool_005,gen_sys_analysis
"assistant, check whether my cpu/ram usage looks off please",tool_005,gen_sys_analysis
is my system usage normal thanks,tool_005,gen_sys_analysis
"assistant, is something wrong with my system performance asap",tool_005,gen_sys_analysis
"yo, run diagnostics on cpu and ram now",tool_005,gen_sys_analysis
"so, do a health check on my system for a second",tool_005,gen_sys_analysis
"assistant, do a health check on my system if that's ok",tool_005,gen_sys_analysis
please check whether my cpu/ram usage looks off now,tool_005,gen_sys_analysis
could you is my system usage normal,tool_005,gen_sys_analysis
"real quick, check for abnormal cpu or ram usage for me",tool_005,gen_sys_analysis
"hey, give me a performance analysis if that's ok",tool_005,gen_sys_analysis
please analyze system resource usage,tool_005,gen_sys_analysis
"i was wondering, do a health check on my system real quick",tool_005,gen_sys_analysis
"hey, is something wrong with my system performance real quick",tool_005,gen_sys_analysis
quick question - warn me if my system usage is too high when you get a chance,tool_005,gen_sys_analysis
please give me a full system performance report if you can,tool_005,gen_sys_analysis
"so, analyze my system performance thanks",tool_005,gen_sys_analysis
"assistant, give me a performance analysis thanks",tool_005,gen_sys_analysis
"so, is my cpu or ram abnormally high thanks",tool_005,gen_sys_analysis
can you check if my system is running abnormally,tool_005,gen_sys_analysis
diagnose my system performance,tool_005,gen_sys_analysis
"hmm, is something wrong with my system performance right now",tool_005,gen_sys_analysis
"alright, warn me if my system usage is too high asap",tool_005,gen_sys_analysis
"real quick, run a system diagnostic thanks",tool_005,gen_sys_analysis
could you run a full resource analysis if you can,tool_005,gen_sys_analysis
"i was wondering, scan my system performance for issues if that's ok",tool_005,gen_sys_analysis
"i was wondering, is my computer working harder than usual thanks a lot",tool_005,gen_sys_analysis
please warn me if my system usage is too high when you have a moment,tool_005,gen_sys_analysis
"hmm, is my cpu or ram abnormally high right now",tool_005,gen_sys_analysis
"hmm, scan my system performance for issues",tool_005,gen_sys_analysis
could you warn me if my system usage is too high right now,tool_005,gen_sys_analysis
quick question - analyze current vs average system usage for me,tool_005,gen_sys_analysis
"so, analyze my cpu and ram usage please",tool_005,gen_sys_analysis
"assistant, is my system usage normal now",tool_005,gen_sys_analysis
analyze system resource usage thanks a lot,tool_005,gen_sys_analysis
can you tell me if my pc is under unusual load when you have a moment,tool_005,gen_sys_analysis
"before i forget, check for abnormal cpu or ram usage thanks a lot",tool_005,gen_sys_analysis
"hey claude, run system analysis for a second",tool_005,gen_sys_analysis
"yo, run a system diagnostic now",tool_005,gen_sys_analysis
"hey, analyze system resource usage thanks a lot",tool_005,gen_sys_analysis
run diagnostics on cpu and ram asap,tool_005,gen_sys_analysis
"before i forget, is my computer working harder than usual for a second",tool_005,gen_sys_analysis
"before i forget, run system analysis real quick",tool_005,gen_sys_analysis
"so, run system analysis thanks",tool_005,gen_sys_analysis
please tell me if my pc is under unusual load if you can,tool_005,gen_sys_analysis
"yo, scan my system performance for issues thanks",tool_005,gen_sys_analysis
"assistant, run system analysis if that's ok",tool_005,gen_sys_analysis
"alright, analyze whether my system is under heavy load for me",tool_005,gen_sys_analysis
"real quick, check if resource usage is abnormal right now please",tool_005,gen_sys_analysis
can you run a performance check when you have a moment,tool_005,gen_sys_analysis
could you run a full resource analysis thanks a lot,tool_005,gen_sys_analysis
can you is my computer working harder than usual now,tool_005,gen_sys_analysis
"hey claude, compare my current usage to normal levels asap",tool_005,gen_sys_analysis
"so, is something wrong with my system performance thanks",tool_005,gen_sys_analysis
"before i forget, run diagnostics on cpu and ram if that's ok",tool_005,gen_sys_analysis
please give me a full system performance report for me,tool_005,gen_sys_analysis
analyze my computer's overall performance for me,tool_005,gen_sys_analysis
"one more thing, is my system usage normal thanks",tool_005,gen_sys_analysis
"alright, analyze my computer's overall performance please",tool_005,gen_sys_analysis
"hey, run diagnostics on cpu and ram now",tool_005,gen_sys_analysis
quick question - analyze current vs average system usage please,tool_005,gen_sys_analysis
"hey, analyze my computer's overall performance for me",tool_005,gen_sys_analysis
can you analyze current vs average system usage for a second,tool_005,gen_sys_analysis
"before i forget, run a system diagnostic when you get a chance",tool_005,gen_sys_analysis
"hey, analyze my system performance real quick",tool_005,gen_sys_analysis
"assistant, analyze whether my system is under heavy load?",tool_005,gen_sys_analysis
"hmm, scan my system performance for issues when you have a moment",tool_005,gen_sys_analysis
"hey claude, check if resource usage is abnormal right now now",tool_005,gen_sys_analysis
"hey, tell me if my pc is under unusual load right now",tool_005,gen_sys_analysis
"i was wondering, run diagnostics on cpu and ram?",tool_005,gen_sys_analysis
"before i forget, tell me if my pc is under unusual load thanks a lot",tool_005,gen_sys_analysis
"real quick, check whether my cpu/ram usage looks off now",tool_005,gen_sys_analysis
"assistant, scan my system performance for issues asap",tool_005,gen_sys_analysis
"real quick, check if my computer is overloaded please",tool_005,gen_sys_analysis
"alright, do a health check on my system now",tool_005,gen_sys_analysis
could you is something wrong with my system performance,tool_005,gen_sys_analysis
quick question - is something wrong with my system performance real quick,tool_005,gen_sys_analysis
please run a performance check now,tool_005,gen_sys_analysis
"one more thing, analyze system resource usage thanks a lot",tool_005,gen_sys_analysis
"hmm, analyze current vs average system usage real quick",tool_005,gen_sys_analysis
"yo, check my system for performance issues",tool_005,gen_sys_analysis
can you check whether my cpu/ram usage looks off thanks,tool_005,gen_sys_analysis
"alright, run a performance check if that's ok",tool_005,gen_sys_analysis
can you check my system for performance issues asap,tool_005,gen_sys_analysis
can you analyze my cpu and ram usage when you get a chance,tool_005,gen_sys_analysis
can you analyze my system performance when you have a moment,tool_005,gen_sys_analysis
"hey claude, diagnose my system performance thanks a lot",tool_005,gen_sys_analysis
please is my computer working harder than usual real quick,tool_005,gen_sys_analysis
"one more thing, check my system health right now",tool_005,gen_sys_analysis
quick question - tell me if my pc is under unusual load if you can,tool_005,gen_sys_analysis
"real quick, is my system usage normal asap",tool_005,gen_sys_analysis
please run a full resource analysis asap,tool_005,gen_sys_analysis
could you run a performance check,tool_005,gen_sys_analysis
check if resource usage is abnormal right now now,tool_005,gen_sys_analysis
"hmm, check if my system is running abnormally when you get a chance",tool_005,gen_sys_analysis
"hey claude, analyze my computer's overall performance if that's ok",tool_005,gen_sys_analysis
"hey claude, is my system usage normal",tool_005,gen_sys_analysis
"assistant, check for abnormal cpu or ram usage if you can",tool_005,gen_sys_analysis
"before i forget, do a health check on my system thanks a lot",tool_005,gen_sys_analysis
"hey, run a system diagnostic right now",tool_005,gen_sys_analysis
"so, run a full resource analysis",tool_005,gen_sys_analysis
"yo, analyze my system performance if that's ok",tool_005,gen_sys_analysis
"assistant, is my cpu or ram abnormally high right now",tool_005,gen_sys_analysis
"before i forget, run diagnostics on cpu and ram",tool_005,gen_sys_analysis
"alright, tell me if my pc is under unusual load real quick",tool_005,gen_sys_analysis
"before i forget, tell me if my pc is under unusual load asap",tool_005,gen_sys_analysis
"hey claude, is my system usage normal when you have a moment",tool_005,gen_sys_analysis
"hey, is my system usage normal for me",tool_005,gen_sys_analysis
"assistant, analyze system resource usage when you get a chance",tool_005,gen_sys_analysis
can you run a performance check real quick,tool_005,gen_sys_analysis
"alright, analyze current vs average system usage thanks a lot",tool_005,gen_sys_analysis
quick question - is my system usage normal?,tool_005,gen_sys_analysis
"before i forget, compare my current usage to normal levels when you get a chance",tool_005,gen_sys_analysis
"so, run a performance check when you have a moment",tool_005,gen_sys_analysis
"before i forget, analyze my computer's overall performance when you get a chance",tool_005,gen_sys_analysis
run system analysis please,tool_005,gen_sys_analysis
can you analyze my cpu and ram usage if you can,tool_005,gen_sys_analysis
"yo, tell me if my pc is under unusual load if that's ok",tool_005,gen_sys_analysis
"hey claude, warn me if my system usage is too high now",tool_005,gen_sys_analysis
"before i forget, check for abnormal cpu or ram usage?",tool_005,gen_sys_analysis
"assistant, run system analysis for a second",tool_005,gen_sys_analysis
"hey claude, check my system health real quick",tool_005,gen_sys_analysis
"yo, analyze my system performance real quick",tool_005,gen_sys_analysis
can you give me a full system performance report if you can,tool_005,gen_sys_analysis
check if my computer is overloaded,tool_005,gen_sys_analysis
please diagnose my system performance if that's ok,tool_005,gen_sys_analysis
"hmm, check if my computer is overloaded for me",tool_005,gen_sys_analysis
"alright, scan my system performance for issues when you get a chance",tool_005,gen_sys_analysis
can you is something wrong with my system performance?,tool_005,gen_sys_analysis
analyze current vs average system usage if you can,tool_005,gen_sys_analysis
please analyze my cpu and ram usage if you can,tool_005,gen_sys_analysis
"so, give me a full system performance report real quick",tool_005,gen_sys_analysis
"before i forget, check my system health if that's ok",tool_005,gen_sys_analysis
"i was wondering, is my cpu or ram abnormally high please",tool_005,gen_sys_analysis
"hmm, check for abnormal cpu or ram usage when you get a chance",tool_005,gen_sys_analysis
"assistant, check if my computer is overloaded if you can",tool_005,gen_sys_analysis
check if resource usage is abnormal right now thanks,tool_005,gen_sys_analysis
"one more thing, check if my system is running abnormally?",tool_005,gen_sys_analysis
quick question - give me a full system performance report please,tool_005,gen_sys_analysis
"i was wondering, do a health check on my system for a second",tool_005,gen_sys_analysis
"yo, analyze whether my system is under heavy load right now",tool_005,gen_sys_analysis
"assistant, analyze my cpu and ram usage thanks a lot",tool_005,gen_sys_analysis
"hey, run a full resource analysis real quick",tool_005,gen_sys_analysis
"hey claude, check whether my cpu/ram usage looks off when you have a moment",tool_005,gen_sys_analysis
"i was wondering, check if resource usage is abnormal right now real quick",tool_005,gen_sys_analysis
please give me a full system performance report right now,tool_005,gen_sys_analysis
"so, diagnose my system performance",tool_005,gen_sys_analysis
"assistant, check if my system is running abnormally please",tool_005,gen_sys_analysis
"one more thing, run system analysis if you can",tool_005,gen_sys_analysis
"real quick, check my system for performance issues when you get a chance",tool_005,gen_sys_analysis
"before i forget, run a performance check if you can",tool_005,gen_sys_analysis
"assistant, check my system for performance issues when you have a moment",tool_005,gen_sys_analysis
"hey claude, run system analysis?",tool_005,gen_sys_analysis
"hey, diagnose my system performance thanks",tool_005,gen_sys_analysis
can you run diagnostics on cpu and ram for a second,tool_005,gen_sys_analysis
"before i forget, analyze whether my system is under heavy load for a second",tool_005,gen_sys_analysis
"i was wondering, is my system usage normal real quick",tool_005,gen_sys_analysis
"i was wondering, is my system usage normal asap",tool_005,gen_sys_analysis
"real quick, is my computer working harder than usual when you get a chance",tool_005,gen_sys_analysis
"hey claude, analyze whether my system is under heavy load when you get a chance",tool_005,gen_sys_analysis
"hmm, analyze my system performance please",tool_005,gen_sys_analysis
"hey, run system analysis when you get a chance",tool_005,gen_sys_analysis
"hmm, compare my current usage to normal levels real quick",tool_005,gen_sys_analysis
"hmm, do a health check on my system thanks",tool_005,gen_sys_analysis
please run a full resource analysis please,tool_005,gen_sys_analysis
"hey claude, run a performance check right now",tool_005,gen_sys_analysis
"hey claude, do a health check on my system please",tool_005,gen_sys_analysis
"assistant, check if resource usage is abnormal right now for me",tool_005,gen_sys_analysis
"hey claude, warn me if my system usage is too high if you can",tool_005,gen_sys_analysis
can you analyze current vs average system usage please,tool_005,gen_sys_analysis
"real quick, compare my current usage to normal levels when you have a moment",tool_005,gen_sys_analysis
"assistant, diagnose my system performance thanks",tool_005,gen_sys_analysis
"real quick, scan my system performance for issues please",tool_005,gen_sys_analysis
"assistant, run system analysis for me",tool_005,gen_sys_analysis
"assistant, is my system usage normal right now",tool_005,gen_sys_analysis
quick question - analyze my computer's overall performance for a second,tool_005,gen_sys_analysis
"real quick, run diagnostics on cpu and ram if you can",tool_005,gen_sys_analysis
please do a health check on my system thanks a lot,tool_005,gen_sys_analysis
"hmm, check whether my cpu/ram usage looks off?",tool_005,gen_sys_analysis
"so, is something wrong with my system performance for me",tool_005,gen_sys_analysis
"hmm, analyze my computer's overall performance when you have a moment",tool_005,gen_sys_analysis
"alright, scan my system performance for issues",tool_005,gen_sys_analysis
"hey, check if my computer is overloaded real quick",tool_005,gen_sys_analysis
quick question - is something wrong with my system performance?,tool_005,gen_sys_analysis
"hey, run diagnostics on cpu and ram please",tool_005,gen_sys_analysis
"hey, run a system diagnostic if you can",tool_005,gen_sys_analysis
"alright, analyze my cpu and ram usage now",tool_005,gen_sys_analysis
please give me a performance analysis for me,tool_005,gen_sys_analysis
please is my computer working harder than usual for a second,tool_005,gen_sys_analysis
"i was wondering, check whether my cpu/ram usage looks off thanks",tool_005,gen_sys_analysis
"alright, analyze my system performance when you get a chance",tool_005,gen_sys_analysis
"hey, analyze whether my system is under heavy load for me",tool_005,gen_sys_analysis
"hey, diagnose my system performance if that's ok",tool_005,gen_sys_analysis
"hey claude, run diagnostics on cpu and ram right now",tool_005,gen_sys_analysis
"i was wondering, check if resource usage is abnormal right now when you get a chance",tool_005,gen_sys_analysis
quick question - check whether my cpu/ram usage looks off asap,tool_005,gen_sys_analysis
run system analysis,tool_005,gen_sys_analysis
"hey claude, is my system usage normal for a second",tool_005,gen_sys_analysis
"so, scan my system performance for issues for me",tool_005,gen_sys_analysis
can you check if resource usage is abnormal right now if that's ok,tool_005,gen_sys_analysis
can you check if my computer is overloaded please,tool_005,gen_sys_analysis
"i was wondering, check my system for performance issues right now",tool_005,gen_sys_analysis
check whether my cpu/ram usage looks off if that's ok,tool_005,gen_sys_analysis
"real quick, is my computer working harder than usual?",tool_005,gen_sys_analysis
could you give me a performance analysis now,tool_005,gen_sys_analysis
"alright, give me a performance analysis right now",tool_005,gen_sys_analysis
"assistant, check my system for performance issues when you get a chance",tool_005,gen_sys_analysis
"so, scan my system performance for issues right now",tool_005,gen_sys_analysis
"hmm, analyze whether my system is under heavy load if that's ok",tool_005,gen_sys_analysis
"before i forget, compare my current usage to normal levels for me",tool_005,gen_sys_analysis
"one more thing, analyze current vs average system usage now",tool_005,gen_sys_analysis
"hey, is my cpu or ram abnormally high for me",tool_005,gen_sys_analysis
"yo, scan my system performance for issues thanks a lot",tool_005,gen_sys_analysis
"hey, is my cpu or ram abnormally high when you get a chance",tool_005,gen_sys_analysis
quick question - check if my computer is overloaded,tool_005,gen_sys_analysis
could you diagnose my system performance for me,tool_005,gen_sys_analysis
"yo, is my computer working harder than usual if that's ok",tool_005,gen_sys_analysis
can you scan my system performance for issues when you have a moment,tool_005,gen_sys_analysis
"alright, check if my system is running abnormally thanks a lot",tool_005,gen_sys_analysis
"real quick, run a full resource analysis thanks a lot",tool_005,gen_sys_analysis
"before i forget, is my cpu or ram abnormally high if you can",tool_005,gen_sys_analysis
"so, analyze my system performance if you can",tool_005,gen_sys_analysis
"one more thing, analyze current vs average system usage when you have a moment",tool_005,gen_sys_analysis
"real quick, compare my current usage to normal levels when you get a chance",tool_005,gen_sys_analysis
"hmm, give me a full system performance report now",tool_005,gen_sys_analysis
"hey claude, run a full resource analysis real quick",tool_005,gen_sys_analysis
run a full resource analysis,tool_005,gen_sys_analysis
"i was wondering, run diagnostics on cpu and ram thanks",tool_005,gen_sys_analysis
"one more thing, scan my system performance for issues when you have a moment",tool_005,gen_sys_analysis
quick question - give me a performance analysis right now,tool_005,gen_sys_analysis
"i was wondering, check if my computer is overloaded when you get a chance",tool_005,gen_sys_analysis
"hey claude, check if my system is running abnormally for a second",tool_005,gen_sys_analysis
"before i forget, run a performance check for a second",tool_005,gen_sys_analysis
please run system analysis please,tool_005,gen_sys_analysis
"one more thing, scan my system performance for issues right now",tool_005,gen_sys_analysis
"yo, is my computer working harder than usual asap",tool_005,gen_sys_analysis
could you check for abnormal cpu or ram usage for a second,tool_005,gen_sys_analysis
could you check my system for performance issues please,tool_005,gen_sys_analysis
"yo, run system analysis?",tool_005,gen_sys_analysis
please analyze system resource usage if you can,tool_005,gen_sys_analysis
"hey, give me a full system performance report for a second",tool_005,gen_sys_analysis
"hey claude, compare my current usage to normal levels thanks",tool_005,gen_sys_analysis
"i was wondering, analyze my system performance for me",tool_005,gen_sys_analysis
"alright, give me a full system performance report thanks",tool_005,gen_sys_analysis
"alright, give me a full system performance report for me",tool_005,gen_sys_analysis
"hey, check if my system is running abnormally",tool_005,gen_sys_analysis
can you analyze current vs average system usage when you get a chance,tool_005,gen_sys_analysis
could you analyze my cpu and ram usage?,tool_005,gen_sys_analysis
can you is my computer working harder than usual right now,tool_005,gen_sys_analysis
quick question - run diagnostics on cpu and ram when you have a moment,tool_005,gen_sys_analysis
"hey, run a performance check when you get a chance",tool_005,gen_sys_analysis
"assistant, check my system for performance issues right now",tool_005,gen_sys_analysis
"i was wondering, run a performance check for me",tool_005,gen_sys_analysis
"hey claude, check my system for performance issues",tool_005,gen_sys_analysis
can you analyze my system performance?,tool_005,gen_sys_analysis
"alright, warn me if my system usage is too high if you can",tool_005,gen_sys_analysis
"real quick, check my system for performance issues if you can",tool_005,gen_sys_analysis
"hey claude, check my system health for me",tool_005,gen_sys_analysis
"assistant, analyze my computer's overall performance when you have a moment",tool_005,gen_sys_analysis
"so, run diagnostics on cpu and ram if you can",tool_005,gen_sys_analysis
"before i forget, tell me if my pc is under unusual load if you can",tool_005,gen_sys_analysis
quick question - check my system for performance issues when you have a moment,tool_005,gen_sys_analysis
"yo, analyze my system performance thanks a lot",tool_005,gen_sys_analysis
"alright, analyze my computer's overall performance thanks",tool_005,gen_sys_analysis
quick question - diagnose my system performance thanks a lot,tool_005,gen_sys_analysis
can you is something wrong with my system performance now,tool_005,gen_sys_analysis
quick question - analyze my cpu and ram usage if that's ok,tool_005,gen_sys_analysis
"alright, check my system health now",tool_005,gen_sys_analysis
"hmm, diagnose my system performance thanks a lot",tool_005,gen_sys_analysis
give me a full system performance report for me,tool_005,gen_sys_analysis
"yo, run a full resource analysis right now",tool_005,gen_sys_analysis
is my computer working harder than usual thanks a lot,tool_005,gen_sys_analysis
"real quick, analyze current vs average system usage real quick",tool_005,gen_sys_analysis
"hey, check if resource usage is abnormal right now thanks",tool_005,gen_sys_analysis
"alright, analyze whether my system is under heavy load when you get a chance",tool_005,gen_sys_analysis
"hmm, is something wrong with my system performance thanks a lot",tool_005,gen_sys_analysis
quick question - check if my system is running abnormally for me,tool_005,gen_sys_analysis
"so, analyze system resource usage when you get a chance",tool_005,gen_sys_analysis
"assistant, check if my system is running abnormally",tool_005,gen_sys_analysis
"before i forget, analyze current vs average system usage if you can",tool_005,gen_sys_analysis
can you analyze my system performance please,tool_005,gen_sys_analysis
compare my current usage to normal levels when you have a moment,tool_005,gen_sys_analysis
please analyze current vs average system usage please,tool_005,gen_sys_analysis
could you diagnose my system performance for a second,tool_005,gen_sys_analysis
check my system for performance issues,tool_005,gen_sys_analysis
"so, diagnose my system performance when you get a chance",tool_005,gen_sys_analysis
"i was wondering, run a full resource analysis right now",tool_005,gen_sys_analysis
"i was wondering, is my cpu or ram abnormally high for me",tool_005,gen_sys_analysis
analyze current vs average system usage asap,tool_005,gen_sys_analysis
"yo, analyze my cpu and ram usage asap",tool_005,gen_sys_analysis
"assistant, give me a full system performance report real quick",tool_005,gen_sys_analysis
could you do a health check on my system asap,tool_005,gen_sys_analysis
"real quick, analyze my cpu and ram usage?",tool_005,gen_sys_analysis
"so, analyze system resource usage thanks a lot",tool_005,gen_sys_analysis
"yo, run a system diagnostic thanks a lot",tool_005,gen_sys_analysis
"hey claude, compare my current usage to normal levels?",tool_005,gen_sys_analysis
"before i forget, compare my current usage to normal levels thanks",tool_005,gen_sys_analysis
"before i forget, check my system health?",tool_005,gen_sys_analysis
can you is my system usage normal thanks a lot,tool_005,gen_sys_analysis
can you analyze my system performance,tool_005,gen_sys_analysis
run a full resource analysis thanks a lot,tool_005,gen_sys_analysis
"hey, analyze my system performance if you can",tool_005,gen_sys_analysis
"i was wondering, give me a performance analysis for a second",tool_005,gen_sys_analysis
"hmm, run a full resource analysis for me",tool_005,gen_sys_analysis
quick question - check whether my cpu/ram usage looks off now,tool_005,gen_sys_analysis
quick question - check if resource usage is abnormal right now?,tool_005,gen_sys_analysis
"yo, run a full resource analysis when you get a chance",tool_005,gen_sys_analysis
quick question - check my system health when you have a moment,tool_005,gen_sys_analysis
quick question - run a performance check if you can,tool_005,gen_sys_analysis
"i was wondering, is my cpu or ram abnormally high thanks a lot",tool_005,gen_sys_analysis
"before i forget, warn me if my system usage is too high right now",tool_005,gen_sys_analysis
"hmm, check if resource usage is abnormal right now right now",tool_005,gen_sys_analysis
"one more thing, analyze system resource usage asap",tool_005,gen_sys_analysis
scan my system performance for issues,tool_005,gen_sys_analysis
"hey claude, check if my computer is overloaded now",tool_005,gen_sys_analysis
please run a system diagnostic thanks a lot,tool_005,gen_sys_analysis
can you run a system diagnostic thanks a lot,tool_005,gen_sys_analysis
"i was wondering, run diagnostics on cpu and ram thanks a lot",tool_005,gen_sys_analysis
"assistant, run a performance check real quick",tool_005,gen_sys_analysis
"hey, check my system for performance issues asap",tool_005,gen_sys_analysis
"before i forget, run a full resource analysis when you get a chance",tool_005,gen_sys_analysis
quick question - give me a full system performance report now,tool_005,gen_sys_analysis
"hmm, give me a full system performance report for a second",tool_005,gen_sys_analysis
"hmm, run a full resource analysis when you have a moment",tool_005,gen_sys_analysis
"one more thing, run a full resource analysis?",tool_005,gen_sys_analysis
quick question - check my system for performance issues asap,tool_005,gen_sys_analysis
"hey claude, do a health check on my system real quick",tool_005,gen_sys_analysis
quick question - analyze whether my system is under heavy load?,tool_005,gen_sys_analysis
"hey claude, check my system health if that's ok",tool_005,gen_sys_analysis
"so, is my computer working harder than usual when you get a chance",tool_005,gen_sys_analysis
"i was wondering, is my computer working harder than usual?",tool_005,gen_sys_analysis
could you check whether my cpu/ram usage looks off right now,tool_005,gen_sys_analysis
"hey claude, is my cpu or ram abnormally high when you have a moment",tool_005,gen_sys_analysis
please run a performance check for a second,tool_005,gen_sys_analysis
"hey, check whether my cpu/ram usage looks off please",tool_005,gen_sys_analysis
"real quick, warn me if my system usage is too high if you can",tool_005,gen_sys_analysis
could you run system analysis when you get a chance,tool_005,gen_sys_analysis
"hey claude, diagnose my system performance right now",tool_005,gen_sys_analysis
"one more thing, check if resource usage is abnormal right now",tool_005,gen_sys_analysis
could you check my system health when you get a chance,tool_005,gen_sys_analysis
analyze my computer's overall performance when you have a moment,tool_005,gen_sys_analysis
"i was wondering, analyze my system performance please",tool_005,gen_sys_analysis
"hmm, analyze current vs average system usage",tool_005,gen_sys_analysis
"so, check if my computer is overloaded asap",tool_005,gen_sys_analysis
"assistant, check my system health if that's ok",tool_005,gen_sys_analysis
can you check my system for performance issues for me,tool_005,gen_sys_analysis
please check if my computer is overloaded now,tool_005,gen_sys_analysis
"alright, scan my system performance for issues if that's ok",tool_005,gen_sys_analysis
"before i forget, check if my system is running abnormally?",tool_005,gen_sys_analysis
"assistant, analyze current vs average system usage when you have a moment",tool_005,gen_sys_analysis
"hmm, analyze whether my system is under heavy load asap",tool_005,gen_sys_analysis
"assistant, run a system diagnostic now",tool_005,gen_sys_analysis
"real quick, analyze my computer's overall performance real quick",tool_005,gen_sys_analysis
"before i forget, run system analysis for a second",tool_005,gen_sys_analysis
"hey, analyze whether my system is under heavy load now",tool_005,gen_sys_analysis
"yo, check my system health now",tool_005,gen_sys_analysis
could you tell me if my pc is under unusual load,tool_005,gen_sys_analysis
"so, give me a performance analysis please",tool_005,gen_sys_analysis
is my system usage normal please,tool_005,gen_sys_analysis
please run a performance check when you get a chance,tool_005,gen_sys_analysis
"one more thing, is my cpu or ram abnormally high for a second",tool_005,gen_sys_analysis
"i was wondering, compare my current usage to normal levels when you get a chance",tool_005,gen_sys_analysis
can you check if my computer is overloaded asap,tool_005,gen_sys_analysis
"yo, is something wrong with my system performance?",tool_005,gen_sys_analysis
"i was wondering, run diagnostics on cpu and ram now",tool_005,gen_sys_analysis
"before i forget, is something wrong with my system performance if you can",tool_005,gen_sys_analysis
can you analyze my cpu and ram usage for me,tool_005,gen_sys_analysis
"hey, check if resource usage is abnormal right now for a second",tool_005,gen_sys_analysis
"one more thing, check if my computer is overloaded asap",tool_005,gen_sys_analysis
"real quick, analyze whether my system is under heavy load thanks a lot",tool_005,gen_sys_analysis
"yo, diagnose my system performance if that's ok",tool_005,gen_sys_analysis
"assistant, check if my system is running abnormally for me",tool_005,gen_sys_analysis
quick question - analyze my cpu and ram usage please,tool_005,gen_sys_analysis
quick question - check whether my cpu/ram usage looks off right now,tool_005,gen_sys_analysis
please give me a performance analysis asap,tool_005,gen_sys_analysis
"hey claude, give me a performance analysis now",tool_005,gen_sys_analysis
"assistant, tell me if my pc is under unusual load when you get a chance",tool_005,gen_sys_analysis
"real quick, analyze my cpu and ram usage if that's ok",tool_005,gen_sys_analysis
"hey, is my computer working harder than usual right now",tool_005,gen_sys_analysis
"yo, check if my system is running abnormally right now",tool_005,gen_sys_analysis
"i was wondering, check if resource usage is abnormal right now if that's ok",tool_005,gen_sys_analysis
"one more thing, check my system for performance issues please",tool_005,gen_sys_analysis
"hey claude, check my system health please",tool_005,gen_sys_analysis
"yo, analyze current vs average system usage when you have a moment",tool_005,gen_sys_analysis
"one more thing, check whether my cpu/ram usage looks off thanks",tool_005,gen_sys_analysis
"before i forget, check if my computer is overloaded please",tool_005,gen_sys_analysis
"hey, run diagnostics on cpu and ram for me",tool_005,gen_sys_analysis
"real quick, is my computer working harder than usual",tool_005,gen_sys_analysis
"real quick, check if my computer is overloaded right now",tool_005,gen_sys_analysis
can you run a performance check when you get a chance,tool_005,gen_sys_analysis
analyze my system performance if that's ok,tool_005,gen_sys_analysis
"before i forget, analyze my cpu and ram usage if you can",tool_005,gen_sys_analysis
please analyze current vs average system usage now,tool_005,gen_sys_analysis
"assistant, check if resource usage is abnormal right now thanks",tool_005,gen_sys_analysis
"before i forget, check my system for performance issues when you have a moment",tool_005,gen_sys_analysis
please analyze current vs average system usage if that's ok,tool_005,gen_sys_analysis
can you diagnose my system performance if you can,tool_005,gen_sys_analysis
"hey claude, analyze my computer's overall performance if you can",tool_005,gen_sys_analysis
"real quick, check if resource usage is abnormal right now right now",tool_005,gen_sys_analysis
"one more thing, run system analysis for me",tool_005,gen_sys_analysis
please check if my system is running abnormally please,tool_005,gen_sys_analysis
"hey claude, check if my system is running abnormally please",tool_005,gen_sys_analysis
"so, check my system for performance issues please",tool_005,gen_sys_analysis
"so, is my cpu or ram abnormally high?",tool_005,gen_sys_analysis
"i was wondering, give me a full system performance report thanks a lot",tool_005,gen_sys_analysis
"yo, is my system usage normal asap",tool_005,gen_sys_analysis
run a full resource analysis real quick,tool_005,gen_sys_analysis
"so, check for abnormal cpu or ram usage thanks a lot",tool_005,gen_sys_analysis
"hey claude, check my system for performance issues when you get a chance",tool_005,gen_sys_analysis
"hey claude, analyze my cpu and ram usage if you can",tool_005,gen_sys_analysis
"assistant, analyze my system performance if you can",tool_005,gen_sys_analysis
could you tell me if my pc is under unusual load asap,tool_005,gen_sys_analysis
"i was wondering, check if resource usage is abnormal right now thanks",tool_005,gen_sys_analysis
"so, run a system diagnostic if you can",tool_005,gen_sys_analysis
could you run a system diagnostic if you can,tool_005,gen_sys_analysis
"before i forget, analyze my computer's overall performance?",tool_005,gen_sys_analysis
"hey claude, check if resource usage is abnormal right now asap",tool_005,gen_sys_analysis
analyze whether my system is under heavy load thanks,tool_005,gen_sys_analysis
"assistant, give me a full system performance report if you can",tool_005,gen_sys_analysis
"hmm, diagnose my system performance for me",tool_005,gen_sys_analysis
can you run a system diagnostic if you can,tool_005,gen_sys_analysis
"hey claude, run diagnostics on cpu and ram for a second",tool_005,gen_sys_analysis
"alright, run diagnostics on cpu and ram when you have a moment",tool_005,gen_sys_analysis
"real quick, is my system usage normal right now",tool_005,gen_sys_analysis
"yo, analyze my computer's overall performance right now",tool_005,gen_sys_analysis
"so, run a performance check thanks",tool_005,gen_sys_analysis
"i was wondering, scan my system performance for issues?",tool_005,gen_sys_analysis
"hey, analyze whether my system is under heavy load asap",tool_005,gen_sys_analysis
could you analyze my system performance asap,tool_005,gen_sys_analysis
quick question - diagnose my system performance,tool_005,gen_sys_analysis
"hey claude, tell me if my pc is under unusual load thanks a lot",tool_005,gen_sys_analysis
"real quick, check for abnormal cpu or ram usage when you have a moment",tool_005,gen_sys_analysis
"hey, check for abnormal cpu or ram usage real quick",tool_005,gen_sys_analysis
"one more thing, check whether my cpu/ram usage looks off if you can",tool_005,gen_sys_analysis
could you run a system diagnostic asap,tool_005,gen_sys_analysis
"alright, check if my computer is overloaded right now",tool_005,gen_sys_analysis
analyze my system performance for me,tool_005,gen_sys_analysis
can you compare my current usage to normal levels for me,tool_005,gen_sys_analysis
"real quick, run a performance check real quick",tool_005,gen_sys_analysis
please check if my computer is overloaded for a second,tool_005,gen_sys_analysis
run diagnostics on cpu and ram when you get a chance,tool_005,gen_sys_analysis
"before i forget, run a full resource analysis",tool_005,gen_sys_analysis
quick question - run diagnostics on cpu and ram thanks,tool_005,gen_sys_analysis
please analyze my computer's overall performance please,tool_005,gen_sys_analysis
could you give me a performance analysis when you get a chance,tool_005,gen_sys_analysis
"alright, check whether my cpu/ram usage looks off",tool_005,gen_sys_analysis
"i was wondering, check whether my cpu/ram usage looks off for me",tool_005,gen_sys_analysis
"hey claude, check if my system is running abnormally right now",tool_005,gen_sys_analysis
"alright, is my cpu or ram abnormally high asap",tool_005,gen_sys_analysis
quick question - analyze my cpu and ram usage,tool_005,gen_sys_analysis
"before i forget, is my system usage normal please",tool_005,gen_sys_analysis
"assistant, analyze whether my system is under heavy load when you get a chance",tool_005,gen_sys_analysis
tell me if my pc is under unusual load please,tool_005,gen_sys_analysis
please run a performance check asap,tool_005,gen_sys_analysis
"one more thing, check whether my cpu/ram usage looks off?",tool_005,gen_sys_analysis
"before i forget, check my system health when you get a chance",tool_005,gen_sys_analysis
"so, tell me if my pc is under unusual load?",tool_005,gen_sys_analysis
"hey, analyze system resource usage?",tool_005,gen_sys_analysis
"one more thing, run a full resource analysis now",tool_005,gen_sys_analysis
please run diagnostics on cpu and ram for me,tool_005,gen_sys_analysis
please analyze my cpu and ram usage for a second,tool_005,gen_sys_analysis
"i was wondering, diagnose my system performance real quick",tool_005,gen_sys_analysis
"alright, warn me if my system usage is too high thanks a lot",tool_005,gen_sys_analysis
"real quick, analyze whether my system is under heavy load thanks",tool_005,gen_sys_analysis
can you warn me if my system usage is too high now,tool_005,gen_sys_analysis
"alright, compare my current usage to normal levels if that's ok",tool_005,gen_sys_analysis
"hmm, check my system health please",tool_005,gen_sys_analysis
"before i forget, check whether my cpu/ram usage looks off thanks a lot",tool_005,gen_sys_analysis
analyze my computer's overall performance right now,tool_005,gen_sys_analysis
"so, is my computer working harder than usual real quick",tool_005,gen_sys_analysis
quick question - check if my computer is overloaded thanks,tool_005,gen_sys_analysis
"yo, scan my system performance for issues for a second",tool_005,gen_sys_analysis
please analyze system resource usage thanks a lot,tool_005,gen_sys_analysis
can you check if resource usage is abnormal right now real quick,tool_005,gen_sys_analysis
quick question - is something wrong with my system performance if that's ok,tool_005,gen_sys_analysis
"alright, analyze my computer's overall performance thanks a lot",tool_005,gen_sys_analysis
could you check my system for performance issues if that's ok,tool_005,gen_sys_analysis
"hey claude, check if my computer is overloaded for a second",tool_005,gen_sys_analysis
could you check whether my cpu/ram usage looks off thanks a lot,tool_005,gen_sys_analysis
"hey claude, diagnose my system performance now",tool_005,gen_sys_analysis
"hey, check if resource usage is abnormal right now please",tool_005,gen_sys_analysis
"hey claude, is something wrong with my system performance real quick",tool_005,gen_sys_analysis
"one more thing, analyze my computer's overall performance when you have a moment",tool_005,gen_sys_analysis
please run a system diagnostic for a second,tool_005,gen_sys_analysis
can you give me a full system performance report?,tool_005,gen_sys_analysis
"real quick, compare my current usage to normal levels right now",tool_005,gen_sys_analysis
"alright, check my system for performance issues asap",tool_005,gen_sys_analysis
"yo, analyze my system performance asap",tool_005,gen_sys_analysis
"one more thing, is my system usage normal please",tool_005,gen_sys_analysis
"hey, is my system usage normal when you get a chance",tool_005,gen_sys_analysis
please check if my computer is overloaded asap,tool_005,gen_sys_analysis
please analyze my cpu and ram usage if that's ok,tool_005,gen_sys_analysis
can you analyze whether my system is under heavy load please,tool_005,gen_sys_analysis
could you run a system diagnostic when you have a moment,tool_005,gen_sys_analysis
can you analyze whether my system is under heavy load for me,tool_005,gen_sys_analysis
can you is my cpu or ram abnormally high for me,tool_005,gen_sys_analysis
"real quick, analyze my computer's overall performance",tool_005,gen_sys_analysis
"hey, is something wrong with my system performance for me",tool_005,gen_sys_analysis
"before i forget, compare my current usage to normal levels thanks a lot",tool_005,gen_sys_analysis
"before i forget, scan my system performance for issues right now",tool_005,gen_sys_analysis
"assistant, analyze whether my system is under heavy load if you can",tool_005,gen_sys_analysis
"hey, analyze my computer's overall performance for a second",tool_005,gen_sys_analysis
run system analysis real quick,tool_005,gen_sys_analysis
"hey, analyze system resource usage",tool_005,gen_sys_analysis
"yo, check for abnormal cpu or ram usage?",tool_005,gen_sys_analysis
give me a performance analysis when you have a moment,tool_005,gen_sys_analysis
"one more thing, run diagnostics on cpu and ram for me",tool_005,gen_sys_analysis
"one more thing, run system analysis?",tool_005,gen_sys_analysis
can you check if my system is running abnormally thanks,tool_005,gen_sys_analysis
"assistant, warn me if my system usage is too high when you have a moment",tool_005,gen_sys_analysis
"one more thing, analyze my cpu and ram usage for a second",tool_005,gen_sys_analysis
please compare my current usage to normal levels now,tool_005,gen_sys_analysis
"before i forget, analyze current vs average system usage?",tool_005,gen_sys_analysis
could you is my cpu or ram abnormally high for a second,tool_005,gen_sys_analysis
"hey claude, check for abnormal cpu or ram usage for a second",tool_005,gen_sys_analysis
"one more thing, run system analysis when you have a moment",tool_005,gen_sys_analysis
"before i forget, check if my computer is overloaded thanks a lot",tool_005,gen_sys_analysis
do a health check on my system,tool_005,gen_sys_analysis
"yo, analyze my computer's overall performance please",tool_005,gen_sys_analysis
check my system health when you have a moment,tool_005,gen_sys_analysis
please run a performance check if you can,tool_005,gen_sys_analysis
can you is my computer working harder than usual for a second,tool_005,gen_sys_analysis
"i was wondering, run a performance check thanks",tool_005,gen_sys_analysis
"hey claude, run a performance check for me",tool_005,gen_sys_analysis
"hey, analyze my cpu and ram usage please",tool_005,gen_sys_analysis
"yo, tell me if my pc is under unusual load now",tool_005,gen_sys_analysis
"i was wondering, check if resource usage is abnormal right now for a second",tool_005,gen_sys_analysis
quick question - compare my current usage to normal levels asap,tool_005,gen_sys_analysis
"yo, scan my system performance for issues",tool_005,gen_sys_analysis
quick question - check if my computer is overloaded thanks a lot,tool_005,gen_sys_analysis
"so, compare my current usage to normal levels please",tool_005,gen_sys_analysis
"before i forget, check if resource usage is abnormal right now asap",tool_005,gen_sys_analysis
"hey, analyze whether my system is under heavy load?",tool_005,gen_sys_analysis
"so, analyze system resource usage if that's ok",tool_005,gen_sys_analysis
"before i forget, analyze current vs average system usage please",tool_005,gen_sys_analysis
"hey claude, analyze my system performance real quick",tool_005,gen_sys_analysis
"yo, do a health check on my system if that's ok",tool_005,gen_sys_analysis
"hmm, check whether my cpu/ram usage looks off right now",tool_005,gen_sys_analysis
please warn me if my system usage is too high asap,tool_005,gen_sys_analysis
could you analyze current vs average system usage?,tool_005,gen_sys_analysis
"yo, check if my computer is overloaded right now",tool_005,gen_sys_analysis
"before i forget, check for abnormal cpu or ram usage when you have a moment",tool_005,gen_sys_analysis
"one more thing, analyze my system performance thanks a lot",tool_005,gen_sys_analysis
"hey claude, compare my current usage to normal levels",tool_005,gen_sys_analysis
give me a performance analysis asap,tool_005,gen_sys_analysis
"alright, check my system for performance issues thanks a lot",tool_005,gen_sys_analysis
can you check if my computer is overloaded for me,tool_005,gen_sys_analysis
"hmm, analyze my system performance if you can",tool_005,gen_sys_analysis
"i was wondering, check for abnormal cpu or ram usage asap",tool_005,gen_sys_analysis
"assistant, do a health check on my system when you get a chance",tool_005,gen_sys_analysis
"before i forget, check for abnormal cpu or ram usage for a second",tool_005,gen_sys_analysis
"yo, check whether my cpu/ram usage looks off?",tool_005,gen_sys_analysis
"hmm, analyze my computer's overall performance please",tool_005,gen_sys_analysis
"hey claude, analyze whether my system is under heavy load",tool_005,gen_sys_analysis
"hey claude, check whether my cpu/ram usage looks off thanks a lot",tool_005,gen_sys_analysis
"so, is something wrong with my system performance when you have a moment",tool_005,gen_sys_analysis
"real quick, check if my system is running abnormally right now",tool_005,gen_sys_analysis
"hey, check if my computer is overloaded asap",tool_005,gen_sys_analysis
can you run a performance check right now,tool_005,gen_sys_analysis
"before i forget, analyze whether my system is under heavy load thanks a lot",tool_005,gen_sys_analysis
"hey, run a full resource analysis when you have a moment",tool_005,gen_sys_analysis
please run a system diagnostic for me,tool_005,gen_sys_analysis
could you give me a full system performance report if that's ok,tool_005,gen_sys_analysis
please scan my system performance for issues thanks a lot,tool_005,gen_sys_analysis
"assistant, analyze current vs average system usage if you can",tool_005,gen_sys_analysis
"i was wondering, check my system health when you get a chance",tool_005,gen_sys_analysis
"yo, analyze whether my system is under heavy load please",tool_005,gen_sys_analysis
"alright, check my system health right now",tool_005,gen_sys_analysis
scan my system performance for issues thanks a lot,tool_005,gen_sys_analysis
"alright, check my system health thanks a lot",tool_005,gen_sys_analysis
"so, do a health check on my system right now",tool_005,gen_sys_analysis
"assistant, is my cpu or ram abnormally high thanks",tool_005,gen_sys_analysis
could you analyze whether my system is under heavy load if that's ok,tool_005,gen_sys_analysis
"real quick, give me a full system performance report",tool_005,gen_sys_analysis
"real quick, run a performance check when you have a moment",tool_005,gen_sys_analysis
quick question - tell me if my pc is under unusual load asap,tool_005,gen_sys_analysis
can you run system analysis if that's ok,tool_005,gen_sys_analysis
"alright, analyze my system performance now",tool_005,gen_sys_analysis
"yo, run diagnostics on cpu and ram thanks",tool_005,gen_sys_analysis
"alright, is my cpu or ram abnormally high real quick",tool_005,gen_sys_analysis
please analyze my system performance for a second,tool_005,gen_sys_analysis
quick question - check if my computer is overloaded if that's ok,tool_005,gen_sys_analysis
"hey, run diagnostics on cpu and ram real quick",tool_005,gen_sys_analysis
"so, check my system health thanks a lot",tool_005,gen_sys_analysis
could you check if my computer is overloaded for me,tool_005,gen_sys_analysis
"real quick, do a health check on my system real quick",tool_005,gen_sys_analysis
"so, is my system usage normal for a second",tool_005,gen_sys_analysis
"real quick, run a system diagnostic if that's ok",tool_005,gen_sys_analysis
could you check for abnormal cpu or ram usage,tool_005,gen_sys_analysis
"assistant, analyze whether my system is under heavy load asap",tool_005,gen_sys_analysis
"one more thing, check for abnormal cpu or ram usage for me",tool_005,gen_sys_analysis
"before i forget, warn me if my system usage is too high when you get a chance",tool_005,gen_sys_analysis
"yo, do a health check on my system now",tool_005,gen_sys_analysis
"before i forget, tell me if my pc is under unusual load right now",tool_005,gen_sys_analysis
please diagnose my system performance thanks a lot,tool_005,gen_sys_analysis
"one more thing, is my cpu or ram abnormally high if you can",tool_005,gen_sys_analysis
"one more thing, analyze system resource usage please",tool_005,gen_sys_analysis
"hey claude, run a full resource analysis",tool_005,gen_sys_analysis
"i was wondering, compare my current usage to normal levels if you can",tool_005,gen_sys_analysis
"yo, run system analysis thanks",tool_005,gen_sys_analysis
"alright, analyze whether my system is under heavy load when you have a moment",tool_005,gen_sys_analysis
please compare my current usage to normal levels please,tool_005,gen_sys_analysis
quick question - check for abnormal cpu or ram usage if that's ok,tool_005,gen_sys_analysis
run diagnostics on cpu and ram right now,tool_005,gen_sys_analysis
could you check my system for performance issues?,tool_005,gen_sys_analysis
please is my system usage normal please,tool_005,gen_sys_analysis
"yo, is my cpu or ram abnormally high?",tool_005,gen_sys_analysis
"one more thing, analyze my cpu and ram usage real quick",tool_005,gen_sys_analysis
please check if my system is running abnormally thanks a lot,tool_005,gen_sys_analysis
"alright, compare my current usage to normal levels please",tool_005,gen_sys_analysis
"assistant, analyze my computer's overall performance thanks",tool_005,gen_sys_analysis
"before i forget, give me a performance analysis now",tool_005,gen_sys_analysis
check if my system is running abnormally for me,tool_005,gen_sys_analysis
"assistant, analyze my cpu and ram usage now",tool_005,gen_sys_analysis
"alright, do a health check on my system please",tool_005,gen_sys_analysis
"one more thing, run a full resource analysis for a second",tool_005,gen_sys_analysis
could you check if my system is running abnormally right now,tool_005,gen_sys_analysis
"hmm, run diagnostics on cpu and ram please",tool_005,gen_sys_analysis
"alright, is something wrong with my system performance when you get a chance",tool_005,gen_sys_analysis
run a full resource analysis now,tool_005,gen_sys_analysis
"i was wondering, diagnose my system performance if you can",tool_005,gen_sys_analysis
could you analyze my computer's overall performance please,tool_005,gen_sys_analysis
"hey, check whether my cpu/ram usage looks off",tool_005,gen_sys_analysis
"hey, check if my system is running abnormally for a second",tool_005,gen_sys_analysis
"assistant, give me a performance analysis please",tool_005,gen_sys_analysis
"i was wondering, give me a performance analysis real quick",tool_005,gen_sys_analysis
please analyze whether my system is under heavy load thanks,tool_005,gen_sys_analysis
could you analyze my computer's overall performance if you can,tool_005,gen_sys_analysis
quick question - run system analysis if that's ok,tool_005,gen_sys_analysis
can you check if resource usage is abnormal right now,tool_005,gen_sys_analysis
"hey claude, tell me if my pc is under unusual load for a second",tool_005,gen_sys_analysis
"i was wondering, is my system usage normal if that's ok",tool_005,gen_sys_analysis
"alright, check if resource usage is abnormal right now thanks a lot",tool_005,gen_sys_analysis
"i was wondering, tell me if my pc is under unusual load right now",tool_005,gen_sys_analysis
"before i forget, do a health check on my system right now",tool_005,gen_sys_analysis
"hey, run a full resource analysis now",tool_005,gen_sys_analysis
quick question - is my computer working harder than usual real quick,tool_005,gen_sys_analysis
"before i forget, run a system diagnostic thanks",tool_005,gen_sys_analysis
"so, analyze whether my system is under heavy load when you have a moment",tool_005,gen_sys_analysis
"real quick, run a full resource analysis right now",tool_005,gen_sys_analysis
"real quick, do a health check on my system asap",tool_005,gen_sys_analysis
"assistant, is my computer working harder than usual",tool_005,gen_sys_analysis
please warn me if my system usage is too high thanks,tool_005,gen_sys_analysis
"one more thing, give me a performance analysis when you get a chance",tool_005,gen_sys_analysis
can you is something wrong with my system performance for a second,tool_005,gen_sys_analysis
"i was wondering, check my system health?",tool_005,gen_sys_analysis
analyze my system performance if you can,tool_005,gen_sys_analysis
"hey, analyze system resource usage when you get a chance",tool_005,gen_sys_analysis
"before i forget, is my cpu or ram abnormally high for me",tool_005,gen_sys_analysis
can you run a full resource analysis for me,tool_005,gen_sys_analysis
"assistant, analyze current vs average system usage",tool_005,gen_sys_analysis
"so, is my cpu or ram abnormally high when you get a chance",tool_005,gen_sys_analysis
"alright, diagnose my system performance when you get a chance",tool_005,gen_sys_analysis
"one more thing, analyze my system performance now",tool_005,gen_sys_analysis
"i was wondering, warn me if my system usage is too high now",tool_005,gen_sys_analysis
"before i forget, run diagnostics on cpu and ram for me",tool_005,gen_sys_analysis
"hey, check if my system is running abnormally real quick",tool_005,gen_sys_analysis
quick question - check if my computer is overloaded for a second,tool_005,gen_sys_analysis
"hmm, analyze current vs average system usage if you can",tool_005,gen_sys_analysis
"alright, check whether my cpu/ram usage looks off?",tool_005,gen_sys_analysis
"alright, run a system diagnostic asap",tool_005,gen_sys_analysis
"before i forget, analyze whether my system is under heavy load for me",tool_005,gen_sys_analysis
"hmm, run a full resource analysis please",tool_005,gen_sys_analysis
"hmm, do a health check on my system please",tool_005,gen_sys_analysis
analyze current vs average system usage for me,tool_005,gen_sys_analysis
"hmm, analyze my system performance when you get a chance",tool_005,gen_sys_analysis
could you check whether my cpu/ram usage looks off?,tool_005,gen_sys_analysis
"assistant, shut down my computer for me",tool_006,gen_shutdown
"alright, can you turn off my computer if you can",tool_006,gen_shutdown
"i was wondering, can you shut down my computer thanks",tool_006,gen_shutdown
"assistant, can you turn off my computer when you get a chance",tool_006,gen_shutdown
"alright, shut down the system for me when you get a chance",tool_006,gen_shutdown
"hey, please shut down the pc please",tool_006,gen_shutdown
"before i forget, power off please?",tool_006,gen_shutdown
"hey, can you shut down my computer if that's ok",tool_006,gen_shutdown
quick question - please shut down the pc right now,tool_006,gen_shutdown
can you can you shut down my computer if that's ok,tool_006,gen_shutdown
"i'm done, shut down the computer if that's ok",tool_006,gen_shutdown
"real quick, please power off my system please",tool_006,gen_shutdown
"one more thing, power off the system if that's ok",tool_006,gen_shutdown
"before i forget, turn off the machine when you have a moment",tool_006,gen_shutdown
could you turn the pc off right now,tool_006,gen_shutdown
"hmm, initiate shutdown",tool_006,gen_shutdown
quick question - power down my pc now,tool_006,gen_shutdown
"hey, turn the pc off when you get a chance",tool_006,gen_shutdown
"so, power off the system when you have a moment",tool_006,gen_shutdown
"alright, switch off the pc when you get a chance",tool_006,gen_shutdown
"assistant, switch off the pc if that's ok",tool_006,gen_shutdown
"yo, turn off this pc thanks",tool_006,gen_shutdown
"before i forget, turn the pc off if you can",tool_006,gen_shutdown
"one more thing, initiate shutdown real quick",tool_006,gen_shutdown
"hey, turn the pc off for a second",tool_006,gen_shutdown
"i was wondering, power down my pc if you can",tool_006,gen_shutdown
please shutdown this machine for a second,tool_006,gen_shutdown
"alright, shut the computer down for me",tool_006,gen_shutdown
"before i forget, shutdown this machine thanks",tool_006,gen_shutdown
could you shut down now thanks,tool_006,gen_shutdown
"one more thing, i'm done, shut down the computer asap",tool_006,gen_shutdown
"alright, shut the computer down thanks",tool_006,gen_shutdown
"one more thing, shut everything down real quick",tool_006,gen_shutdown
"before i forget, i need to shut down my computer when you get a chance",tool_006,gen_shutdown
"yo, switch off the pc right now",tool_006,gen_shutdown
"alright, power off please if you can",tool_006,gen_shutdown
"before i forget, please power off my system please",tool_006,gen_shutdown
"hey claude, power off the system if that's ok",tool_006,gen_shutdown
"yo, please shut down the pc?",tool_006,gen_shutdown
"hmm, power down my pc if that's ok",tool_006,gen_shutdown
"assistant, please shut down the pc?",tool_006,gen_shutdown
"real quick, turn off my computer if that's ok",tool_006,gen_shutdown
quick question - turn off the machine when you have a moment,tool_006,gen_shutdown
"i was wondering, turn off this pc real quick",tool_006,gen_shutdown
can you shut down my computer?,tool_006,gen_shutdown
please shut the computer down please,tool_006,gen_shutdown
"yo, turn off my computer real quick",tool_006,gen_shutdown
"assistant, can you turn off my computer if that's ok",tool_006,gen_shutdown
please turn off this pc when you get a chance,tool_006,gen_shutdown
"assistant, shut down my computer when you get a chance",tool_006,gen_shutdown
"hmm, turn off the machine?",tool_006,gen_shutdown
initiate shutdown when you get a chance,tool_006,gen_shutdown
"hey claude, initiate shutdown thanks a lot",tool_006,gen_shutdown
"so, shutdown this machine when you get a chance",tool_006,gen_shutdown
please shut down the pc if you can,tool_006,gen_shutdown
"one more thing, switch off the pc for me",tool_006,gen_shutdown
please switch off the pc when you have a moment,tool_006,gen_shutdown
"hmm, shutdown this machine for a second",tool_006,gen_shutdown
"real quick, turn off my computer asap",tool_006,gen_shutdown
can you turn off this pc if you can,tool_006,gen_shutdown
"before i forget, shut down my computer if you can",tool_006,gen_shutdown
"before i forget, initiate shutdown for a second",tool_006,gen_shutdown
"yo, turn my computer off when you get a chance",tool_006,gen_shutdown
"hey, power off please when you get a chance",tool_006,gen_shutdown
"hey, i need to shut down my computer when you get a chance",tool_006,gen_shutdown
please shutdown the pc if that's ok,tool_006,gen_shutdown
"hey, shut down my computer",tool_006,gen_shutdown
"hey, shut down now real quick",tool_006,gen_shutdown
quick question - shut everything down please,tool_006,gen_shutdown
"i was wondering, turn off my computer if you can",tool_006,gen_shutdown
could you i want to shut down my computer when you have a moment,tool_006,gen_shutdown
"hey claude, shutdown the pc please",tool_006,gen_shutdown
"hmm, can you shut down my computer asap",tool_006,gen_shutdown
quick question - i need to shut down my computer when you have a moment,tool_006,gen_shutdown
quick question - shut down my computer thanks a lot,tool_006,gen_shutdown
"assistant, can you shut down my computer please",tool_006,gen_shutdown
"can you i'm done, shut down the computer now",tool_006,gen_shutdown
"alright, shutdown this machine if you can",tool_006,gen_shutdown
"hmm, shut the computer down asap",tool_006,gen_shutdown
"real quick, power down my pc for me",tool_006,gen_shutdown
quick question - initiate shutdown right now,tool_006,gen_shutdown
"so, i need to shut down my computer right now",tool_006,gen_shutdown
"so, shut everything down please",tool_006,gen_shutdown
"yo, power off the system",tool_006,gen_shutdown
"one more thing, power down my pc right now",tool_006,gen_shutdown
"hey, shut down my computer thanks a lot",tool_006,gen_shutdown
"alright, i'm done, shut down the computer asap",tool_006,gen_shutdown
"hey, power down my pc please",tool_006,gen_shutdown
could you power down my pc for me,tool_006,gen_shutdown
turn the pc off now,tool_006,gen_shutdown
"real quick, turn off my computer now",tool_006,gen_shutdown
shut down the system for me thanks,tool_006,gen_shutdown
"so, power off please please",tool_006,gen_shutdown
"before i forget, can you turn off my computer thanks",tool_006,gen_shutdown
"one more thing, shut down my computer?",tool_006,gen_shutdown
"hmm, can you power off the computer thanks",tool_006,gen_shutdown
"real quick, switch off the pc now",tool_006,gen_shutdown
please power off the system now,tool_006,gen_shutdown
"before i forget, can you power off the computer right now",tool_006,gen_shutdown
"real quick, turn the pc off if that's ok",tool_006,gen_shutdown
could you shut down now thanks a lot,tool_006,gen_shutdown
"real quick, shut the computer down for me",tool_006,gen_shutdown
"assistant, shutdown the pc?",tool_006,gen_shutdown
please shut down the pc real quick,tool_006,gen_shutdown
"hey, can you turn off my computer if you can",tool_006,gen_shutdown
can you switch off the pc when you have a moment,tool_006,gen_shutdown
"hey claude, can you power off the computer?",tool_006,gen_shutdown
"hey, turn off my computer thanks a lot",tool_006,gen_shutdown
"hey, turn the pc off asap",tool_006,gen_shutdown
"before i forget, shut down my computer real quick",tool_006,gen_shutdown
"hmm, can you power off the computer if you can",tool_006,gen_shutdown
could you can you turn off my computer right now,tool_006,gen_shutdown
"hey claude, shut everything down?",tool_006,gen_shutdown
could you can you shut down my computer please,tool_006,gen_shutdown
quick question - shut down now for me,tool_006,gen_shutdown
"alright, turn off this pc thanks",tool_006,gen_shutdown
"hey claude, can you shut down my computer if that's ok",tool_006,gen_shutdown
quick question - shut the computer down for me,tool_006,gen_shutdown
"real quick, i need to shut down my computer for a second",tool_006,gen_shutdown
"hmm, can you turn off my computer for me",tool_006,gen_shutdown
quick question - shutdown the pc real quick,tool_006,gen_shutdown
"i was wondering, can you shut down my computer asap",tool_006,gen_shutdown
"before i forget, turn off my computer for a second",tool_006,gen_shutdown
quick question - power off the system when you get a chance,tool_006,gen_shutdown
"alright, power off please when you have a moment",tool_006,gen_shutdown
"hey, power down my pc right now",tool_006,gen_shutdown
"before i forget, shut down now real quick",tool_006,gen_shutdown
quick question - shut down the system for me right now,tool_006,gen_shutdown
"yo, turn off my computer please",tool_006,gen_shutdown
"assistant, shut down the system for me if you can",tool_006,gen_shutdown
"assistant, turn off this pc for a second",tool_006,gen_shutdown
"alright, turn off my computer thanks a lot",tool_006,gen_shutdown
"can you i'm done, shut down the computer for a second",tool_006,gen_shutdown
"before i forget, shut down now for a second",tool_006,gen_shutdown
"alright, power off please right now",tool_006,gen_shutdown
"alright, turn off this pc for a second",tool_006,gen_shutdown
"so, turn the pc off asap",tool_006,gen_shutdown
could you power off the system for a second,tool_006,gen_shutdown
"hmm, shutdown this machine if you can",tool_006,gen_shutdown
could you turn the pc off when you get a chance,tool_006,gen_shutdown
"hmm, power off please when you have a moment",tool_006,gen_shutdown
"hmm, power off please when you get a chance",tool_006,gen_shutdown
"quick question - i'm done, shut down the computer please",tool_006,gen_shutdown
could you shutdown the pc thanks a lot,tool_006,gen_shutdown
can you shut down now,tool_006,gen_shutdown
quick question - turn my computer off please,tool_006,gen_shutdown
"assistant, power off please if you can",tool_006,gen_shutdown
"hey, shut everything down for me",tool_006,gen_shutdown
"hey claude, shut down my computer when you get a chance",tool_006,gen_shutdown
can you i want to shut down my computer when you get a chance,tool_006,gen_shutdown
"real quick, can you shut down my computer thanks a lot",tool_006,gen_shutdown
"real quick, power down my pc when you get a chance",tool_006,gen_shutdown
"hey claude, shut down the system for me real quick",tool_006,gen_shutdown
quick question - shut down now when you have a moment,tool_006,gen_shutdown
could you please power off my system for me,tool_006,gen_shutdown
please can you shut down my computer?,tool_006,gen_shutdown
"hmm, can you turn off my computer asap",tool_006,gen_shutdown
"alright, shut down now real quick",tool_006,gen_shutdown
"hmm, i need to shut down my computer",tool_006,gen_shutdown
"hey, can you shut down my computer for me",tool_006,gen_shutdown
"assistant, shut down now thanks a lot",tool_006,gen_shutdown
can you switch off the pc please,tool_006,gen_shutdown
"before i forget, can you shut down my computer for me",tool_006,gen_shutdown
"so, shut down the system for me for me",tool_006,gen_shutdown
"yo, turn my computer off for me",tool_006,gen_shutdown
"yo, shut down my computer if that's ok",tool_006,gen_shutdown
"alright, shut the computer down",tool_006,gen_shutdown
could you power down my pc please,tool_006,gen_shutdown
"before i forget, please power off my system",tool_006,gen_shutdown
"yo, power off the system now",tool_006,gen_shutdown
"alright, i'm done, shut down the computer?",tool_006,gen_shutdown
"yo, turn off my computer when you get a chance",tool_006,gen_shutdown
"so, shut the computer down when you get a chance",tool_006,gen_shutdown
"hey, initiate shutdown for me",tool_006,gen_shutdown
"one more thing, turn my computer off for a second",tool_006,gen_shutdown
"hmm, turn the pc off when you get a chance",tool_006,gen_shutdown
"one more thing, shut down the system for me for a second",tool_006,gen_shutdown
can you can you shut down my computer please,tool_006,gen_shutdown
"yo, can you shut down my computer now",tool_006,gen_shutdown
"alright, please shut down the pc real quick",tool_006,gen_shutdown
quick question - can you power off the computer if that's ok,tool_006,gen_shutdown
can you initiate shutdown when you get a chance,tool_006,gen_shutdown
quick question - shut down my computer if you can,tool_006,gen_shutdown
please power off my system?,tool_006,gen_shutdown
"assistant, shutdown the pc asap",tool_006,gen_shutdown
quick question - i want to shut down my computer please,tool_006,gen_shutdown
"i was wondering, shut everything down if that's ok",tool_006,gen_shutdown
can you shutdown the pc when you get a chance,tool_006,gen_shutdown
"real quick, shutdown this machine for a second",tool_006,gen_shutdown
"yo, switch off the pc thanks",tool_006,gen_shutdown
"alright, turn off my computer thanks",tool_006,gen_shutdown
can you can you power off the computer asap,tool_006,gen_shutdown
"before i forget, i want to shut down my computer?",tool_006,gen_shutdown
"one more thing, please power off my system please",tool_006,gen_shutdown
"before i forget, switch off the pc if you can",tool_006,gen_shutdown
turn off the machine,tool_006,gen_shutdown
"hey claude, please shut down the pc for me",tool_006,gen_shutdown
"hmm, i want to shut down my computer when you get a chance",tool_006,gen_shutdown
"hmm, please shut down the pc when you get a chance",tool_006,gen_shutdown
"hmm, please power off my system thanks a lot",tool_006,gen_shutdown
"could you i'm done, shut down the computer for a second",tool_006,gen_shutdown
shut everything down real quick,tool_006,gen_shutdown
"hmm, power down my pc thanks",tool_006,gen_shutdown
"before i forget, turn off this pc right now",tool_006,gen_shutdown
"before i forget, power down my pc if you can",tool_006,gen_shutdown
"i was wondering, switch off the pc",tool_006,gen_shutdown
"hmm, can you shut down my computer thanks a lot",tool_006,gen_shutdown
"hey claude, shut down the system for me?",tool_006,gen_shutdown
"one more thing, i need to shut down my computer when you get a chance",tool_006,gen_shutdown
"hmm, turn off my computer?",tool_006,gen_shutdown
"yo, turn off this pc now",tool_006,gen_shutdown
could you power off please for me,tool_006,gen_shutdown
please shutdown the pc real quick,tool_006,gen_shutdown
"please i'm done, shut down the computer now",tool_006,gen_shutdown
"one more thing, shut down my computer thanks",tool_006,gen_shutdown
"before i forget, can you power off the computer thanks",tool_006,gen_shutdown
"i was wondering, can you shut down my computer?",tool_006,gen_shutdown
"hey, can you turn off my computer",tool_006,gen_shutdown
can you shut down my computer for me,tool_006,gen_shutdown
please shut down my computer for me,tool_006,gen_shutdown
"one more thing, shutdown the pc if that's ok",tool_006,gen_shutdown
can you turn off the machine when you get a chance,tool_006,gen_shutdown
"hmm, please shut down the pc for me",tool_006,gen_shutdown
"could you i'm done, shut down the computer please",tool_006,gen_shutdown
can you please power off my system thanks,tool_006,gen_shutdown
"hey, i need to shut down my computer asap",tool_006,gen_shutdown
"so, switch off the pc real quick",tool_006,gen_shutdown
"real quick, please shut down the pc if you can",tool_006,gen_shutdown
"so, shut down now thanks a lot",tool_006,gen_shutdown
"assistant, turn off this pc thanks a lot",tool_006,gen_shutdown
can you turn my computer off please,tool_006,gen_shutdown
"assistant, please shut down the pc for a second",tool_006,gen_shutdown
"real quick, power off the system",tool_006,gen_shutdown
"i was wondering, turn my computer off thanks a lot",tool_006,gen_shutdown
"before i forget, shut down my computer when you get a chance",tool_006,gen_shutdown
"real quick, i want to shut down my computer thanks",tool_006,gen_shutdown
"real quick, power off please now",tool_006,gen_shutdown
could you shut down my computer,tool_006,gen_shutdown
please can you turn off my computer asap,tool_006,gen_shutdown
"yo, i want to shut down my computer right now",tool_006,gen_shutdown
"hmm, shut everything down for me",tool_006,gen_shutdown
"hmm, turn the pc off if that's ok",tool_006,gen_shutdown
"alright, please power off my system for a second",tool_006,gen_shutdown
"hmm, turn off my computer if you can",tool_006,gen_shutdown
"please i'm done, shut down the computer?",tool_006,gen_shutdown
"real quick, initiate shutdown real quick",tool_006,gen_shutdown
could you please shut down the pc now,tool_006,gen_shutdown
"so, shut down now if that's ok",tool_006,gen_shutdown
"i was wondering, can you shut down my computer when you get a chance",tool_006,gen_shutdown
quick question - turn off my computer,tool_006,gen_shutdown
please power down my pc right now,tool_006,gen_shutdown
"yo, can you power off the computer",tool_006,gen_shutdown
"hey claude, turn off the machine if you can",tool_006,gen_shutdown
"real quick, shut down my computer thanks a lot",tool_006,gen_shutdown
"assistant, turn off the machine thanks a lot",tool_006,gen_shutdown
please power off please if you can,tool_006,gen_shutdown
"hey, power down my pc real quick",tool_006,gen_shutdown
"yo, shutdown this machine if that's ok",tool_006,gen_shutdown
"hey claude, shutdown the pc when you have a moment",tool_006,gen_shutdown
"hey, shut the computer down when you get a chance",tool_006,gen_shutdown
can you turn off my computer when you have a moment,tool_006,gen_shutdown
"so, i want to shut down my computer?",tool_006,gen_shutdown
"yo, shutdown this machine when you get a chance",tool_006,gen_shutdown
"one more thing, initiate shutdown thanks",tool_006,gen_shutdown
please turn off my computer for a second,tool_006,gen_shutdown
"yo, power down my pc asap",tool_006,gen_shutdown
"hey, turn the pc off now",tool_006,gen_shutdown
"yo, can you power off the computer for a second",tool_006,gen_shutdown
"before i forget, please shut down the pc now",tool_006,gen_shutdown
"before i forget, initiate shutdown please",tool_006,gen_shutdown
"i was wondering, initiate shutdown if that's ok",tool_006,gen_shutdown
"assistant, shutdown this machine?",tool_006,gen_shutdown
"assistant, can you shut down my computer if that's ok",tool_006,gen_shutdown
"real quick, turn off the machine thanks a lot",tool_006,gen_shutdown
"hmm, turn off my computer",tool_006,gen_shutdown
"so, initiate shutdown if that's ok",tool_006,gen_shutdown
"hey claude, power down my pc thanks a lot",tool_006,gen_shutdown
"one more thing, i'm done, shut down the computer when you have a moment",tool_006,gen_shutdown
"one more thing, can you shut down my computer when you get a chance",tool_006,gen_shutdown
"i was wondering, can you shut down my computer now",tool_006,gen_shutdown
"i was wondering, shutdown the pc please",tool_006,gen_shutdown
could you shut the computer down right now,tool_006,gen_shutdown
"one more thing, shut everything down",tool_006,gen_shutdown
"i was wondering, i'm done, shut down the computer thanks a lot",tool_006,gen_shutdown
"hey, please shut down the pc right now",tool_006,gen_shutdown
quick question - power down my pc?,tool_006,gen_shutdown
"assistant, shut down my computer right now",tool_006,gen_shutdown
"i was wondering, shut down the system for me for a second",tool_006,gen_shutdown
"i was wondering, i want to shut down my computer thanks a lot",tool_006,gen_shutdown
please power off my system asap,tool_006,gen_shutdown
"one more thing, shut down now right now",tool_006,gen_shutdown
quick question - turn off this pc if that's ok,tool_006,gen_shutdown
"yo, shut the computer down asap",tool_006,gen_shutdown
turn the pc off right now,tool_006,gen_shutdown
"assistant, can you power off the computer if that's ok",tool_006,gen_shutdown
"before i forget, shut the computer down if you can",tool_006,gen_shutdown
"alright, shut down my computer thanks a lot",tool_006,gen_shutdown
"hmm, turn the pc off thanks a lot",tool_006,gen_shutdown
please shut down my computer thanks,tool_006,gen_shutdown
"alright, i need to shut down my computer when you have a moment",tool_006,gen_shutdown
"before i forget, power off please if you can",tool_006,gen_shutdown
could you power off the system when you have a moment,tool_006,gen_shutdown
"hey, turn off this pc?",tool_006,gen_shutdown
could you shut the computer down when you have a moment,tool_006,gen_shutdown
"hmm, can you shut down my computer when you get a chance",tool_006,gen_shutdown
"real quick, shut down now if that's ok",tool_006,gen_shutdown
"yo, power down my pc?",tool_006,gen_shutdown
"i was wondering, turn the pc off thanks",tool_006,gen_shutdown
please shut down now for me,tool_006,gen_shutdown
"alright, shut down now now",tool_006,gen_shutdown
"real quick, shut everything down?",tool_006,gen_shutdown
"yo, can you shut down my computer if that's ok",tool_006,gen_shutdown
"real quick, initiate shutdown for a second",tool_006,gen_shutdown
"hmm, power off the system asap",tool_006,gen_shutdown
can you shut down my computer please,tool_006,gen_shutdown
"one more thing, turn off the machine if that's ok",tool_006,gen_shutdown
could you turn off my computer thanks,tool_006,gen_shutdown
please power down my pc,tool_006,gen_shutdown
"hey, power off please if you can",tool_006,gen_shutdown
"before i forget, can you shut down my computer thanks",tool_006,gen_shutdown
"real quick, initiate shutdown thanks a lot",tool_006,gen_shutdown
could you initiate shutdown right now,tool_006,gen_shutdown
"hey, please shut down the pc for me",tool_006,gen_shutdown
can you shut down the system for me for me,tool_006,gen_shutdown
please power off please thanks a lot,tool_006,gen_shutdown
"hey claude, i'm done, shut down the computer for a second",tool_006,gen_shutdown
please shut down the system for me when you have a moment,tool_006,gen_shutdown
"so, please power off my system if that's ok",tool_006,gen_shutdown
"i was wondering, shut the computer down when you have a moment",tool_006,gen_shutdown
"hmm, turn off my computer please",tool_006,gen_shutdown
"real quick, shut the computer down if that's ok",tool_006,gen_shutdown
shut down now when you have a moment,tool_006,gen_shutdown
can you can you power off the computer right now,tool_006,gen_shutdown
"alright, power off please thanks",tool_006,gen_shutdown
quick question - can you power off the computer please,tool_006,gen_shutdown
can you please shut down the pc thanks,tool_006,gen_shutdown
could you shutdown this machine asap,tool_006,gen_shutdown
"before i forget, shut down now thanks a lot",tool_006,gen_shutdown
quick question - shutdown this machine please,tool_006,gen_shutdown
"yo, can you power off the computer when you have a moment",tool_006,gen_shutdown
"yo, power off the system right now",tool_006,gen_shutdown
"one more thing, switch off the pc when you get a chance",tool_006,gen_shutdown
could you power off the system thanks,tool_006,gen_shutdown
"one more thing, shut the computer down for a second",tool_006,gen_shutdown
could you turn the pc off,tool_006,gen_shutdown
please can you shut down my computer if you can,tool_006,gen_shutdown
"hey, please power off my system if that's ok",tool_006,gen_shutdown
please please shut down the pc,tool_006,gen_shutdown
"real quick, shut down my computer when you have a moment",tool_006,gen_shutdown
can you shut down my computer when you have a moment,tool_006,gen_shutdown
"yo, switch off the pc when you have a moment",tool_006,gen_shutdown
"one more thing, shutdown this machine for me",tool_006,gen_shutdown
"before i forget, shut down my computer when you have a moment",tool_006,gen_shutdown
"real quick, turn my computer off now",tool_006,gen_shutdown
"hey, initiate shutdown please",tool_006,gen_shutdown
shut down the system for me if you can,tool_006,gen_shutdown
please turn off this pc asap,tool_006,gen_shutdown
"one more thing, turn the pc off when you get a chance",tool_006,gen_shutdown
"assistant, shut down now please",tool_006,gen_shutdown
can you shut down now right now,tool_006,gen_shutdown
"hmm, shutdown the pc now",tool_006,gen_shutdown
please shut down the pc right now,tool_006,gen_shutdown
"one more thing, power down my pc asap",tool_006,gen_shutdown
please turn off the machine if that's ok,tool_006,gen_shutdown
can you i need to shut down my computer when you have a moment,tool_006,gen_shutdown
"real quick, shut down my computer if you can",tool_006,gen_shutdown
quick question - can you shut down my computer thanks a lot,tool_006,gen_shutdown
quick question - shut everything down real quick,tool_006,gen_shutdown
"alright, can you shut down my computer when you have a moment",tool_006,gen_shutdown
"before i forget, shutdown this machine if you can",tool_006,gen_shutdown
"alright, turn off the machine when you get a chance",tool_006,gen_shutdown
"i was wondering, shutdown the pc when you have a moment",tool_006,gen_shutdown
can you i need to shut down my computer thanks a lot,tool_006,gen_shutdown
"alright, turn the pc off real quick",tool_006,gen_shutdown
"i was wondering, can you turn off my computer for a second",tool_006,gen_shutdown
"yo, shutdown the pc asap",tool_006,gen_shutdown
"hey claude, shutdown the pc now",tool_006,gen_shutdown
"real quick, shutdown the pc asap",tool_006,gen_shutdown
could you shutdown this machine,tool_006,gen_shutdown
"hey claude, i need to shut down my computer when you have a moment",tool_006,gen_shutdown
"hey, turn off the machine please",tool_006,gen_shutdown
could you shut down my computer now,tool_006,gen_shutdown
please can you turn off my computer right now,tool_006,gen_shutdown
"hmm, please shut down the pc please",tool_006,gen_shutdown
please shut the computer down now,tool_006,gen_shutdown
quick question - switch off the pc when you get a chance,tool_006,gen_shutdown
"hey, shutdown the pc now",tool_006,gen_shutdown
"so, switch off the pc when you have a moment",tool_006,gen_shutdown
"assistant, i'm done, shut down the computer please",tool_006,gen_shutdown
"so, please power off my system?",tool_006,gen_shutdown
"one more thing, shutdown this machine for a second",tool_006,gen_shutdown
"hmm, shutdown the pc please",tool_006,gen_shutdown
"i was wondering, shut down my computer when you have a moment",tool_006,gen_shutdown
"hmm, shut down my computer asap",tool_006,gen_shutdown
could you shutdown this machine for me,tool_006,gen_shutdown
"assistant, power off please",tool_006,gen_shutdown
"hey claude, switch off the pc please",tool_006,gen_shutdown
"hey, shut down the system for me now",tool_006,gen_shutdown
"hmm, shut down my computer thanks",tool_006,gen_shutdown
"hey claude, shutdown this machine when you get a chance",tool_006,gen_shutdown
"alright, switch off the pc now",tool_006,gen_shutdown
"alright, can you power off the computer asap",tool_006,gen_shutdown
"i was wondering, shut everything down asap",tool_006,gen_shutdown
"hmm, shutdown the pc if that's ok",tool_006,gen_shutdown
"hmm, i'm done, shut down the computer thanks",tool_006,gen_shutdown
"before i forget, turn my computer off asap",tool_006,gen_shutdown
"hey claude, can you turn off my computer when you have a moment",tool_006,gen_shutdown
"assistant, shutdown the pc for a second",tool_006,gen_shutdown
"i was wondering, can you turn off my computer thanks",tool_006,gen_shutdown
"alright, can you turn off my computer real quick",tool_006,gen_shutdown
"assistant, initiate shutdown for me",tool_006,gen_shutdown
"so, turn my computer off if that's ok",tool_006,gen_shutdown
"one more thing, shutdown the pc asap",tool_006,gen_shutdown
shut down my computer for a second,tool_006,gen_shutdown
"before i forget, initiate shutdown for me",tool_006,gen_shutdown
quick question - can you turn off my computer when you have a moment,tool_006,gen_shutdown
"real quick, can you power off the computer now",tool_006,gen_shutdown
switch off the pc for a second,tool_006,gen_shutdown
can you can you power off the computer please,tool_006,gen_shutdown
"so, switch off the pc now",tool_006,gen_shutdown
"assistant, shut everything down now",tool_006,gen_shutdown
please turn the pc off real quick,tool_006,gen_shutdown
"hmm, turn off my computer right now",tool_006,gen_shutdown
"hey claude, shut everything down real quick",tool_006,gen_shutdown
"hmm, can you shut down my computer please",tool_006,gen_shutdown
"assistant, switch off the pc thanks",tool_006,gen_shutdown
"hey claude, turn off the machine asap",tool_006,gen_shutdown
shutdown the pc thanks,tool_006,gen_shutdown
quick question - i want to shut down my computer when you have a moment,tool_006,gen_shutdown
"real quick, please power off my system thanks",tool_006,gen_shutdown
"so, i want to shut down my computer",tool_006,gen_shutdown
"before i forget, switch off the pc when you have a moment",tool_006,gen_shutdown
"hey, shut the computer down for a second",tool_006,gen_shutdown
can you turn off my computer if you can,tool_006,gen_shutdown
"real quick, please shut down the pc if that's ok",tool_006,gen_shutdown
"assistant, turn the pc off",tool_006,gen_shutdown
"quick question - i'm done, shut down the computer if that's ok",tool_006,gen_shutdown
"hmm, shut the computer down",tool_006,gen_shutdown
please shut down my computer please,tool_006,gen_shutdown
power off please thanks,tool_006,gen_shutdown
"hey claude, shut down now",tool_006,gen_shutdown
"hey claude, can you power off the computer thanks",tool_006,gen_shutdown
"real quick, shut down the system for me if that's ok",tool_006,gen_shutdown
quick question - turn off this pc thanks a lot,tool_006,gen_shutdown
"one more thing, turn off this pc for a second",tool_006,gen_shutdown
"alright, i want to shut down my computer for me",tool_006,gen_shutdown
could you shutdown this machine right now,tool_006,gen_shutdown
"assistant, please power off my system?",tool_006,gen_shutdown
"hey, please power off my system?",tool_006,gen_shutdown
"real quick, shut down my computer for a second",tool_006,gen_shutdown
"hmm, can you power off the computer when you get a chance",tool_006,gen_shutdown
"hey, i'm done, shut down the computer please",tool_006,gen_shutdown
"so, turn off this pc for a second",tool_006,gen_shutdown
please shutdown this machine,tool_006,gen_shutdown
could you power off please,tool_006,gen_shutdown
"i was wondering, shut down my computer real quick",tool_006,gen_shutdown
"yo, initiate shutdown asap",tool_006,gen_shutdown
can you shut down my computer thanks a lot,tool_006,gen_shutdown
"real quick, switch off the pc?",tool_006,gen_shutdown
can you shut down the system for me asap,tool_006,gen_shutdown
"one more thing, initiate shutdown when you get a chance",tool_006,gen_shutdown
"alright, shut down now if you can",tool_006,gen_shutdown
"hey, power down my pc now",tool_006,gen_shutdown
"real quick, power off please real quick",tool_006,gen_shutdown
"assistant, please power off my system when you get a chance",tool_006,gen_shutdown
"one more thing, please shut down the pc",tool_006,gen_shutdown
"hmm, shut down my computer now",tool_006,gen_shutdown
"assistant, turn off my computer for me",tool_006,gen_shutdown
"yo, initiate shutdown",tool_006,gen_shutdown
could you shut everything down thanks a lot,tool_006,gen_shutdown
"assistant, please power off my system right now",tool_006,gen_shutdown
can you can you power off the computer when you have a moment,tool_006,gen_shutdown
"assistant, shut down the system for me now",tool_006,gen_shutdown
"one more thing, please shut down the pc for me",tool_006,gen_shutdown
quick question - switch off the pc thanks a lot,tool_006,gen_shutdown
power off the system thanks,tool_006,gen_shutdown
could you power off please now,tool_006,gen_shutdown
"yo, can you shut down my computer thanks",tool_006,gen_shutdown
please shut down the system for me real quick,tool_006,gen_shutdown
"hey claude, turn off the machine when you have a moment",tool_006,gen_shutdown
"so, turn off this pc?",tool_006,gen_shutdown
quick question - please power off my system thanks,tool_006,gen_shutdown
please can you shut down my computer thanks a lot,tool_006,gen_shutdown
"hmm, i want to shut down my computer real quick",tool_006,gen_shutdown
please turn off this pc now,tool_006,gen_shutdown
"alright, shut down now right now",tool_006,gen_shutdown
please can you shut down my computer real quick,tool_006,gen_shutdown
"assistant, please power off my system if that's ok",tool_006,gen_shutdown
"hey, can you power off the computer thanks a lot",tool_006,gen_shutdown
"hey, shutdown this machine when you have a moment",tool_006,gen_shutdown
"hey claude, i want to shut down my computer real quick",tool_006,gen_shutdown
turn my computer off asap,tool_006,gen_shutdown
"yo, turn off the machine now",tool_006,gen_shutdown
"hey claude, shutdown this machine for a second",tool_006,gen_shutdown
"i was wondering, turn off the machine",tool_006,gen_shutdown
please please shut down the pc please,tool_006,gen_shutdown
"hmm, shutdown the pc thanks",tool_006,gen_shutdown
"one more thing, can you power off the computer real quick",tool_006,gen_shutdown
"real quick, shut the computer down thanks",tool_006,gen_shutdown
i want to shut down my computer asap,tool_006,gen_shutdown
"so, power off please when you have a moment",tool_006,gen_shutdown
could you turn off the machine for a second,tool_006,gen_shutdown
"before i forget, shutdown this machine when you get a chance",tool_006,gen_shutdown
"so, shut everything down?",tool_006,gen_shutdown
"so, switch off the pc for a second",tool_006,gen_shutdown
initiate shutdown real quick,tool_006,gen_shutdown
"hmm, turn off my computer real quick",tool_006,gen_shutdown
"before i forget, shut down the system for me now",tool_006,gen_shutdown
"yo, i want to shut down my computer if you can",tool_006,gen_shutdown
"one more thing, power off please if that's ok",tool_006,gen_shutdown
"one more thing, turn my computer off right now",tool_006,gen_shutdown
"so, switch off the pc thanks a lot",tool_006,gen_shutdown
"so, i'm done, shut down the computer when you get a chance",tool_006,gen_shutdown
"one more thing, shut the computer down when you get a chance",tool_006,gen_shutdown
please shut down now thanks a lot,tool_006,gen_shutdown
"alright, switch off the pc real quick",tool_006,gen_shutdown
quick question - turn off this pc asap,tool_006,gen_shutdown
"i was wondering, i need to shut down my computer real quick",tool_006,gen_shutdown
"one more thing, turn the pc off right now",tool_006,gen_shutdown
"before i forget, shut the computer down now",tool_006,gen_shutdown
"assistant, initiate shutdown thanks a lot",tool_006,gen_shutdown
"assistant, i need to shut down my computer when you have a moment",tool_006,gen_shutdown
please shut down my computer now,tool_006,gen_shutdown
"alright, initiate shutdown thanks a lot",tool_006,gen_shutdown
"real quick, can you power off the computer right now",tool_006,gen_shutdown
"hey, shut everything down now",tool_006,gen_shutdown
"hey claude, shut everything down please",tool_006,gen_shutdown
"real quick, initiate shutdown when you get a chance",tool_006,gen_shutdown
could you turn off the machine thanks,tool_006,gen_shutdown
"quick question - i'm done, shut down the computer for a second",tool_006,gen_shutdown
can you please shut down the pc for a second,tool_006,gen_shutdown
"one more thing, shut down the system for me asap",tool_006,gen_shutdown
"real quick, shutdown this machine real quick",tool_006,gen_shutdown
"hey claude, shutdown this machine if you can",tool_006,gen_shutdown
"alright, shut the computer down if you can",tool_006,gen_shutdown
please power off please asap,tool_006,gen_shutdown
"hey, power off please right now",tool_006,gen_shutdown
"before i forget, turn off this pc for a second",tool_006,gen_shutdown
could you turn my computer off please,tool_006,gen_shutdown
could you turn my computer off,tool_006,gen_shutdown
i need to shut down my computer,tool_006,gen_shutdown
"so, turn the pc off when you get a chance",tool_006,gen_shutdown
could you turn off my computer right now,tool_006,gen_shutdown
"alright, turn off this pc please",tool_006,gen_shutdown
"yo, shut everything down for me",tool_006,gen_shutdown
quick question - please shut down the pc now,tool_006,gen_shutdown
"so, can you power off the computer thanks a lot",tool_006,gen_shutdown
i need to shut down my computer for me,tool_006,gen_shutdown
"hey claude, shut the computer down?",tool_006,gen_shutdown
"real quick, shutdown the pc right now",tool_006,gen_shutdown
can you please power off my system asap,tool_006,gen_shutdown
"alright, switch off the pc for me",tool_006,gen_shutdown
quick question - power off please real quick,tool_006,gen_shutdown
"hey claude, power down my pc when you get a chance",tool_006,gen_shutdown
please shut the computer down real quick,tool_006,gen_shutdown
can you i need to shut down my computer asap,tool_006,gen_shutdown
"quick question - i'm done, shut down the computer thanks a lot",tool_006,gen_shutdown
"i was wondering, can you turn off my computer when you get a chance",tool_006,gen_shutdown
"hey, power off please for a second",tool_006,gen_shutdown
"yo, turn off this pc?",tool_006,gen_shutdown
"yo, turn the pc off for a second",tool_006,gen_shutdown
"yo, can you power off the computer now",tool_006,gen_shutdown
can you switch off the pc real quick,tool_006,gen_shutdown
"yo, turn off my computer thanks a lot",tool_006,gen_shutdown
could you power off the system please,tool_006,gen_shutdown
please please shut down the pc for me,tool_006,gen_shutdown
"hmm, turn off this pc right now",tool_006,gen_shutdown
please can you shut down my computer for me,tool_006,gen_shutdown
"hmm, shut the computer down when you get a chance",tool_006,gen_shutdown
"before i forget, turn off this pc now",tool_006,gen_shutdown
"alright, can you power off the computer",tool_006,gen_shutdown
"so, turn the pc off?",tool_006,gen_shutdown
"hey claude, turn off the machine right now",tool_006,gen_shutdown
"hmm, shut down the system for me asap",tool_006,gen_shutdown
"hmm, turn my computer off if you can",tool_006,gen_shutdown
please please shut down the pc when you have a moment,tool_006,gen_shutdown
please turn off this pc thanks a lot,tool_006,gen_shutdown
"hmm, turn the pc off right now",tool_006,gen_shutdown
"real quick, initiate shutdown now",tool_006,gen_shutdown
"yo, switch off the pc real quick",tool_006,gen_shutdown
"hey, please power off my system",tool_006,gen_shutdown
"i was wondering, i want to shut down my computer for me",tool_006,gen_shutdown
"yo, shut down now",tool_006,gen_shutdown
"i was wondering, can you power off the computer thanks",tool_006,gen_shutdown
quick question - initiate shutdown when you have a moment,tool_006,gen_shutdown
"assistant, turn off this pc thanks",tool_006,gen_shutdown
quick question - i need to shut down my computer,tool_006,gen_shutdown
could you turn the pc off real quick,tool_006,gen_shutdown
"one more thing, please power off my system thanks",tool_006,gen_shutdown
could you please shut down the pc if you can,tool_006,gen_shutdown
"hey, shut the computer down",tool_006,gen_shutdown
"before i forget, switch off the pc thanks a lot",tool_006,gen_shutdown
please shutdown this machine if that's ok,tool_006,gen_shutdown
"alright, shut everything down",tool_006,gen_shutdown
"one more thing, turn the pc off please",tool_006,gen_shutdown
"hey claude, switch off the pc?",tool_006,gen_shutdown
"so, shut down my computer thanks a lot",tool_006,gen_shutdown
"hmm, i want to shut down my computer please",tool_006,gen_shutdown
"hmm, shutdown the pc for me",tool_006,gen_shutdown
"before i forget, turn off the machine real quick",tool_006,gen_shutdown
"so, power down my pc please",tool_006,gen_shutdown
could you please shut down the pc when you have a moment,tool_006,gen_shutdown
quick question - i want to shut down my computer,tool_006,gen_shutdown
could you power off please if that's ok,tool_006,gen_shutdown
please shut down the pc when you have a moment,tool_006,gen_shutdown
"i was wondering, power off the system for me",tool_006,gen_shutdown
"before i forget, i want to shut down my computer if you can",tool_006,gen_shutdown
can you shut down the system for me,tool_006,gen_shutdown
"so, power off the system thanks a lot",tool_006,gen_shutdown
could you can you shut down my computer for a second,tool_006,gen_shutdown
please can you shut down my computer when you get a chance,tool_006,gen_shutdown
"hey claude, initiate shutdown if you can",tool_006,gen_shutdown
"hey, shutdown this machine for a second",tool_006,gen_shutdown
quick question - shutdown the pc if you can,tool_006,gen_shutdown
"one more thing, turn off this pc if you can",tool_006,gen_shutdown
"yo, i'm done, shut down the computer for a second",tool_006,gen_shutdown
could you switch off the pc for me,tool_006,gen_shutdown
"alright, switch off the pc?",tool_006,gen_shutdown
"yo, i'm done, shut down the computer for me",tool_006,gen_shutdown
quick question - shut the computer down thanks a lot,tool_006,gen_shutdown
please turn the pc off,tool_006,gen_shutdown
"i was wondering, turn off my computer real quick",tool_006,gen_shutdown
"one more thing, shut everything down when you have a moment",tool_006,gen_shutdown
"yo, turn off the machine when you get a chance",tool_006,gen_shutdown
can you shut the computer down asap,tool_006,gen_shutdown
"yo, please shut down the pc if that's ok",tool_006,gen_shutdown
please power off please,tool_006,gen_shutdown
"before i forget, turn off my computer when you have a moment",tool_006,gen_shutdown
"hey claude, i need to shut down my computer thanks",tool_006,gen_shutdown
"yo, shut down my computer for a second",tool_006,gen_shutdown
"so, i'm done, shut down the computer right now",tool_006,gen_shutdown
"one more thing, shut down the system for me when you get a chance",tool_006,gen_shutdown
"please i'm done, shut down the computer when you have a moment",tool_006,gen_shutdown
"hey, power off please thanks a lot",tool_006,gen_shutdown
"one more thing, shutdown the pc when you have a moment",tool_006,gen_shutdown
quick question - i need to shut down my computer when you get a chance,tool_006,gen_shutdown
shutdown the pc when you get a chance,tool_006,gen_shutdown
"hey, turn my computer off please",tool_006,gen_shutdown
turn off this pc real quick,tool_006,gen_shutdown
"hmm, i want to shut down my computer for a second",tool_006,gen_shutdown
turn off the machine real quick,tool_006,gen_shutdown
"yo, power off the system for a second",tool_006,gen_shutdown
quick question - shutdown this machine for a second,tool_006,gen_shutdown
quick question - turn off the machine thanks a lot,tool_006,gen_shutdown
quick question - shut the computer down if you can,tool_006,gen_shutdown
could you turn off the machine if you can,tool_006,gen_shutdown
"i was wondering, i want to shut down my computer real quick",tool_006,gen_shutdown
"real quick, shutdown this machine if that's ok",tool_006,gen_shutdown
"yo, turn the pc off asap",tool_006,gen_shutdown
please power off the system?,tool_006,gen_shutdown
"i was wondering, i need to shut down my computer if that's ok",tool_006,gen_shutdown
"assistant, turn my computer off thanks",tool_006,gen_shutdown
could you switch off the pc,tool_006,gen_shutdown
"assistant, shut down the system for me for a second",tool_006,gen_shutdown
can you power off the computer thanks,tool_006,gen_shutdown
"hey claude, shutdown this machine thanks",tool_006,gen_shutdown
"before i forget, turn my computer off now",tool_006,gen_shutdown
shut down now for a second,tool_006,gen_shutdown
"real quick, please shut down the pc real quick",tool_006,gen_shutdown
"so, turn off my computer now",tool_006,gen_shutdown
"hey, shut down the system for me asap",tool_006,gen_shutdown
"i was wondering, can you turn off my computer right now",tool_006,gen_shutdown
"i was wondering, shut down the system for me",tool_006,gen_shutdown
"before i forget, turn off my computer now",tool_006,gen_shutdown
could you turn off this pc thanks,tool_006,gen_shutdown
"yo, turn off this pc for a second",tool_006,gen_shutdown
"before i forget, please shut down the pc please",tool_006,gen_shutdown
"assistant, switch off the pc for a second",tool_006,gen_shutdown
"so, initiate shutdown when you have a moment",tool_006,gen_shutdown
could you turn off this pc?,tool_006,gen_shutdown
shut everything down for a second,tool_006,gen_shutdown
could you power down my pc real quick,tool_006,gen_shutdown
"i was wondering, can you turn off my computer asap",tool_006,gen_shutdown
switch off the pc thanks,tool_006,gen_shutdown
"can you i'm done, shut down the computer",tool_006,gen_shutdown
"before i forget, power off the system",tool_006,gen_shutdown
"hey, shutdown this machine thanks a lot",tool_006,gen_shutdown
"so, turn off my computer when you have a moment",tool_006,gen_shutdown
can you power off please right now,tool_006,gen_shutdown
"yo, shut everything down",tool_006,gen_shutdown
quick question - turn off my computer if you can,tool_006,gen_shutdown
"before i forget, power off please thanks a lot",tool_006,gen_shutdown
"hey claude, please power off my system for me",tool_006,gen_shutdown
"alright, turn my computer off if you can",tool_006,gen_shutdown
shutdown this machine thanks,tool_006,gen_shutdown
"hey claude, power off the system",tool_006,gen_shutdown
please shutdown the pc now,tool_006,gen_shutdown
quick question - shut down now if that's ok,tool_006,gen_shutdown
"alright, shut everything down for a second",tool_006,gen_shutdown
please switch off the pc now,tool_006,gen_shutdown
please power off the system please,tool_006,gen_shutdown
please i need to shut down my computer,tool_006,gen_shutdown
can you i need to shut down my computer thanks,tool_006,gen_shutdown
"assistant, i'm done, shut down the computer for a second",tool_006,gen_shutdown
could you shut down my computer for a second,tool_006,gen_shutdown
can you can you power off the computer thanks,tool_006,gen_shutdown
"one more thing, switch off the pc please",tool_006,gen_shutdown
shut down my computer please,tool_006,gen_shutdown
can you shut down my computer if that's ok,tool_006,gen_shutdown
"hey, initiate shutdown asap",tool_006,gen_shutdown
"assistant, can you turn off my computer?",tool_006,gen_shutdown
"before i forget, turn off my computer right now",tool_006,gen_shutdown
"hey, power down my pc when you have a moment",tool_006,gen_shutdown
"hey claude, initiate shutdown asap",tool_006,gen_shutdown
"hmm, can you turn off my computer thanks",tool_006,gen_shutdown
"assistant, power off please please",tool_006,gen_shutdown
"one more thing, turn off my computer",tool_006,gen_shutdown
"so, can you shut down my computer if you can",tool_006,gen_shutdown
"one more thing, switch off the pc thanks a lot",tool_006,gen_shutdown
can you please shut down the pc real quick,tool_006,gen_shutdown
"real quick, turn off this pc?",tool_006,gen_shutdown
"before i forget, initiate shutdown when you have a moment",tool_006,gen_shutdown
quick question - shut down my computer,tool_006,gen_shutdown
can you turn off my computer right now,tool_006,gen_shutdown
please turn my computer off thanks,tool_006,gen_shutdown
"hey claude, shut the computer down",tool_006,gen_shutdown
"i was wondering, power off the system thanks a lot",tool_006,gen_shutdown
could you i need to shut down my computer if that's ok,tool_006,gen_shutdown
please can you power off the computer?,tool_006,gen_shutdown
"one more thing, turn off this pc if that's ok",tool_006,gen_shutdown
could you shut down my computer when you have a moment,tool_006,gen_shutdown
please power off the system for me,tool_006,gen_shutdown
"alright, can you power off the computer when you have a moment",tool_006,gen_shutdown
"before i forget, turn my computer off right now",tool_006,gen_shutdown
can you switch off the pc thanks,tool_006,gen_shutdown
"yo, turn the pc off please",tool_006,gen_shutdown
"i was wondering, shut the computer down now",tool_006,gen_shutdown
quick question - turn off my computer if that's ok,tool_006,gen_shutdown
can you power off please when you have a moment,tool_006,gen_shutdown
could you power off the system if you can,tool_006,gen_shutdown
"alright, i'm done, shut down the computer real quick",tool_006,gen_shutdown
shutdown this machine thanks a lot,tool_006,gen_shutdown
"so, can you shut down my computer when you have a moment",tool_006,gen_shutdown
quick question - initiate shutdown now,tool_006,gen_shutdown
"hmm, shut down the system for me?",tool_006,gen_shutdown
"yo, i'm done, shut down the computer if you can",tool_006,gen_shutdown
can you can you shut down my computer for me,tool_006,gen_shutdown
"so, power off the system when you get a chance",tool_006,gen_shutdown
can you turn my computer off now,tool_006,gen_shutdown
quick question - shut everything down if that's ok,tool_006,gen_shutdown
power off the system,tool_006,gen_shutdown
"before i forget, shutdown the pc if that's ok",tool_006,gen_shutdown
"hey, shutdown the pc right now",tool_006,gen_shutdown
"one more thing, please shut down the pc real quick",tool_006,gen_shutdown
"alright, please power off my system thanks a lot",tool_006,gen_shutdown
"alright, power off the system right now",tool_006,gen_shutdown
"real quick, shut down the system for me when you have a moment",tool_006,gen_shutdown
"before i forget, shutdown this machine for a second",tool_006,gen_shutdown
"one more thing, i want to shut down my computer if you can",tool_006,gen_shutdown
"yo, shut down the system for me",tool_006,gen_shutdown
"real quick, please shut down the pc when you have a moment",tool_006,gen_shutdown
"real quick, turn off this pc if that's ok",tool_006,gen_shutdown
"assistant, i need to shut down my computer real quick",tool_006,gen_shutdown
"yo, please shut down the pc please",tool_006,gen_shutdown
"real quick, shutdown the pc when you get a chance",tool_006,gen_shutdown
could you shut the computer down please,tool_006,gen_shutdown
quick question - can you power off the computer,tool_006,gen_shutdown
"before i forget, power down my pc if that's ok",tool_006,gen_shutdown
"hey, please power off my system for a second",tool_006,gen_shutdown
"one more thing, shutdown this machine",tool_006,gen_shutdown
"i was wondering, switch off the pc right now",tool_006,gen_shutdown
"hey, shut down now thanks",tool_006,gen_shutdown
"hey, shut down my computer thanks",tool_006,gen_shutdown
"real quick, turn my computer off thanks",tool_006,gen_shutdown
quick question - turn off this pc please,tool_006,gen_shutdown
"one more thing, please shut down the pc when you have a moment",tool_006,gen_shutdown
please can you power off the computer now,tool_006,gen_shutdown
can you please power off my system for a second,tool_006,gen_shutdown
"so, switch off the pc",tool_006,gen_shutdown
quick question - shut everything down asap,tool_006,gen_shutdown
"so, power off please for a second",tool_006,gen_shutdown
please shut everything down when you have a moment,tool_006,gen_shutdown
"real quick, power down my pc now",tool_006,gen_shutdown
"hey claude, turn off my computer asap",tool_006,gen_shutdown
"so, can you shut down my computer for a second",tool_006,gen_shutdown
"hey, turn off the machine when you have a moment",tool_006,gen_shutdown
"hey, switch off the pc if that's ok",tool_006,gen_shutdown
"before i forget, shutdown this machine right now",tool_006,gen_shutdown
"assistant, i need to shut down my computer asap",tool_006,gen_shutdown
"real quick, power off please for me",tool_006,gen_shutdown
can you switch off the pc if that's ok,tool_006,gen_shutdown
please shut down the pc if that's ok,tool_006,gen_shutdown
"hmm, turn off this pc thanks",tool_006,gen_shutdown
"assistant, shutdown the pc when you have a moment",tool_006,gen_shutdown
"real quick, can you shut down my computer if that's ok",tool_006,gen_shutdown
turn off this pc thanks a lot,tool_006,gen_shutdown
"alright, power off please?",tool_006,gen_shutdown
"real quick, turn my computer off if you can",tool_006,gen_shutdown
"before i forget, turn off my computer thanks",tool_006,gen_shutdown
"before i forget, please power off my system?",tool_006,gen_shutdown
"alright, shutdown the pc real quick",tool_006,gen_shutdown
"assistant, shut down my computer now",tool_006,gen_shutdown
"alright, turn my computer off",tool_006,gen_shutdown
can you can you shut down my computer,tool_006,gen_shutdown
"real quick, turn off this pc when you have a moment",tool_006,gen_shutdown
shut everything down asap,tool_006,gen_shutdown
please can you turn off my computer real quick,tool_006,gen_shutdown
please power off please real quick,tool_006,gen_shutdown
"one more thing, can you power off the computer if that's ok",tool_006,gen_shutdown
"assistant, initiate shutdown now",tool_006,gen_shutdown
could you turn off the machine real quick,tool_006,gen_shutdown
"one more thing, can you shut down my computer thanks a lot",tool_006,gen_shutdown
"before i forget, power down my pc asap",tool_006,gen_shutdown
"one more thing, can you shut down my computer?",tool_006,gen_shutdown
"hmm, turn off this pc?",tool_006,gen_shutdown
"hmm, please power off my system thanks",tool_006,gen_shutdown
"before i forget, please shut down the pc for me",tool_006,gen_shutdown
"one more thing, power down my pc real quick",tool_006,gen_shutdown
"assistant, switch off the pc for me",tool_006,gen_shutdown
"hey claude, i want to shut down my computer for a second",tool_006,gen_shutdown
"assistant, shutdown the pc thanks a lot",tool_006,gen_shutdown
"one more thing, switch off the pc?",tool_006,gen_shutdown
please turn off the machine right now,tool_006,gen_shutdown
"so, please power off my system for me",tool_006,gen_shutdown
"yo, turn off the machine when you have a moment",tool_006,gen_shutdown
"so, can you turn off my computer asap",tool_006,gen_shutdown
"real quick, please shut down the pc now",tool_006,gen_shutdown
"assistant, can you power off the computer for me",tool_006,gen_shutdown
"alright, turn off my computer if you can",tool_006,gen_shutdown
could you turn off this pc right now,tool_006,gen_shutdown
"hmm, can you power off the computer for a second",tool_006,gen_shutdown
"one more thing, can you turn off my computer right now",tool_006,gen_shutdown
"i was wondering, please power off my system when you get a chance",tool_006,gen_shutdown
"before i forget, can you power off the computer for me",tool_006,gen_shutdown
could you shutdown this machine if that's ok,tool_006,gen_shutdown
"hey claude, turn off this pc thanks",tool_006,gen_shutdown
please switch off the pc?,tool_006,gen_shutdown
can you shutdown this machine now,tool_006,gen_shutdown
"yo, i want to shut down my computer now",tool_006,gen_shutdown
"hey claude, can you turn off my computer real quick",tool_006,gen_shutdown
could you shut down now if that's ok,tool_006,gen_shutdown
"one more thing, turn off my computer please",tool_006,gen_shutdown
"hey, turn my computer off when you get a chance",tool_006,gen_shutdown
"alright, i need to shut down my computer for me",tool_006,gen_shutdown
"before i forget, shutdown this machine thanks a lot",tool_006,gen_shutdown
"before i forget, shut down now now",tool_006,gen_shutdown
"hey, i'm done, shut down the computer when you get a chance",tool_006,gen_shutdown
can you power off please please,tool_006,gen_shutdown
can you shut down the system for me thanks,tool_006,gen_shutdown
please power off the system,tool_006,gen_shutdown
"hey claude, i need to shut down my computer asap",tool_006,gen_shutdown
"hey claude, shut down now?",tool_006,gen_shutdown
"i was wondering, turn off the machine?",tool_006,gen_shutdown
"hey, can you shut down my computer?",tool_006,gen_shutdown
"yo, i'm done, shut down the computer please",tool_006,gen_shutdown
"assistant, turn off this pc right now",tool_006,gen_shutdown
"hmm, turn my computer off please",tool_006,gen_shutdown
"before i forget, i want to shut down my computer thanks",tool_006,gen_shutdown
can you can you turn off my computer?,tool_006,gen_shutdown
could you shutdown this machine please,tool_006,gen_shutdown
"one more thing, shut down now if you can",tool_006,gen_shutdown
"before i forget, i need to shut down my computer now",tool_006,gen_shutdown
shutdown this machine if that's ok,tool_006,gen_shutdown
can you turn off my computer,tool_006,gen_shutdown
"hey claude, initiate shutdown if that's ok",tool_006,gen_shutdown
please shutdown this machine right now,tool_006,gen_shutdown
"hey claude, shut down the system for me if you can",tool_006,gen_shutdown
"one more thing, can you power off the computer thanks a lot",tool_006,gen_shutdown
"hey claude, power off the system?",tool_006,gen_shutdown
quick question - can you power off the computer when you get a chance,tool_006,gen_shutdown
"one more thing, please shut down the pc now",tool_006,gen_shutdown
"one more thing, i'm done, shut down the computer thanks",tool_006,gen_shutdown
"hey, can you power off the computer now",tool_006,gen_shutdown
"before i forget, can you power off the computer asap",tool_006,gen_shutdown
quick question - shut the computer down real quick,tool_006,gen_shutdown
"i was wondering, shutdown this machine for me",tool_006,gen_shutdown
please shut down now if you can,tool_006,gen_shutdown
can you can you shut down my computer right now,tool_006,gen_shutdown
can you i need to shut down my computer for me,tool_006,gen_shutdown
"hey claude, turn off this pc if that's ok",tool_006,gen_shutdown
"i was wondering, i need to shut down my computer when you get a chance",tool_006,gen_shutdown
"yo, shutdown this machine if you can",tool_006,gen_shutdown
"alright, turn the pc off if that's ok",tool_006,gen_shutdown
"alright, initiate shutdown if that's ok",tool_006,gen_shutdown
"yo, switch off the pc if that's ok",tool_006,gen_shutdown
can you power down my pc?,tool_006,gen_shutdown
"quick question - i'm done, shut down the computer thanks",tool_006,gen_shutdown
shut everything down thanks,tool_006,gen_shutdown
"hmm, please shut down the pc when you have a moment",tool_006,gen_shutdown
"before i forget, shutdown this machine now",tool_006,gen_shutdown
"i was wondering, turn my computer off if you can",tool_006,gen_shutdown
"assistant, can you shut down my computer thanks a lot",tool_006,gen_shutdown
"real quick, please power off my system when you have a moment",tool_006,gen_shutdown
turn off the machine if you can,tool_006,gen_shutdown
"hey, shut down the system for me?",tool_006,gen_shutdown
can you shut everything down thanks,tool_006,gen_shutdown
please power down my pc?,tool_006,gen_shutdown
quick question - i need to shut down my computer please,tool_006,gen_shutdown
"alright, turn off the machine for me",tool_006,gen_shutdown
"assistant, turn the pc off for me",tool_006,gen_shutdown
"so, power off the system if you can",tool_006,gen_shutdown
"before i forget, power off the system asap",tool_006,gen_shutdown
"before i forget, turn my computer off please",tool_006,gen_shutdown
can you turn off the machine now,tool_006,gen_shutdown
"hey claude, shut down the system for me when you have a moment",tool_006,gen_shutdown
"assistant, can you power off the computer when you get a chance",tool_006,gen_shutdown
can you turn off the machine please,tool_006,gen_shutdown
"hmm, power off the system please",tool_006,gen_shutdown
"before i forget, shut down the system for me?",tool_006,gen_shutdown
"hey, switch off the pc",tool_006,gen_shutdown
"before i forget, i'm done, shut down the computer thanks",tool_006,gen_shutdown
"hmm, power off please now",tool_006,gen_shutdown
"hey, turn the pc off for me",tool_006,gen_shutdown
quick question - i need to shut down my computer for a second,tool_006,gen_shutdown
"i was wondering, can you power off the computer please",tool_006,gen_shutdown
"hmm, i want to shut down my computer now",tool_006,gen_shutdown
"so, shut the computer down asap",tool_006,gen_shutdown
"alright, power off the system if you can",tool_006,gen_shutdown
"before i forget, please power off my system if you can",tool_006,gen_shutdown
"hey, shut the computer down now",tool_006,gen_shutdown
"real quick, shut down now",tool_006,gen_shutdown
shutdown the pc for a second,tool_006,gen_shutdown
"real quick, turn the pc off thanks",tool_006,gen_shutdown
"hey, can you turn off my computer if that's ok",tool_006,gen_shutdown
"hmm, power off the system for me",tool_006,gen_shutdown
"one more thing, shut down the system for me thanks",tool_006,gen_shutdown
could you please power off my system when you have a moment,tool_006,gen_shutdown
quick question - shut everything down?,tool_006,gen_shutdown
"before i forget, initiate shutdown asap",tool_006,gen_shutdown
"before i forget, shut the computer down asap",tool_006,gen_shutdown
"so, turn off this pc asap",tool_006,gen_shutdown
"before i forget, shutdown the pc?",tool_006,gen_shutdown
can you i want to shut down my computer?,tool_006,gen_shutdown
"i was wondering, shutdown this machine when you have a moment",tool_006,gen_shutdown
"one more thing, shutdown this machine please",tool_006,gen_shutdown
please i want to shut down my computer please,tool_006,gen_shutdown
quick question - shutdown this machine,tool_006,gen_shutdown
"before i forget, shut down my computer for me",tool_006,gen_shutdown
could you please power off my system for a second,tool_006,gen_shutdown
"before i forget, shutdown this machine real quick",tool_006,gen_shutdown
please power down my pc real quick,tool_006,gen_shutdown
"hey claude, shut everything down for a second",tool_006,gen_shutdown
"before i forget, shut down now for me",tool_006,gen_shutdown
"yo, please shut down the pc if you can",tool_006,gen_shutdown
can you shut down my computer,tool_006,gen_shutdown
"hmm, power off please thanks a lot",tool_006,gen_shutdown
"assistant, please power off my system for a second",tool_006,gen_shutdown
"so, i'm done, shut down the computer asap",tool_006,gen_shutdown
can you power off the system,tool_006,gen_shutdown
can you can you shut down my computer real quick,tool_006,gen_shutdown
"one more thing, shut everything down right now",tool_006,gen_shutdown
"before i forget, switch off the pc",tool_006,gen_shutdown
"so, please shut down the pc real quick",tool_006,gen_shutdown
"i was wondering, shut the computer down when you get a chance",tool_006,gen_shutdown
"hey claude, turn the pc off when you have a moment",tool_006,gen_shutdown
"before i forget, shut down the system for me if that's ok",tool_006,gen_shutdown
"hey, turn off my computer",tool_006,gen_shutdown
"hey claude, shut everything down if you can",tool_006,gen_shutdown
"before i forget, please shut down the pc thanks",tool_006,gen_shutdown
"assistant, please shut down the pc for me",tool_006,gen_shutdown
please shut down the pc?,tool_006,gen_shutdown
"yo, shut the computer down right now",tool_006,gen_shutdown
"before i forget, please shut down the pc",tool_006,gen_shutdown
"real quick, power off please when you get a chance",tool_006,gen_shutdown
"real quick, please power off my system asap",tool_006,gen_shutdown
could you please power off my system now,tool_006,gen_shutdown
can you please shut down the pc please,tool_006,gen_shutdown
"hey claude, shut down now if that's ok",tool_006,gen_shutdown
power off please thanks a lot,tool_006,gen_shutdown
"one more thing, can you shut down my computer real quick",tool_006,gen_shutdown
"yo, turn off this pc if that's ok",tool_006,gen_shutdown
"i was wondering, shut down my computer thanks a lot",tool_006,gen_shutdown
can you turn the pc off when you get a chance,tool_006,gen_shutdown
"i was wondering, turn off this pc thanks a lot",tool_006,gen_shutdown
"before i forget, turn the pc off when you have a moment",tool_006,gen_shutdown
"i was wondering, initiate shutdown right now",tool_006,gen_shutdown
"so, can you power off the computer for me",tool_006,gen_shutdown
"yo, shutdown the pc",tool_006,gen_shutdown
"hmm, please shut down the pc if that's ok",tool_006,gen_shutdown
"assistant, i need to shut down my computer right now",tool_006,gen_shutdown
"i was wondering, turn off my computer?",tool_006,gen_shutdown
could you can you power off the computer when you have a moment,tool_006,gen_shutdown
"assistant, shut down the system for me thanks",tool_006,gen_shutdown
"hey, can you power off the computer if that's ok",tool_006,gen_shutdown
"hey, shutdown the pc when you have a moment",tool_006,gen_shutdown
quick question - shut down now?,tool_006,gen_shutdown
i want to shut down my computer thanks a lot,tool_006,gen_shutdown
"one more thing, shut the computer down",tool_006,gen_shutdown
"hey claude, shut down my computer real quick",tool_006,gen_shutdown
can you shut down my computer right now,tool_006,gen_shutdown
"i was wondering, i'm done, shut down the computer if you can",tool_006,gen_shutdown
"one more thing, turn off my computer thanks",tool_006,gen_shutdown
"hey, turn off my computer if that's ok",tool_006,gen_shutdown
"i was wondering, i want to shut down my computer if you can",tool_006,gen_shutdown
"one more thing, shut everything down for a second",tool_006,gen_shutdown
could you shut down the system for me if that's ok,tool_006,gen_shutdown
"hey, i'm done, shut down the computer?",tool_006,gen_shutdown
"alright, turn off this pc when you get a chance",tool_006,gen_shutdown
"i was wondering, shut down my computer please",tool_006,gen_shutdown
"real quick, turn off this pc asap",tool_006,gen_shutdown
"can you i'm done, shut down the computer thanks",tool_006,gen_shutdown
"hey, can you turn off my computer now",tool_006,gen_shutdown
"i was wondering, i'm done, shut down the computer for me",tool_006,gen_shutdown
"hey claude, shut down now when you have a moment",tool_006,gen_shutdown
"one more thing, shut down my computer right now",tool_006,gen_shutdown
switch off the pc please,tool_006,gen_shutdown
"yo, shut the computer down if that's ok",tool_006,gen_shutdown
"assistant, shut down my computer please",tool_006,gen_shutdown
shutdown this machine real quick,tool_006,gen_shutdown
"so, power down my pc thanks",tool_006,gen_shutdown
"yo, i need to restart my computer if you can",tool_007,gen_restart
"hey, reboot my machine thanks a lot",tool_007,gen_restart
"real quick, restart now please",tool_007,gen_restart
"so, restart my computer if that's ok",tool_007,gen_restart
can you reboot please thanks a lot,tool_007,gen_restart
"hey claude, i want to restart my computer",tool_007,gen_restart
please reboot please if that's ok,tool_007,gen_restart
"so, reboot my machine right now",tool_007,gen_restart
"hmm, initiate a restart for me",tool_007,gen_restart
"assistant, restart the machine right now",tool_007,gen_restart
"alright, can you restart the system thanks",tool_007,gen_restart
please reboot my computer for me thanks,tool_007,gen_restart
"real quick, restart my pc please thanks a lot",tool_007,gen_restart
quick question - can you reboot the computer thanks,tool_007,gen_restart
"hmm, reboot this machine if that's ok",tool_007,gen_restart
could you restart this pc now,tool_007,gen_restart
"one more thing, please restart the system real quick",tool_007,gen_restart
"one more thing, please restart the system thanks a lot",tool_007,gen_restart
"hey claude, reboot my machine if that's ok",tool_007,gen_restart
restart the pc for me for a second,tool_007,gen_restart
"hmm, can you reboot the computer",tool_007,gen_restart
"hmm, i need to restart my computer when you have a moment",tool_007,gen_restart
"hey, can you reboot my pc thanks",tool_007,gen_restart
"before i forget, restart now for me",tool_007,gen_restart
restart everything when you get a chance,tool_007,gen_restart
"before i forget, can you reboot my pc when you have a moment",tool_007,gen_restart
could you reboot the pc for me,tool_007,gen_restart
"so, i need a reboot if that's ok",tool_007,gen_restart
restart the machine?,tool_007,gen_restart
"hey claude, restart my pc please for a second",tool_007,gen_restart
please i want to restart my computer thanks,tool_007,gen_restart
"one more thing, restart the system now if that's ok",tool_007,gen_restart
"alright, reboot the pc when you get a chance",tool_007,gen_restart
can you restart this pc asap,tool_007,gen_restart
can you reboot my machine real quick,tool_007,gen_restart
"alright, please restart my pc?",tool_007,gen_restart
"real quick, restart now when you get a chance",tool_007,gen_restart
"before i forget, i want to restart my computer thanks",tool_007,gen_restart
can you restart the pc for me when you get a chance,tool_007,gen_restart
"assistant, can you reboot my pc when you have a moment",tool_007,gen_restart
"i was wondering, can you restart my computer if you can",tool_007,gen_restart
could you reboot the pc if you can,tool_007,gen_restart
"hmm, reboot my machine when you have a moment",tool_007,gen_restart
could you i need a reboot thanks,tool_007,gen_restart
"hmm, restart my computer right now",tool_007,gen_restart
"assistant, reboot my computer for me real quick",tool_007,gen_restart
"yo, i need to restart my computer if that's ok",tool_007,gen_restart
"real quick, reboot my machine if you can",tool_007,gen_restart
please restart the machine?,tool_007,gen_restart
"real quick, i want to restart my computer please",tool_007,gen_restart
"i was wondering, restart the machine if that's ok",tool_007,gen_restart
please restart my pc now,tool_007,gen_restart
"i was wondering, initiate a restart please",tool_007,gen_restart
"so, i want to restart my computer asap",tool_007,gen_restart
can you reboot the computer for a second,tool_007,gen_restart
"yo, reboot the computer",tool_007,gen_restart
"real quick, reboot the computer",tool_007,gen_restart
"hey, please reboot my system right now",tool_007,gen_restart
can you restart the system if you can,tool_007,gen_restart
"hey, restart the pc for me?",tool_007,gen_restart
"real quick, reboot please please",tool_007,gen_restart
"i was wondering, can you reboot the computer",tool_007,gen_restart
can you restart this pc when you get a chance,tool_007,gen_restart
can you restart the system now,tool_007,gen_restart
please restart the system now please,tool_007,gen_restart
"before i forget, please reboot my system thanks",tool_007,gen_restart
"hmm, reboot my computer for me when you get a chance",tool_007,gen_restart
"before i forget, reboot the computer thanks",tool_007,gen_restart
"alright, can you restart the system now",tool_007,gen_restart
"hey, can you restart my computer?",tool_007,gen_restart
restart my computer for me,tool_007,gen_restart
"so, restart the system now please",tool_007,gen_restart
"hey, restart this pc for me",tool_007,gen_restart
"yo, restart my pc please",tool_007,gen_restart
"hey claude, can you reboot the computer for me",tool_007,gen_restart
can you please restart my pc if that's ok,tool_007,gen_restart
quick question - can you reboot the computer if that's ok,tool_007,gen_restart
"yo, restart now asap",tool_007,gen_restart
"yo, reboot this machine?",tool_007,gen_restart
can you reboot please if that's ok,tool_007,gen_restart
"hey, can you restart my computer for me",tool_007,gen_restart
"so, restart the pc for me thanks a lot",tool_007,gen_restart
"hey, reboot the pc",tool_007,gen_restart
could you please restart my pc real quick,tool_007,gen_restart
"so, restart this pc real quick",tool_007,gen_restart
"before i forget, can you reboot the computer please",tool_007,gen_restart
can you can you reboot my pc if you can,tool_007,gen_restart
"one more thing, can you reboot the computer thanks",tool_007,gen_restart
"one more thing, restart everything for a second",tool_007,gen_restart
"hey, restart my pc please right now",tool_007,gen_restart
quick question - reboot my machine,tool_007,gen_restart
please reboot my system thanks,tool_007,gen_restart
"real quick, i need a reboot now",tool_007,gen_restart
"alright, restart my pc please thanks",tool_007,gen_restart
"hey, restart the pc for me thanks",tool_007,gen_restart
quick question - initiate a restart when you have a moment,tool_007,gen_restart
reboot the pc,tool_007,gen_restart
please can you reboot the computer real quick,tool_007,gen_restart
"alright, restart the pc for me when you get a chance",tool_007,gen_restart
"i was wondering, i want to restart my computer now",tool_007,gen_restart
can you restart this pc please,tool_007,gen_restart
can you please reboot my system,tool_007,gen_restart
"hey, please restart my pc for a second",tool_007,gen_restart
quick question - reboot this machine when you have a moment,tool_007,gen_restart
"i was wondering, restart this pc when you get a chance",tool_007,gen_restart
"hey, i need a reboot?",tool_007,gen_restart
"alright, reboot my computer for me right now",tool_007,gen_restart
"yo, restart my computer real quick",tool_007,gen_restart
"before i forget, restart my pc please right now",tool_007,gen_restart
"hey, please restart the system",tool_007,gen_restart
"hey claude, please restart the system now",tool_007,gen_restart
"hey, reboot the computer real quick",tool_007,gen_restart
"i was wondering, restart the pc for me for a second",tool_007,gen_restart
could you restart now for a second,tool_007,gen_restart
"hey claude, restart the pc for me thanks a lot",tool_007,gen_restart
"i was wondering, can you reboot my pc asap",tool_007,gen_restart
"hmm, restart the pc for me right now",tool_007,gen_restart
"one more thing, restart the machine?",tool_007,gen_restart
quick question - restart my pc please asap,tool_007,gen_restart
"hey, i need to restart my computer asap",tool_007,gen_restart
please i need a reboot real quick,tool_007,gen_restart
restart the machine please,tool_007,gen_restart
could you restart my pc please asap,tool_007,gen_restart
"hey, reboot my machine",tool_007,gen_restart
"assistant, can you restart the system thanks a lot",tool_007,gen_restart
could you restart the pc for me if that's ok,tool_007,gen_restart
"so, can you restart the system thanks",tool_007,gen_restart
could you please restart my pc now,tool_007,gen_restart
quick question - restart the machine if that's ok,tool_007,gen_restart
"hey, please reboot my system thanks",tool_007,gen_restart
"assistant, restart the machine when you get a chance",tool_007,gen_restart
"before i forget, reboot my machine for a second",tool_007,gen_restart
"one more thing, reboot please for a second",tool_007,gen_restart
"i was wondering, initiate a restart asap",tool_007,gen_restart
"before i forget, reboot the computer when you get a chance",tool_007,gen_restart
can you please restart my pc when you have a moment,tool_007,gen_restart
restart now for a second,tool_007,gen_restart
quick question - can you restart my computer when you have a moment,tool_007,gen_restart
"i was wondering, restart this pc for a second",tool_007,gen_restart
can you can you reboot the computer asap,tool_007,gen_restart
"before i forget, please restart the system if you can",tool_007,gen_restart
"yo, i need a reboot?",tool_007,gen_restart
"hey, can you restart my computer for a second",tool_007,gen_restart
"assistant, restart the pc for me please",tool_007,gen_restart
"hey claude, please reboot my system for a second",tool_007,gen_restart
"hey claude, i need to restart my computer please",tool_007,gen_restart
can you can you restart my computer real quick,tool_007,gen_restart
"i was wondering, reboot my machine?",tool_007,gen_restart
"so, restart the system now thanks a lot",tool_007,gen_restart
"yo, reboot this machine asap",tool_007,gen_restart
quick question - please restart my pc,tool_007,gen_restart
"one more thing, i need a reboot if that's ok",tool_007,gen_restart
can you i need a reboot when you get a chance,tool_007,gen_restart
"real quick, restart the system now right now",tool_007,gen_restart
"hmm, please restart the system when you get a chance",tool_007,gen_restart
"hmm, initiate a restart if that's ok",tool_007,gen_restart
"hey claude, please reboot my system real quick",tool_007,gen_restart
"alright, reboot the pc when you have a moment",tool_007,gen_restart
"hey claude, restart the system now now",tool_007,gen_restart
"alright, reboot my computer for me?",tool_007,gen_restart
"so, reboot the computer asap",tool_007,gen_restart
"i was wondering, reboot this machine right now",tool_007,gen_restart
quick question - reboot please for me,tool_007,gen_restart
"one more thing, restart my pc please thanks a lot",tool_007,gen_restart
"hmm, restart my pc please thanks a lot",tool_007,gen_restart
"yo, i need to restart my computer",tool_007,gen_restart
"hey claude, i need to restart my computer for me",tool_007,gen_restart
"so, please restart the system real quick",tool_007,gen_restart
"real quick, i want to restart my computer for me",tool_007,gen_restart
"so, restart my pc please for a second",tool_007,gen_restart
"i was wondering, reboot the computer now",tool_007,gen_restart
quick question - please restart the system for a second,tool_007,gen_restart
i need to restart my computer real quick,tool_007,gen_restart
please reboot this machine real quick,tool_007,gen_restart
please restart the pc for me,tool_007,gen_restart
quick question - can you reboot my pc please,tool_007,gen_restart
"alright, restart the pc for me for me",tool_007,gen_restart
"assistant, can you reboot the computer now",tool_007,gen_restart
please i need to restart my computer for me,tool_007,gen_restart
could you restart my computer,tool_007,gen_restart
"before i forget, reboot this machine for me",tool_007,gen_restart
"i was wondering, reboot the computer",tool_007,gen_restart
"alright, restart the system now now",tool_007,gen_restart
"one more thing, restart everything asap",tool_007,gen_restart
can you restart my computer thanks a lot,tool_007,gen_restart
could you initiate a restart for a second,tool_007,gen_restart
"so, please reboot my system thanks a lot",tool_007,gen_restart
"i was wondering, reboot the computer when you have a moment",tool_007,gen_restart
could you please reboot my system when you get a chance,tool_007,gen_restart
please reboot please thanks,tool_007,gen_restart
"real quick, reboot the pc when you get a chance",tool_007,gen_restart
can you reboot the computer for me,tool_007,gen_restart
can you restart my pc please asap,tool_007,gen_restart
"one more thing, restart this pc thanks",tool_007,gen_restart
can you restart my computer if you can,tool_007,gen_restart
"hmm, i need a reboot",tool_007,gen_restart
quick question - please restart the system right now,tool_007,gen_restart
"assistant, reboot the pc asap",tool_007,gen_restart
"i was wondering, restart this pc thanks a lot",tool_007,gen_restart
"one more thing, restart everything right now",tool_007,gen_restart
"hey claude, please reboot my system when you have a moment",tool_007,gen_restart
please reboot the computer when you get a chance,tool_007,gen_restart
"so, please restart the system now",tool_007,gen_restart
can you reboot my machine thanks a lot,tool_007,gen_restart
"hey claude, can you restart my computer if you can",tool_007,gen_restart
quick question - restart my computer when you get a chance,tool_007,gen_restart
"hmm, restart everything when you get a chance",tool_007,gen_restart
"hmm, can you reboot my pc when you get a chance",tool_007,gen_restart
"alright, restart everything thanks",tool_007,gen_restart
"alright, restart the pc for me if you can",tool_007,gen_restart
could you restart the system now when you have a moment,tool_007,gen_restart
can you restart now please,tool_007,gen_restart
"real quick, restart this pc when you get a chance",tool_007,gen_restart
"alright, initiate a restart thanks a lot",tool_007,gen_restart
"alright, reboot the pc for me",tool_007,gen_restart
"real quick, can you reboot my pc thanks",tool_007,gen_restart
"one more thing, initiate a restart thanks a lot",tool_007,gen_restart
"so, can you reboot the computer?",tool_007,gen_restart
"hey claude, i want to restart my computer now",tool_007,gen_restart
"real quick, restart my pc please thanks",tool_007,gen_restart
"hmm, please reboot my system if you can",tool_007,gen_restart
could you reboot my machine thanks,tool_007,gen_restart
please please reboot my system real quick,tool_007,gen_restart
"before i forget, please restart my pc thanks",tool_007,gen_restart
"yo, please restart the system",tool_007,gen_restart
could you can you restart my computer thanks a lot,tool_007,gen_restart
"real quick, restart everything when you have a moment",tool_007,gen_restart
"alright, can you reboot the computer right now",tool_007,gen_restart
"real quick, restart the machine?",tool_007,gen_restart
"real quick, reboot please real quick",tool_007,gen_restart
"so, restart now for a second",tool_007,gen_restart
i need to restart my computer for me,tool_007,gen_restart
"yo, reboot my computer for me when you have a moment",tool_007,gen_restart
"hey, restart now thanks",tool_007,gen_restart
"real quick, can you restart the system thanks",tool_007,gen_restart
"before i forget, restart everything real quick",tool_007,gen_restart
"hmm, reboot the computer",tool_007,gen_restart
"before i forget, please reboot my system if you can",tool_007,gen_restart
"alright, please restart my pc when you have a moment",tool_007,gen_restart
"before i forget, reboot please if you can",tool_007,gen_restart
"alright, please reboot my system?",tool_007,gen_restart
could you can you reboot the computer?,tool_007,gen_restart
please restart the system when you have a moment,tool_007,gen_restart
can you restart the machine thanks,tool_007,gen_restart
could you i need to restart my computer thanks,tool_007,gen_restart
could you reboot the pc if that's ok,tool_007,gen_restart
"alright, can you restart my computer real quick",tool_007,gen_restart
"one more thing, reboot the computer right now",tool_007,gen_restart
"alright, restart everything?",tool_007,gen_restart
"hey, please restart the system for a second",tool_007,gen_restart
"hey, restart this pc when you have a moment",tool_007,gen_restart
"hey, restart the pc for me please",tool_007,gen_restart
"hmm, i need to restart my computer real quick",tool_007,gen_restart
could you please restart my pc right now,tool_007,gen_restart
quick question - restart the machine now,tool_007,gen_restart
"yo, reboot please right now",tool_007,gen_restart
"real quick, please restart my pc if that's ok",tool_007,gen_restart
"alright, can you restart the system real quick",tool_007,gen_restart
"yo, reboot please when you have a moment",tool_007,gen_restart
"real quick, i need a reboot?",tool_007,gen_restart
"hmm, can you reboot the computer if you can",tool_007,gen_restart
"before i forget, can you restart the system when you get a chance",tool_007,gen_restart
"before i forget, please reboot my system if that's ok",tool_007,gen_restart
"before i forget, reboot the pc asap",tool_007,gen_restart
"real quick, can you reboot my pc now",tool_007,gen_restart
please restart my pc please please,tool_007,gen_restart
"assistant, restart this pc for a second",tool_007,gen_restart
"so, i want to restart my computer right now",tool_007,gen_restart
"hmm, please restart the system please",tool_007,gen_restart
"i was wondering, reboot this machine now",tool_007,gen_restart
"real quick, please restart my pc real quick",tool_007,gen_restart
"so, restart the machine now",tool_007,gen_restart
"hmm, reboot please?",tool_007,gen_restart
can you restart my pc please right now,tool_007,gen_restart
please reboot my computer for me for me,tool_007,gen_restart
restart now if you can,tool_007,gen_restart
"so, restart my computer thanks",tool_007,gen_restart
could you restart the machine asap,tool_007,gen_restart
please restart the machine thanks,tool_007,gen_restart
"hmm, restart the system now for a second",tool_007,gen_restart
could you reboot this machine,tool_007,gen_restart
"real quick, can you reboot my pc",tool_007,gen_restart
restart now real quick,tool_007,gen_restart
"hey, restart the machine real quick",tool_007,gen_restart
please i need to restart my computer please,tool_007,gen_restart
"hey claude, i need to restart my computer if you can",tool_007,gen_restart
quick question - can you reboot the computer real quick,tool_007,gen_restart
"hey, please restart the system thanks a lot",tool_007,gen_restart
quick question - restart everything asap,tool_007,gen_restart
quick question - restart the system now asap,tool_007,gen_restart
"assistant, restart the pc for me if that's ok",tool_007,gen_restart
"real quick, can you restart my computer",tool_007,gen_restart
"one more thing, please restart my pc when you get a chance",tool_007,gen_restart
"hey claude, i want to restart my computer when you get a chance",tool_007,gen_restart
could you please restart my pc,tool_007,gen_restart
quick question - can you restart my computer thanks,tool_007,gen_restart
"hey claude, can you reboot the computer now",tool_007,gen_restart
"alright, can you reboot my pc thanks",tool_007,gen_restart
"yo, please restart the system when you have a moment",tool_007,gen_restart
"i was wondering, restart my pc please now",tool_007,gen_restart
"one more thing, can you restart my computer when you have a moment",tool_007,gen_restart
can you reboot the computer,tool_007,gen_restart
"hmm, can you reboot my pc?",tool_007,gen_restart
please please reboot my system?,tool_007,gen_restart
quick question - restart now thanks,tool_007,gen_restart
"so, restart everything for me",tool_007,gen_restart
please restart the system now when you get a chance,tool_007,gen_restart
can you restart my computer please,tool_007,gen_restart
"real quick, i need a reboot thanks",tool_007,gen_restart
"before i forget, restart everything for me",tool_007,gen_restart
"so, restart the machine for a second",tool_007,gen_restart
can you restart the machine if you can,tool_007,gen_restart
can you reboot this machine if that's ok,tool_007,gen_restart
"i was wondering, can you restart the system right now",tool_007,gen_restart
"i was wondering, restart everything thanks",tool_007,gen_restart
could you i want to restart my computer right now,tool_007,gen_restart
"i was wondering, restart the system now",tool_007,gen_restart
"before i forget, restart my pc please thanks a lot",tool_007,gen_restart
"yo, can you reboot my pc real quick",tool_007,gen_restart
quick question - please restart my pc when you get a chance,tool_007,gen_restart
"assistant, reboot please?",tool_007,gen_restart
"before i forget, reboot this machine thanks a lot",tool_007,gen_restart
"so, reboot my computer for me real quick",tool_007,gen_restart
"alright, reboot my computer for me thanks a lot",tool_007,gen_restart
"hey, please restart my pc",tool_007,gen_restart
could you i want to restart my computer please,tool_007,gen_restart
"assistant, reboot please asap",tool_007,gen_restart
"alright, restart everything when you have a moment",tool_007,gen_restart
"hey claude, reboot the pc for a second",tool_007,gen_restart
"hmm, reboot my machine thanks",tool_007,gen_restart
could you reboot my computer for me?,tool_007,gen_restart
quick question - reboot my machine for a second,tool_007,gen_restart
"one more thing, reboot please now",tool_007,gen_restart
"before i forget, i need a reboot asap",tool_007,gen_restart
"assistant, i need a reboot when you have a moment",tool_007,gen_restart
could you can you reboot my pc please,tool_007,gen_restart
"before i forget, restart the pc for me right now",tool_007,gen_restart
"hey claude, restart now asap",tool_007,gen_restart
"before i forget, please reboot my system",tool_007,gen_restart
"so, reboot please asap",tool_007,gen_restart
"alright, i need a reboot if that's ok",tool_007,gen_restart
quick question - restart this pc thanks,tool_007,gen_restart
"i was wondering, can you restart the system when you get a chance",tool_007,gen_restart
"hmm, restart this pc for a second",tool_007,gen_restart
"hmm, i need a reboot thanks a lot",tool_007,gen_restart
"alright, restart everything now",tool_007,gen_restart
"i was wondering, reboot the computer please",tool_007,gen_restart
restart the pc for me,tool_007,gen_restart
"hey claude, initiate a restart if that's ok",tool_007,gen_restart
"alright, please restart the system real quick",tool_007,gen_restart
"assistant, can you reboot my pc thanks",tool_007,gen_restart
"assistant, restart the machine real quick",tool_007,gen_restart
"real quick, reboot the pc please",tool_007,gen_restart
"so, can you reboot the computer right now",tool_007,gen_restart
"before i forget, restart everything when you get a chance",tool_007,gen_restart
"i was wondering, can you restart my computer right now",tool_007,gen_restart
"alright, restart now real quick",tool_007,gen_restart
could you reboot my machine,tool_007,gen_restart
can you i want to restart my computer for me,tool_007,gen_restart
please can you reboot my pc,tool_007,gen_restart
"yo, reboot my machine thanks",tool_007,gen_restart
"so, can you restart my computer if you can",tool_007,gen_restart
"before i forget, restart now when you have a moment",tool_007,gen_restart
"one more thing, can you restart my computer right now",tool_007,gen_restart
"i was wondering, restart my pc please for a second",tool_007,gen_restart
"hmm, please reboot my system when you have a moment",tool_007,gen_restart
"hey, can you reboot my pc if you can",tool_007,gen_restart
"i was wondering, i want to restart my computer thanks a lot",tool_007,gen_restart
"so, reboot my computer for me",tool_007,gen_restart
"hey claude, reboot my computer for me thanks a lot",tool_007,gen_restart
"assistant, please reboot my system when you have a moment",tool_007,gen_restart
please restart the system now asap,tool_007,gen_restart
"hey, restart this pc when you get a chance",tool_007,gen_restart
"before i forget, restart my pc please real quick",tool_007,gen_restart
"hey claude, i need to restart my computer when you get a chance",tool_007,gen_restart
"assistant, please restart the system thanks a lot",tool_007,gen_restart
"i was wondering, please restart the system when you have a moment",tool_007,gen_restart
"assistant, restart the pc for me for me",tool_007,gen_restart
can you restart now thanks,tool_007,gen_restart
"assistant, restart the pc for me when you have a moment",tool_007,gen_restart
quick question - initiate a restart real quick,tool_007,gen_restart
"hey, reboot my computer for me now",tool_007,gen_restart
"alright, reboot the pc",tool_007,gen_restart
i want to restart my computer now,tool_007,gen_restart
"alright, please restart the system?",tool_007,gen_restart
"one more thing, can you reboot my pc?",tool_007,gen_restart
"before i forget, reboot my machine when you get a chance",tool_007,gen_restart
could you restart everything,tool_007,gen_restart
quick question - restart now right now,tool_007,gen_restart
please i need to restart my computer right now,tool_007,gen_restart
"before i forget, can you reboot my pc",tool_007,gen_restart
please reboot my system now,tool_007,gen_restart
"one more thing, can you restart the system when you get a chance",tool_007,gen_restart
"hmm, restart everything when you have a moment",tool_007,gen_restart
quick question - can you restart the system thanks,tool_007,gen_restart
"assistant, reboot my machine when you get a chance",tool_007,gen_restart
"hey claude, can you restart my computer when you have a moment",tool_007,gen_restart
"before i forget, restart this pc?",tool_007,gen_restart
"hmm, restart my computer if you can",tool_007,gen_restart
could you can you reboot my pc?,tool_007,gen_restart
"before i forget, i want to restart my computer",tool_007,gen_restart
can you restart my computer for a second,tool_007,gen_restart
please can you restart the system if you can,tool_007,gen_restart
can you can you reboot the computer please,tool_007,gen_restart
"hey, reboot this machine if that's ok",tool_007,gen_restart
"before i forget, can you reboot the computer thanks a lot",tool_007,gen_restart
"hey claude, please restart the system",tool_007,gen_restart
"hey, i need a reboot thanks a lot",tool_007,gen_restart
can you reboot the pc now,tool_007,gen_restart
"before i forget, reboot the pc if you can",tool_007,gen_restart
"real quick, restart now thanks a lot",tool_007,gen_restart
"assistant, restart this pc for me",tool_007,gen_restart
"yo, reboot my computer for me when you get a chance",tool_007,gen_restart
"before i forget, reboot my computer for me please",tool_007,gen_restart
please please reboot my system when you get a chance,tool_007,gen_restart
"real quick, reboot please if that's ok",tool_007,gen_restart
"hmm, restart the system now please",tool_007,gen_restart
can you reboot the pc if you can,tool_007,gen_restart
can you reboot the pc,tool_007,gen_restart
"hmm, reboot my computer for me for me",tool_007,gen_restart
restart the system now real quick,tool_007,gen_restart
"hey, reboot my machine for a second",tool_007,gen_restart
quick question - reboot please thanks a lot,tool_007,gen_restart
"hmm, restart my pc please thanks",tool_007,gen_restart
"hey, restart the machine when you have a moment",tool_007,gen_restart
"yo, reboot the pc please",tool_007,gen_restart
"before i forget, i need to restart my computer for a second",tool_007,gen_restart
can you can you reboot the computer right now,tool_007,gen_restart
"hmm, restart this pc for me",tool_007,gen_restart
"hmm, restart the pc for me if you can",tool_007,gen_restart
"one more thing, restart the system now thanks a lot",tool_007,gen_restart
"before i forget, can you restart the system right now",tool_007,gen_restart
"assistant, can you restart my computer if you can",tool_007,gen_restart
"yo, restart my computer for me",tool_007,gen_restart
"assistant, reboot please if you can",tool_007,gen_restart
can you restart now if you can,tool_007,gen_restart
"hey claude, i need to restart my computer?",tool_007,gen_restart
"assistant, reboot this machine if you can",tool_007,gen_restart
quick question - restart the pc for me,tool_007,gen_restart
"assistant, i want to restart my computer please",tool_007,gen_restart
"yo, can you reboot my pc for me",tool_007,gen_restart
"real quick, reboot the computer thanks a lot",tool_007,gen_restart
"i was wondering, restart now if you can",tool_007,gen_restart
can you i want to restart my computer right now,tool_007,gen_restart
"yo, reboot the pc thanks",tool_007,gen_restart
"hey claude, can you reboot my pc real quick",tool_007,gen_restart
"one more thing, reboot my machine please",tool_007,gen_restart
"one more thing, reboot my machine asap",tool_007,gen_restart
"yo, reboot the computer if that's ok",tool_007,gen_restart
"i was wondering, restart the pc for me please",tool_007,gen_restart
can you reboot my pc when you get a chance,tool_007,gen_restart
"real quick, please restart the system if you can",tool_007,gen_restart
could you can you reboot the computer please,tool_007,gen_restart
"hey, reboot please asap",tool_007,gen_restart
could you reboot my machine if you can,tool_007,gen_restart
"hey, restart my pc please asap",tool_007,gen_restart
"hmm, reboot the pc now",tool_007,gen_restart
"one more thing, restart this pc real quick",tool_007,gen_restart
"hey, can you restart the system?",tool_007,gen_restart
"hey claude, i need a reboot if you can",tool_007,gen_restart
please can you reboot my pc if that's ok,tool_007,gen_restart
"assistant, restart my pc please when you get a chance",tool_007,gen_restart
"real quick, restart my pc please when you get a chance",tool_007,gen_restart
"hmm, please restart my pc asap",tool_007,gen_restart
"so, initiate a restart when you get a chance",tool_007,gen_restart
can you reboot my pc,tool_007,gen_restart
"before i forget, reboot the computer",tool_007,gen_restart
"hey claude, initiate a restart if you can",tool_007,gen_restart
"alright, reboot my computer for me asap",tool_007,gen_restart
"yo, can you restart my computer?",tool_007,gen_restart
restart the machine if that's ok,tool_007,gen_restart
could you restart everything thanks a lot,tool_007,gen_restart
"so, can you reboot the computer now",tool_007,gen_restart
"alright, initiate a restart for a second",tool_007,gen_restart
"hey, restart the system now please",tool_007,gen_restart
"hmm, reboot my computer for me thanks a lot",tool_007,gen_restart
could you can you reboot my pc thanks,tool_007,gen_restart
"before i forget, reboot this machine please",tool_007,gen_restart
"hmm, reboot the pc when you have a moment",tool_007,gen_restart
could you restart now if that's ok,tool_007,gen_restart
can you reboot the computer asap,tool_007,gen_restart
"hmm, please restart my pc if you can",tool_007,gen_restart
"assistant, please restart the system when you get a chance",tool_007,gen_restart
"one more thing, i need to restart my computer",tool_007,gen_restart
can you please restart my pc for a second,tool_007,gen_restart
could you initiate a restart right now,tool_007,gen_restart
restart the pc for me for me,tool_007,gen_restart
please reboot the pc when you have a moment,tool_007,gen_restart
reboot this machine real quick,tool_007,gen_restart
quick question - i need to restart my computer please,tool_007,gen_restart
"so, reboot this machine thanks",tool_007,gen_restart
quick question - restart the machine?,tool_007,gen_restart
quick question - restart the system now thanks,tool_007,gen_restart
"one more thing, please reboot my system thanks",tool_007,gen_restart
"real quick, restart the pc for me thanks a lot",tool_007,gen_restart
"alright, restart this pc",tool_007,gen_restart
"hey claude, restart my computer",tool_007,gen_restart
"yo, reboot this machine for a second",tool_007,gen_restart
could you i need to restart my computer please,tool_007,gen_restart
"i was wondering, can you restart my computer when you get a chance",tool_007,gen_restart
quick question - restart everything when you get a chance,tool_007,gen_restart
"assistant, restart the pc for me for a second",tool_007,gen_restart
could you reboot this machine if that's ok,tool_007,gen_restart
"hmm, reboot this machine please",tool_007,gen_restart
"assistant, can you restart my computer",tool_007,gen_restart
"before i forget, i need to restart my computer right now",tool_007,gen_restart
"so, can you reboot my pc please",tool_007,gen_restart
"hmm, please restart the system thanks",tool_007,gen_restart
"one more thing, restart my computer when you get a chance",tool_007,gen_restart
"i was wondering, reboot my machine for a second",tool_007,gen_restart
"hey claude, initiate a restart thanks a lot",tool_007,gen_restart
"hey, i want to restart my computer",tool_007,gen_restart
"alright, please reboot my system for a second",tool_007,gen_restart
"hey, restart my computer for a second",tool_007,gen_restart
"hmm, reboot this machine thanks a lot",tool_007,gen_restart
"before i forget, reboot the pc thanks",tool_007,gen_restart
"one more thing, restart the pc for me?",tool_007,gen_restart
"yo, reboot please if that's ok",tool_007,gen_restart
"alright, initiate a restart if that's ok",tool_007,gen_restart
restart everything thanks,tool_007,gen_restart
"real quick, restart this pc when you have a moment",tool_007,gen_restart
"alright, please reboot my system thanks",tool_007,gen_restart
"one more thing, restart my computer right now",tool_007,gen_restart
"hey claude, reboot my computer for me real quick",tool_007,gen_restart
"hmm, restart the system now if that's ok",tool_007,gen_restart
"hmm, i need to restart my computer now",tool_007,gen_restart
please restart my pc please real quick,tool_007,gen_restart
"i was wondering, restart everything asap",tool_007,gen_restart
"assistant, restart the system now for me",tool_007,gen_restart
"yo, please reboot my system now",tool_007,gen_restart
please restart my computer right now,tool_007,gen_restart
"before i forget, reboot the computer now",tool_007,gen_restart
could you please reboot my system asap,tool_007,gen_restart
could you can you reboot my pc real quick,tool_007,gen_restart
"hey, restart the machine now",tool_007,gen_restart
could you can you reboot my pc if that's ok,tool_007,gen_restart
"hmm, restart my pc please real quick",tool_007,gen_restart
"so, can you reboot the computer when you get a chance",tool_007,gen_restart
"so, please reboot my system now",tool_007,gen_restart
can you reboot my pc thanks,tool_007,gen_restart
"real quick, restart the pc for me real quick",tool_007,gen_restart
"before i forget, i need a reboot thanks",tool_007,gen_restart
reboot my machine when you have a moment,tool_007,gen_restart
"real quick, reboot please",tool_007,gen_restart
"hey, please reboot my system asap",tool_007,gen_restart
can you please restart the system when you have a moment,tool_007,gen_restart
please reboot please when you have a moment,tool_007,gen_restart
"one more thing, initiate a restart asap",tool_007,gen_restart
can you restart the pc for me please,tool_007,gen_restart
"real quick, restart this pc thanks",tool_007,gen_restart
could you can you restart my computer when you get a chance,tool_007,gen_restart
"real quick, restart now if you can",tool_007,gen_restart
"i was wondering, restart my pc please if that's ok",tool_007,gen_restart
"before i forget, restart now real quick",tool_007,gen_restart
"real quick, restart the pc for me for a second",tool_007,gen_restart
"so, initiate a restart for me",tool_007,gen_restart
could you reboot my machine when you get a chance,tool_007,gen_restart
"one more thing, please reboot my system now",tool_007,gen_restart
please i need to restart my computer asap,tool_007,gen_restart
"hey, can you reboot the computer",tool_007,gen_restart
"assistant, restart this pc if that's ok",tool_007,gen_restart
"hey, reboot my computer for me?",tool_007,gen_restart
"yo, please reboot my system right now",tool_007,gen_restart
could you please reboot my system right now,tool_007,gen_restart
"hey, can you reboot the computer if you can",tool_007,gen_restart
"real quick, i need a reboot thanks a lot",tool_007,gen_restart
"assistant, restart everything",tool_007,gen_restart
restart my computer if you can,tool_007,gen_restart
i want to restart my computer,tool_007,gen_restart
"alright, reboot my machine for a second",tool_007,gen_restart
quick question - restart everything thanks,tool_007,gen_restart
"so, restart everything thanks",tool_007,gen_restart
"hey, can you restart the system real quick",tool_007,gen_restart
reboot the pc when you get a chance,tool_007,gen_restart
"i was wondering, reboot my machine asap",tool_007,gen_restart
"assistant, please reboot my system thanks a lot",tool_007,gen_restart
quick question - please reboot my system when you get a chance,tool_007,gen_restart
could you can you restart the system,tool_007,gen_restart
"hey claude, can you reboot my pc asap",tool_007,gen_restart
quick question - i need to restart my computer when you have a moment,tool_007,gen_restart
could you please restart the system when you get a chance,tool_007,gen_restart
please i need a reboot now,tool_007,gen_restart
"alright, reboot please?",tool_007,gen_restart
"real quick, can you restart the system please",tool_007,gen_restart
"i was wondering, restart the system now when you have a moment",tool_007,gen_restart
"alright, i need a reboot right now",tool_007,gen_restart
can you can you reboot the computer now,tool_007,gen_restart
"i was wondering, i need to restart my computer thanks a lot",tool_007,gen_restart
"hey, restart the machine",tool_007,gen_restart
"yo, restart the machine please",tool_007,gen_restart
"i was wondering, reboot please asap",tool_007,gen_restart
"hmm, restart my pc please right now",tool_007,gen_restart
"before i forget, reboot my machine right now",tool_007,gen_restart
"yo, can you reboot the computer asap",tool_007,gen_restart
"hmm, initiate a restart real quick",tool_007,gen_restart
"i was wondering, restart the pc for me if that's ok",tool_007,gen_restart
"hmm, initiate a restart thanks a lot",tool_007,gen_restart
restart this pc thanks,tool_007,gen_restart
"hmm, please restart my pc right now",tool_007,gen_restart
"alright, restart now now",tool_007,gen_restart
"hey claude, can you restart the system?",tool_007,gen_restart
"before i forget, can you restart the system please",tool_007,gen_restart
"hey, please restart my pc real quick",tool_007,gen_restart
"before i forget, restart this pc right now",tool_007,gen_restart
"alright, i want to restart my computer asap",tool_007,gen_restart
"hey, i want to restart my computer please",tool_007,gen_restart
"assistant, reboot my machine for me",tool_007,gen_restart
"assistant, initiate a restart if you can",tool_007,gen_restart
quick question - restart the machine when you get a chance,tool_007,gen_restart
"alright, i need to restart my computer if that's ok",tool_007,gen_restart
"so, reboot the computer if you can",tool_007,gen_restart
"yo, can you restart my computer thanks",tool_007,gen_restart
quick question - i want to restart my computer?,tool_007,gen_restart
"yo, i want to restart my computer right now",tool_007,gen_restart
"i was wondering, i want to restart my computer when you get a chance",tool_007,gen_restart
"hmm, reboot please thanks a lot",tool_007,gen_restart
"alright, restart the pc for me real quick",tool_007,gen_restart
"alright, i need to restart my computer when you have a moment",tool_007,gen_restart
"so, can you reboot my pc thanks",tool_007,gen_restart
"real quick, initiate a restart?",tool_007,gen_restart
"real quick, restart my computer now",tool_007,gen_restart
"hmm, reboot my machine please",tool_007,gen_restart
"before i forget, restart the system now real quick",tool_007,gen_restart
reboot the computer when you have a moment,tool_007,gen_restart
"hey, restart the system now",tool_007,gen_restart
"yo, initiate a restart",tool_007,gen_restart
"hey, restart the machine right now",tool_007,gen_restart
"alright, can you restart the system",tool_007,gen_restart
please can you reboot the computer when you have a moment,tool_007,gen_restart
"assistant, i need a reboot real quick",tool_007,gen_restart
"yo, restart my computer right now",tool_007,gen_restart
"hey claude, please restart the system when you have a moment",tool_007,gen_restart
"alright, restart the system now if you can",tool_007,gen_restart
reboot the pc thanks,tool_007,gen_restart
"so, restart my pc please please",tool_007,gen_restart
quick question - can you restart the system right now,tool_007,gen_restart
"yo, restart everything if you can",tool_007,gen_restart
"so, reboot this machine if that's ok",tool_007,gen_restart
"i was wondering, reboot the computer asap",tool_007,gen_restart
"one more thing, reboot my computer for me right now",tool_007,gen_restart
"so, can you restart my computer",tool_007,gen_restart
"so, restart my computer for me",tool_007,gen_restart
"hey claude, reboot this machine when you get a chance",tool_007,gen_restart
"hey claude, please reboot my system when you get a chance",tool_007,gen_restart
"alright, restart this pc please",tool_007,gen_restart
could you can you reboot the computer thanks,tool_007,gen_restart
please please restart my pc if you can,tool_007,gen_restart
could you can you restart my computer for a second,tool_007,gen_restart
"hey, please reboot my system now",tool_007,gen_restart
"before i forget, reboot my machine thanks",tool_007,gen_restart
can you reboot my computer for me now,tool_007,gen_restart
"hmm, restart this pc now",tool_007,gen_restart
can you please reboot my system real quick,tool_007,gen_restart
"before i forget, reboot the computer for me",tool_007,gen_restart
reboot please,tool_007,gen_restart
"assistant, i want to restart my computer right now",tool_007,gen_restart
"assistant, i need to restart my computer if that's ok",tool_007,gen_restart
"yo, restart the pc for me thanks",tool_007,gen_restart
"assistant, please restart my pc for me",tool_007,gen_restart
"so, please restart my pc if you can",tool_007,gen_restart
could you initiate a restart if that's ok,tool_007,gen_restart
can you restart my computer?,tool_007,gen_restart
quick question - i need a reboot if you can,tool_007,gen_restart
"assistant, restart my computer?",tool_007,gen_restart
"hmm, i need to restart my computer?",tool_007,gen_restart
"yo, restart the machine if that's ok",tool_007,gen_restart
quick question - i need a reboot asap,tool_007,gen_restart
"real quick, restart the pc for me right now",tool_007,gen_restart
"assistant, reboot the computer please",tool_007,gen_restart
"one more thing, can you restart the system please",tool_007,gen_restart
restart the system now right now,tool_007,gen_restart
"yo, restart my computer when you get a chance",tool_007,gen_restart
"hmm, reboot my computer for me asap",tool_007,gen_restart
"assistant, i want to restart my computer?",tool_007,gen_restart
"so, restart my pc please",tool_007,gen_restart
"one more thing, can you reboot my pc thanks",tool_007,gen_restart
"assistant, initiate a restart real quick",tool_007,gen_restart
can you restart my computer now,tool_007,gen_restart
"so, can you restart my computer if that's ok",tool_007,gen_restart
"i was wondering, restart now when you get a chance",tool_007,gen_restart
could you reboot the computer now,tool_007,gen_restart
could you i want to restart my computer when you have a moment,tool_007,gen_restart
"i was wondering, i need to restart my computer for me",tool_007,gen_restart
"hey, i need to restart my computer",tool_007,gen_restart
"real quick, i want to restart my computer real quick",tool_007,gen_restart
"hey, reboot this machine when you have a moment",tool_007,gen_restart
"one more thing, restart the system now thanks",tool_007,gen_restart
quick question - restart my computer when you have a moment,tool_007,gen_restart
"assistant, i need to restart my computer if you can",tool_007,gen_restart
"assistant, can you reboot the computer when you get a chance",tool_007,gen_restart
can you restart the system now thanks a lot,tool_007,gen_restart
"yo, please reboot my system asap",tool_007,gen_restart
"hmm, reboot my computer for me when you have a moment",tool_007,gen_restart
can you reboot this machine,tool_007,gen_restart
"yo, can you restart my computer right now",tool_007,gen_restart
restart my computer when you get a chance,tool_007,gen_restart
"assistant, can you reboot the computer",tool_007,gen_restart
"real quick, restart my pc please right now",tool_007,gen_restart
"before i forget, restart the system now thanks",tool_007,gen_restart
"so, i want to restart my computer if you can",tool_007,gen_restart
"hey, restart everything when you get a chance",tool_007,gen_restart
can you restart everything?,tool_007,gen_restart
"hey, can you reboot my pc for a second",tool_007,gen_restart
"hmm, i need to restart my computer thanks",tool_007,gen_restart
"real quick, restart my computer when you have a moment",tool_007,gen_restart
reboot my machine if you can,tool_007,gen_restart
can you restart now if that's ok,tool_007,gen_restart
please i want to restart my computer for a second,tool_007,gen_restart
can you reboot please real quick,tool_007,gen_restart
"real quick, reboot the pc",tool_007,gen_restart
"real quick, reboot this machine please",tool_007,gen_restart
"hmm, i want to restart my computer when you get a chance",tool_007,gen_restart
"before i forget, i need to restart my computer for me",tool_007,gen_restart
"assistant, please restart my pc when you get a chance",tool_007,gen_restart
quick question - can you reboot the computer when you have a moment,tool_007,gen_restart
could you can you reboot my pc now,tool_007,gen_restart
could you restart my pc please right now,tool_007,gen_restart
"so, can you restart the system now",tool_007,gen_restart
"alright, initiate a restart for me",tool_007,gen_restart
"one more thing, restart my computer",tool_007,gen_restart
could you reboot the computer when you get a chance,tool_007,gen_restart
"hey claude, reboot please if you can",tool_007,gen_restart
"hey, can you restart the system right now",tool_007,gen_restart
"one more thing, i need a reboot right now",tool_007,gen_restart
"one more thing, restart my computer thanks",tool_007,gen_restart
"before i forget, restart my pc please if that's ok",tool_007,gen_restart
"one more thing, restart the pc for me asap",tool_007,gen_restart
"before i forget, initiate a restart now",tool_007,gen_restart
can you can you reboot my pc thanks,tool_007,gen_restart
"so, restart now thanks",tool_007,gen_restart
restart my pc please please,tool_007,gen_restart
could you restart my pc please,tool_007,gen_restart
"hey claude, reboot please when you have a moment",tool_007,gen_restart
"assistant, please restart the system if that's ok",tool_007,gen_restart
"hey claude, restart the machine when you have a moment",tool_007,gen_restart
"assistant, please restart my pc thanks",tool_007,gen_restart
can you reboot my computer for me right now,tool_007,gen_restart
"real quick, restart the system now please",tool_007,gen_restart
"hmm, restart my pc please please",tool_007,gen_restart
"i was wondering, restart this pc if you can",tool_007,gen_restart
"i was wondering, initiate a restart real quick",tool_007,gen_restart
please restart the machine if that's ok,tool_007,gen_restart
"one more thing, please reboot my system?",tool_007,gen_restart
"hey claude, reboot the computer if that's ok",tool_007,gen_restart
"i was wondering, restart this pc if that's ok",tool_007,gen_restart
"yo, restart the pc for me if that's ok",tool_007,gen_restart
quick question - can you restart my computer asap,tool_007,gen_restart
"hey, restart now real quick",tool_007,gen_restart
please please restart my pc thanks a lot,tool_007,gen_restart
"so, reboot my machine?",tool_007,gen_restart
"i was wondering, reboot please thanks a lot",tool_007,gen_restart
"before i forget, can you restart my computer now",tool_007,gen_restart
"alright, restart now when you get a chance",tool_007,gen_restart
can you can you reboot the computer thanks a lot,tool_007,gen_restart
"so, reboot my computer for me thanks",tool_007,gen_restart
"so, restart the pc for me right now",tool_007,gen_restart
"hmm, restart the system now thanks",tool_007,gen_restart
"before i forget, restart now when you get a chance",tool_007,gen_restart
quick question - can you restart my computer if you can,tool_007,gen_restart
please i want to restart my computer now,tool_007,gen_restart
"hey, i want to restart my computer asap",tool_007,gen_restart
can you please reboot my system for a second,tool_007,gen_restart
"hmm, initiate a restart",tool_007,gen_restart
quick question - reboot my computer for me right now,tool_007,gen_restart
"hey, reboot the pc?",tool_007,gen_restart
"i was wondering, please reboot my system when you get a chance",tool_007,gen_restart
"yo, reboot please real quick",tool_007,gen_restart
can you restart the system thanks a lot,tool_007,gen_restart
please i need a reboot thanks,tool_007,gen_restart
restart now,tool_007,gen_restart
"one more thing, restart my pc please when you get a chance",tool_007,gen_restart
"i was wondering, restart everything",tool_007,gen_restart
quick question - please reboot my system thanks,tool_007,gen_restart
"hey claude, restart the system now if you can",tool_007,gen_restart
"alright, restart now thanks",tool_007,gen_restart
"yo, can you restart my computer please",tool_007,gen_restart
"i was wondering, can you reboot the computer asap",tool_007,gen_restart
"alright, initiate a restart please",tool_007,gen_restart
"hey, reboot the computer if you can",tool_007,gen_restart
can you restart everything,tool_007,gen_restart
"hmm, restart everything asap",tool_007,gen_restart
"before i forget, restart my pc please now",tool_007,gen_restart
"hey, restart this pc thanks",tool_007,gen_restart
please restart my pc asap,tool_007,gen_restart
quick question - reboot my computer for me now,tool_007,gen_restart
please restart my pc please when you get a chance,tool_007,gen_restart
"one more thing, restart the system now if you can",tool_007,gen_restart
"assistant, can you restart the system please",tool_007,gen_restart
"before i forget, can you restart my computer if you can",tool_007,gen_restart
"yo, reboot this machine when you have a moment",tool_007,gen_restart
"before i forget, reboot please right now",tool_007,gen_restart
"alright, reboot the pc right now",tool_007,gen_restart
"so, restart everything for a second",tool_007,gen_restart
"before i forget, reboot the computer when you have a moment",tool_007,gen_restart
"before i forget, i want to restart my computer now",tool_007,gen_restart
"assistant, reboot my machine thanks a lot",tool_007,gen_restart
please i need to restart my computer thanks a lot,tool_007,gen_restart
please initiate a restart when you get a chance,tool_007,gen_restart
"i was wondering, restart everything if that's ok",tool_007,gen_restart
"yo, reboot the computer for a second",tool_007,gen_restart
"alright, can you restart my computer right now",tool_007,gen_restart
"hmm, reboot this machine for a second",tool_007,gen_restart
"alright, restart the machine when you get a chance",tool_007,gen_restart
"i was wondering, restart my computer for a second",tool_007,gen_restart
can you restart now when you get a chance,tool_007,gen_restart
"yo, reboot my computer for me",tool_007,gen_restart
please restart this pc when you have a moment,tool_007,gen_restart
"i was wondering, i want to restart my computer thanks",tool_007,gen_restart
"before i forget, restart now thanks a lot",tool_007,gen_restart
"so, initiate a restart when you have a moment",tool_007,gen_restart
"assistant, reboot my machine for a second",tool_007,gen_restart
"one more thing, restart the machine right now",tool_007,gen_restart
please please restart the system?,tool_007,gen_restart
"hmm, i want to restart my computer please",tool_007,gen_restart
"i was wondering, reboot my computer for me real quick",tool_007,gen_restart
"one more thing, can you restart my computer thanks a lot",tool_007,gen_restart
"one more thing, reboot this machine for a second",tool_007,gen_restart
"alright, please restart the system thanks a lot",tool_007,gen_restart
quick question - i want to restart my computer please,tool_007,gen_restart
"real quick, please reboot my system real quick",tool_007,gen_restart
"hey claude, restart the machine for a second",tool_007,gen_restart
please restart my pc if you can,tool_007,gen_restart
"alright, can you restart my computer for me",tool_007,gen_restart
"so, restart the machine when you get a chance",tool_007,gen_restart
can you i want to restart my computer thanks,tool_007,gen_restart
"hmm, can you restart my computer for a second",tool_007,gen_restart
"so, reboot this machine for me",tool_007,gen_restart
"one more thing, reboot my machine when you have a moment",tool_007,gen_restart
"i was wondering, can you reboot my pc thanks",tool_007,gen_restart
"real quick, can you restart my computer for a second",tool_007,gen_restart
"assistant, restart my pc please please",tool_007,gen_restart
"hey, reboot the pc now",tool_007,gen_restart
"so, restart now?",tool_007,gen_restart
please restart everything real quick,tool_007,gen_restart
"i was wondering, i want to restart my computer right now",tool_007,gen_restart
can you i want to restart my computer if that's ok,tool_007,gen_restart
"one more thing, i want to restart my computer when you get a chance",tool_007,gen_restart
"one more thing, reboot the pc if that's ok",tool_007,gen_restart
can you reboot the computer if you can,tool_007,gen_restart
"real quick, i want to restart my computer when you get a chance",tool_007,gen_restart
"hey claude, can you reboot the computer?",tool_007,gen_restart
quick question - i need to restart my computer real quick,tool_007,gen_restart
"hey claude, restart this pc if that's ok",tool_007,gen_restart
"hey, please restart the system thanks",tool_007,gen_restart
quick question - restart the system now,tool_007,gen_restart
please restart everything right now,tool_007,gen_restart
"before i forget, i need to restart my computer now",tool_007,gen_restart
please can you restart my computer,tool_007,gen_restart
please restart my pc?,tool_007,gen_restart
"yo, reboot my machine when you have a moment",tool_007,gen_restart
"alright, restart the system now when you get a chance",tool_007,gen_restart
"assistant, restart the system now please",tool_007,gen_restart
"alright, restart my pc please right now",tool_007,gen_restart
"one more thing, initiate a restart",tool_007,gen_restart
"one more thing, can you reboot my pc",tool_007,gen_restart
"before i forget, restart this pc thanks",tool_007,gen_restart
"real quick, please reboot my system when you have a moment",tool_007,gen_restart
"alright, please restart the system right now",tool_007,gen_restart
"one more thing, please restart my pc right now",tool_007,gen_restart
please initiate a restart now,tool_007,gen_restart
can you restart the machine now,tool_007,gen_restart
could you can you restart the system for me,tool_007,gen_restart
"assistant, please restart the system if you can",tool_007,gen_restart
"alright, i need to restart my computer",tool_007,gen_restart
"assistant, reboot the pc if that's ok",tool_007,gen_restart
"hey claude, restart this pc please",tool_007,gen_restart
"hmm, reboot the computer now",tool_007,gen_restart
"so, i need to restart my computer when you get a chance",tool_007,gen_restart
"assistant, restart now right now",tool_007,gen_restart
"so, please reboot my system when you get a chance",tool_007,gen_restart
could you please restart my pc if that's ok,tool_007,gen_restart
"hey claude, please restart my pc for me",tool_007,gen_restart
please restart the pc for me?,tool_007,gen_restart
"so, restart this pc please",tool_007,gen_restart
"hey, please restart the system if you can",tool_007,gen_restart
"yo, can you reboot the computer thanks",tool_007,gen_restart
restart the machine asap,tool_007,gen_restart
quick question - can you restart my computer right now,tool_007,gen_restart
"one more thing, restart my computer for me",tool_007,gen_restart
"yo, i need to restart my computer thanks a lot",tool_007,gen_restart
can you please reboot my system asap,tool_007,gen_restart
"hey claude, reboot this machine thanks",tool_007,gen_restart
please reboot my system?,tool_007,gen_restart
"hmm, restart everything please",tool_007,gen_restart
can you please restart the system now,tool_007,gen_restart
could you i need to restart my computer asap,tool_007,gen_restart
"before i forget, restart the machine",tool_007,gen_restart
could you restart the system now when you get a chance,tool_007,gen_restart
"yo, restart now for a second",tool_007,gen_restart
"yo, restart the machine real quick",tool_007,gen_restart
quick question - reboot this machine if you can,tool_007,gen_restart
quick question - restart this pc if you can,tool_007,gen_restart
"hmm, reboot please now",tool_007,gen_restart
"hey, restart my computer",tool_007,gen_restart
"hmm, i need a reboot if that's ok",tool_007,gen_restart
"real quick, reboot my computer for me thanks a lot",tool_007,gen_restart
"one more thing, i need to restart my computer for a second",tool_007,gen_restart
"hmm, reboot the computer please",tool_007,gen_restart
"assistant, restart my computer now",tool_007,gen_restart
"hey claude, i need to restart my computer real quick",tool_007,gen_restart
"hey claude, can you restart the system please",tool_007,gen_restart
"hey claude, please reboot my system",tool_007,gen_restart
restart everything if you can,tool_007,gen_restart
"hmm, can you reboot the computer when you get a chance",tool_007,gen_restart
"real quick, i need a reboot if you can",tool_007,gen_restart
"assistant, restart the pc for me thanks a lot",tool_007,gen_restart
can you restart the system thanks,tool_007,gen_restart
quick question - reboot please for a second,tool_007,gen_restart
"assistant, i need a reboot right now",tool_007,gen_restart
please please reboot my system right now,tool_007,gen_restart
quick question - please restart my pc right now,tool_007,gen_restart
can you i need to restart my computer,tool_007,gen_restart
restart now now,tool_007,gen_restart
"before i forget, restart now if you can",tool_007,gen_restart
"hmm, i need to restart my computer thanks a lot",tool_007,gen_restart
quick question - restart my computer if that's ok,tool_007,gen_restart
please restart now when you get a chance,tool_007,gen_restart
"so, restart everything when you have a moment",tool_007,gen_restart
"one more thing, reboot my computer for me for a second",tool_007,gen_restart
"so, please restart the system right now",tool_007,gen_restart
"hey claude, can you reboot my pc right now",tool_007,gen_restart
can you please reboot my system if you can,tool_007,gen_restart
"i was wondering, restart the pc for me thanks",tool_007,gen_restart
please i need to restart my computer now,tool_007,gen_restart
"yo, can you reboot my pc?",tool_007,gen_restart
"i was wondering, can you reboot my pc for me",tool_007,gen_restart
could you can you reboot the computer right now,tool_007,gen_restart
please reboot please?,tool_007,gen_restart
i want to restart my computer thanks,tool_007,gen_restart
"hey claude, restart the system now when you get a chance",tool_007,gen_restart
"hey claude, reboot please when you get a chance",tool_007,gen_restart
could you can you restart the system real quick,tool_007,gen_restart
"hey, restart my pc please?",tool_007,gen_restart
"assistant, restart my computer when you get a chance",tool_007,gen_restart
"alright, can you restart the system for me",tool_007,gen_restart
"so, restart the pc for me for me",tool_007,gen_restart
"hey, reboot please",tool_007,gen_restart
could you can you restart the system if that's ok,tool_007,gen_restart
"hmm, restart the machine real quick",tool_007,gen_restart
please i want to restart my computer real quick,tool_007,gen_restart
quick question - please restart the system thanks,tool_007,gen_restart
"one more thing, i need to restart my computer?",tool_007,gen_restart
quick question - please reboot my system if that's ok,tool_007,gen_restart
"yo, i need to restart my computer for me",tool_007,gen_restart
"real quick, reboot my machine when you get a chance",tool_007,gen_restart
restart the system now thanks a lot,tool_007,gen_restart
"yo, restart everything",tool_007,gen_restart
"hey claude, i need a reboot now",tool_007,gen_restart
"before i forget, restart the machine if you can",tool_007,gen_restart
"hmm, can you reboot my pc asap",tool_007,gen_restart
"i was wondering, restart the system now please",tool_007,gen_restart
can you i need a reboot if that's ok,tool_007,gen_restart
can you can you restart the system?,tool_007,gen_restart
i need a reboot thanks a lot,tool_007,gen_restart
"hey claude, please restart the system if you can",tool_007,gen_restart
"so, reboot the pc",tool_007,gen_restart
could you initiate a restart,tool_007,gen_restart
"hey claude, i need to restart my computer asap",tool_007,gen_restart
"real quick, restart now asap",tool_007,gen_restart
please i need a reboot?,tool_007,gen_restart
"alright, reboot my machine thanks a lot",tool_007,gen_restart
"before i forget, restart my pc please if you can",tool_007,gen_restart
quick question - reboot the pc please,tool_007,gen_restart
"hey claude, can you reboot my pc thanks",tool_007,gen_restart
"one more thing, i want to restart my computer?",tool_007,gen_restart
please reboot this machine thanks,tool_007,gen_restart
"alright, restart my pc please when you get a chance",tool_007,gen_restart
could you can you restart the system for a second,tool_007,gen_restart
"hmm, i need a reboot when you have a moment",tool_007,gen_restart
quick question - i need to restart my computer?,tool_007,gen_restart
could you restart now please,tool_007,gen_restart
"one more thing, reboot the computer now",tool_007,gen_restart
"real quick, i need to restart my computer if that's ok",tool_007,gen_restart
"i was wondering, please reboot my system for me",tool_007,gen_restart
"before i forget, reboot my computer for me for me",tool_007,gen_restart
"hey, reboot my machine asap",tool_007,gen_restart
"before i forget, i need a reboot when you have a moment",tool_007,gen_restart
"one more thing, restart my computer when you have a moment",tool_007,gen_restart
"one more thing, can you restart the system for a second",tool_007,gen_restart
"i was wondering, restart everything when you have a moment",tool_007,gen_restart
"alright, can you restart my computer if that's ok",tool_007,gen_restart
quick question - initiate a restart right now,tool_007,gen_restart
can you reboot this machine thanks,tool_007,gen_restart
can you reboot the computer when you get a chance,tool_007,gen_restart
please restart the pc for me if you can,tool_007,gen_restart
"yo, reboot this machine please",tool_007,gen_restart
"real quick, reboot my machine",tool_007,gen_restart
can you can you restart my computer when you have a moment,tool_007,gen_restart
can you can you restart my computer right now,tool_007,gen_restart
could you restart my pc please now,tool_007,gen_restart
could you can you reboot the computer thanks a lot,tool_007,gen_restart
restart everything for me,tool_007,gen_restart
can you i need a reboot,tool_007,gen_restart
can you restart the system now?,tool_007,gen_restart
can you can you restart the system for a second,tool_007,gen_restart
"alright, restart now thanks a lot",tool_007,gen_restart
"one more thing, initiate a restart right now",tool_007,gen_restart
quick question - restart the system now for a second,tool_007,gen_restart
restart the machine real quick,tool_007,gen_restart
"before i forget, please restart my pc?",tool_007,gen_restart